patient_id,age,icd10_category,department,prototype_base_severity,ttc_category,ttc_points_30,success_rate,success_rate_points_20,age_factor_points_10,surgery_cost_inr,surety_amount_inr,funding_gap_inr,urgency_score_100
PV00001,41,I61,Neurosurgery,98,1-3d,10,0.6374,12.75,8,1000000,50000,950000,69.95
PV00002,32,S32,Orthopedics,82,1-3d,10,0.7805,15.61,8,750000,25000,725000,66.41
PV00003,53,C34,Oncology,74,2-6h,25,0.6452,12.9,6,150000,10000,140000,73.5
PV00004,63,S72,Orthopedics,76,<2h,30,0.99,19.8,4,750000,25000,725000,84.2
PV00005,35,S27,Trauma,88,6-24h,20,0.8412,16.82,8,50000,10000,40000,80.02
PV00006,70,G93,Neurology,80,2-6h,25,0.8326,16.65,4,75000,75000,0,77.65
PV00007,61,I61,Neurosurgery,98,6-24h,20,0.8432,16.86,4,500000,100000,400000,80.06
PV00008,29,C50,Oncology,65,>3d,5,0.8805,17.61,10,1000000,150000,850000,58.61
PV00009,81,A41,Critical Care,98,2-6h,25,0.9178,18.36,2,75000,25000,50000,84.56
PV00010,20,I61,Neurosurgery,98,6-24h,20,0.6636,13.27,10,500000,10000,490000,82.47
PV00011,62,O00,Obstetrics,96,1-3d,10,0.951,19.02,4,75000,75000,0,71.42
PV00012,47,C22,Oncology,73,6-24h,20,0.9446,18.89,6,500000,100000,400000,74.09
PV00013,62,K80,General Surgery,65,<2h,30,0.8134,16.27,4,750000,25000,725000,76.27
PV00014,70,K80,General Surgery,65,2-6h,25,0.8081,16.16,4,200000,200000,0,71.16
PV00015,64,N20,Urology,55,>3d,5,0.5097,10.19,4,75000,75000,0,41.19
PV00016,62,S32,Orthopedics,82,2-6h,25,0.6956,13.91,4,100000,100000,0,75.71
PV00017,75,O00,Obstetrics,96,1-3d,10,0.8719,17.44,2,300000,25000,275000,67.84
PV00018,65,S06,Neurosurgery,95,1-3d,10,0.9401,18.8,4,500000,50000,450000,70.8
PV00019,73,G93,Neurology,80,6-24h,20,0.8929,17.86,4,300000,25000,275000,73.86
PV00020,45,S72,Orthopedics,76,1-3d,10,0.8124,16.25,6,200000,100000,100000,62.65
PV00021,31,O00,Obstetrics,96,2-6h,25,0.99,19.8,8,400000,150000,250000,91.2
PV00022,33,S36,Trauma,90,6-24h,20,0.9205,18.41,8,1000000,150000,850000,82.41
PV00023,59,K56,General Surgery,85,6-24h,20,0.7806,15.61,6,500000,25000,475000,75.61
PV00024,54,N39,Urology,50,>3d,5,0.99,19.8,6,75000,75000,0,50.8
PV00025,23,S32,Orthopedics,82,2-6h,25,0.7104,14.21,10,75000,75000,0,82.01
PV00026,31,C34,Oncology,74,2-6h,25,0.6728,13.46,8,150000,0,150000,76.06
PV00027,83,S27,Trauma,88,>3d,5,0.7779,15.56,2,100000,100000,0,57.76
PV00028,67,T79,Trauma,92,2-6h,25,0.7441,14.88,4,500000,10000,490000,80.68
PV00029,69,N17,Nephrology,82,>3d,5,0.7835,15.67,4,1000000,10000,990000,57.47
PV00030,31,S72,Orthopedics,76,1-3d,10,0.8998,18.0,8,300000,0,300000,66.4
PV00031,22,S72,Orthopedics,76,1-3d,10,0.8166,16.33,10,750000,75000,675000,66.73
PV00032,37,A41,Critical Care,98,1-3d,10,0.8192,16.38,8,200000,0,200000,73.58
PV00033,76,I61,Neurosurgery,98,1-3d,10,0.8259,16.52,2,400000,75000,325000,67.72
PV00034,52,N17,Nephrology,82,2-6h,25,0.5888,11.78,6,500000,100000,400000,75.58
PV00035,71,I20,Cardiology,80,>3d,5,0.6685,13.37,4,100000,75000,25000,54.37
PV00036,51,I60,Neurosurgery,98,>3d,5,0.7815,15.63,6,500000,25000,475000,65.83
PV00037,51,G93,Neurology,80,>3d,5,0.7357,14.71,6,300000,25000,275000,57.71
PV00038,58,T79,Trauma,92,1-3d,10,0.7968,15.94,6,300000,100000,200000,68.74
PV00039,83,I71,Cardiovascular Surgery,99,1-3d,10,0.9604,19.21,2,100000,25000,75000,70.81
PV00040,47,C18,Oncology,72,1-3d,10,0.8126,16.25,6,150000,100000,50000,61.05
PV00041,58,K35,General Surgery,70,<2h,30,0.6878,13.76,6,750000,100000,650000,77.76
PV00042,80,K80,General Surgery,65,6-24h,20,0.7407,14.81,2,400000,75000,325000,62.81
PV00043,43,N20,Urology,55,1-3d,10,0.99,19.8,8,75000,25000,50000,59.8
PV00044,75,K85,General Surgery,82,1-3d,10,0.9732,19.46,2,300000,0,300000,64.26
PV00045,54,I61,Neurosurgery,98,6-24h,20,0.8796,17.59,6,400000,100000,300000,82.79
PV00046,77,C22,Oncology,73,6-24h,20,0.6638,13.28,2,500000,25000,475000,64.48
PV00047,49,S72,Orthopedics,76,1-3d,10,0.8507,17.01,6,750000,50000,700000,63.41
PV00048,60,I20,Cardiology,80,6-24h,20,0.8584,17.17,4,400000,0,400000,73.17
PV00049,39,C50,Oncology,65,>3d,5,0.8226,16.45,8,50000,50000,0,55.45
PV00050,61,S32,Orthopedics,82,1-3d,10,0.763,15.26,4,200000,200000,0,62.06
PV00051,40,K80,General Surgery,65,<2h,30,0.7837,15.67,8,100000,100000,0,79.67
PV00052,59,K56,General Surgery,85,<2h,30,0.756,15.12,6,50000,25000,25000,85.12
PV00053,71,K85,General Surgery,82,1-3d,10,0.7055,14.11,4,1000000,0,1000000,60.91
PV00054,47,O72,Obstetrics,95,6-24h,20,0.9566,19.13,6,75000,0,75000,83.13
PV00055,47,O72,Obstetrics,95,1-3d,10,0.9082,18.16,6,100000,50000,50000,72.16
PV00056,39,I60,Neurosurgery,98,2-6h,25,0.7915,15.83,8,150000,0,150000,88.03
PV00057,67,N17,Nephrology,82,<2h,30,0.8552,17.1,4,200000,10000,190000,83.9
PV00058,58,K35,General Surgery,70,6-24h,20,0.859,17.18,6,400000,75000,325000,71.18
PV00059,53,K80,General Surgery,65,1-3d,10,0.99,19.8,6,150000,0,150000,61.8
PV00060,19,C50,Oncology,65,>3d,5,0.9073,18.15,10,500000,75000,425000,59.15
PV00061,25,N39,Urology,50,>3d,5,0.9035,18.07,10,75000,75000,0,53.07
PV00062,18,K80,General Surgery,65,6-24h,20,0.8238,16.48,10,1000000,200000,800000,72.48
PV00063,75,K85,General Surgery,82,1-3d,10,0.7766,15.53,2,750000,200000,550000,60.33
PV00064,75,C22,Oncology,73,<2h,30,0.9583,19.17,2,300000,25000,275000,80.37
PV00065,22,S27,Trauma,88,1-3d,10,0.8852,17.7,10,50000,50000,0,72.9
PV00066,21,I74,Vascular Surgery,92,>3d,5,0.737,14.74,10,500000,0,500000,66.54
PV00067,71,N39,Urology,50,6-24h,20,0.8654,17.31,4,500000,10000,490000,61.31
PV00068,53,S36,Trauma,90,>3d,5,0.9037,18.07,6,400000,150000,250000,65.07
PV00069,39,I61,Neurosurgery,98,6-24h,20,0.6104,12.21,8,100000,10000,90000,79.41
PV00070,59,O72,Obstetrics,95,2-6h,25,0.7278,14.56,6,200000,25000,175000,83.56
PV00071,34,S32,Orthopedics,82,1-3d,10,0.8563,17.13,8,200000,50000,150000,67.93
PV00072,31,K56,General Surgery,85,>3d,5,0.6276,12.55,8,400000,25000,375000,59.55
PV00073,42,S72,Orthopedics,76,6-24h,20,0.6434,12.87,8,150000,100000,50000,71.27
PV00074,78,S06,Neurosurgery,95,1-3d,10,0.793,15.86,2,200000,200000,0,65.86
PV00075,70,C50,Oncology,65,2-6h,25,0.8692,17.38,4,1000000,75000,925000,72.38
PV00076,30,O72,Obstetrics,95,1-3d,10,0.8738,17.48,8,200000,75000,125000,73.48
PV00077,56,I74,Vascular Surgery,92,1-3d,10,0.9782,19.56,6,300000,100000,200000,72.36
PV00078,78,A41,Critical Care,98,2-6h,25,0.8282,16.56,2,1000000,50000,950000,82.76
PV00079,82,N17,Nephrology,82,1-3d,10,0.7827,15.65,2,1000000,50000,950000,60.45
PV00080,69,C50,Oncology,65,1-3d,10,0.6893,13.79,4,300000,200000,100000,53.79
PV00081,26,K92,Gastroenterology,88,6-24h,20,0.7815,15.63,10,100000,50000,50000,80.83
PV00082,34,S72,Orthopedics,76,6-24h,20,0.8908,17.82,8,75000,25000,50000,76.22
PV00083,32,K35,General Surgery,70,2-6h,25,0.8953,17.91,8,750000,0,750000,78.91
PV00084,28,T79,Trauma,92,>3d,5,0.8465,16.93,10,300000,0,300000,68.73
PV00085,29,C18,Oncology,72,1-3d,10,0.8747,17.49,10,300000,150000,150000,66.29
PV00086,39,N20,Urology,55,1-3d,10,0.9476,18.95,8,1000000,10000,990000,58.95
PV00087,55,I61,Neurosurgery,98,1-3d,10,0.8275,16.55,6,150000,100000,50000,71.75
PV00088,45,I74,Vascular Surgery,92,1-3d,10,0.9567,19.13,6,75000,0,75000,71.93
PV00089,46,S32,Orthopedics,82,2-6h,25,0.7473,14.95,6,400000,150000,250000,78.75
PV00090,34,T79,Trauma,92,6-24h,20,0.8127,16.25,8,1000000,50000,950000,81.05
PV00091,28,S72,Orthopedics,76,1-3d,10,0.7719,15.44,10,75000,75000,0,65.84
PV00092,85,T79,Trauma,92,2-6h,25,0.8993,17.99,2,1000000,150000,850000,81.79
PV00093,58,G93,Neurology,80,2-6h,25,0.7186,14.37,6,300000,75000,225000,77.37
PV00094,33,S36,Trauma,90,1-3d,10,0.7878,15.76,8,300000,200000,100000,69.76
PV00095,73,I20,Cardiology,80,>3d,5,0.634,12.68,4,1000000,200000,800000,53.68
PV00096,74,I71,Cardiovascular Surgery,99,1-3d,10,0.8794,17.59,4,150000,100000,50000,71.19
PV00097,83,J96,Critical Care,98,<2h,30,0.9447,18.89,2,500000,50000,450000,90.09
PV00098,28,C50,Oncology,65,>3d,5,0.9111,18.22,10,50000,50000,0,59.22
PV00099,61,C34,Oncology,74,2-6h,25,0.9013,18.03,4,400000,200000,200000,76.63
PV00100,84,K35,General Surgery,70,6-24h,20,0.9039,18.08,2,50000,50000,0,68.08
PV00101,72,T79,Trauma,92,>3d,5,0.89,17.8,4,50000,25000,25000,63.6
PV00102,33,K56,General Surgery,85,1-3d,10,0.8814,17.63,8,150000,25000,125000,69.63
PV00103,78,T79,Trauma,92,>3d,5,0.8879,17.76,2,150000,150000,0,61.56
PV00104,46,I21,Cardiology,95,1-3d,10,0.7544,15.09,6,500000,10000,490000,69.09
PV00105,51,S32,Orthopedics,82,1-3d,10,0.8,16.0,6,750000,0,750000,64.8
PV00106,55,S32,Orthopedics,82,6-24h,20,0.827,16.54,6,1000000,75000,925000,75.34
PV00107,70,S32,Orthopedics,82,6-24h,20,0.7864,15.73,4,400000,200000,200000,72.53
PV00108,26,C34,Oncology,74,>3d,5,0.6634,13.27,10,75000,25000,50000,57.87
PV00109,54,O72,Obstetrics,95,>3d,5,0.6965,13.93,6,400000,75000,325000,62.93
PV00110,73,N20,Urology,55,6-24h,20,0.843,16.86,4,200000,0,200000,62.86
PV00111,55,I71,Cardiovascular Surgery,99,6-24h,20,0.9106,18.21,6,300000,150000,150000,83.81
PV00112,36,S32,Orthopedics,82,6-24h,20,0.8209,16.42,8,300000,200000,100000,77.22
PV00113,21,N17,Nephrology,82,6-24h,20,0.99,19.8,10,750000,100000,650000,82.6
PV00114,55,S72,Orthopedics,76,>3d,5,0.728,14.56,6,150000,0,150000,55.96
PV00115,65,O00,Obstetrics,96,<2h,30,0.8645,17.29,4,1000000,0,1000000,89.69
PV00116,55,J18,Pulmonology,78,6-24h,20,0.9491,18.98,6,300000,100000,200000,76.18
PV00117,84,I60,Neurosurgery,98,>3d,5,0.9266,18.53,2,400000,10000,390000,64.73
PV00118,58,K35,General Surgery,70,1-3d,10,0.8855,17.71,6,1000000,0,1000000,61.71
PV00119,52,J96,Critical Care,98,6-24h,20,0.927,18.54,6,750000,200000,550000,83.74
PV00120,21,S06,Neurosurgery,95,6-24h,20,0.8255,16.51,10,200000,75000,125000,84.51
PV00121,55,S72,Orthopedics,76,<2h,30,0.9863,19.73,6,100000,75000,25000,86.13
PV00122,29,C50,Oncology,65,6-24h,20,0.9483,18.97,10,75000,75000,0,74.97
PV00123,67,C34,Oncology,74,2-6h,25,0.7348,14.7,4,150000,25000,125000,73.3
PV00124,28,O72,Obstetrics,95,2-6h,25,0.8522,17.04,10,400000,10000,390000,90.04
PV00125,79,G93,Neurology,80,2-6h,25,0.6653,13.31,2,500000,75000,425000,72.31
PV00126,38,N17,Nephrology,82,6-24h,20,0.9722,19.44,8,50000,0,50000,80.24
PV00127,47,I61,Neurosurgery,98,<2h,30,0.8424,16.85,6,200000,25000,175000,92.05
PV00128,27,K80,General Surgery,65,>3d,5,0.9549,19.1,10,1000000,75000,925000,60.1
PV00129,32,J18,Pulmonology,78,2-6h,25,0.8091,16.18,8,750000,200000,550000,80.38
PV00130,80,C34,Oncology,74,6-24h,20,0.6344,12.69,2,1000000,75000,925000,64.29
PV00131,37,N17,Nephrology,82,>3d,5,0.99,19.8,8,1000000,150000,850000,65.6
PV00132,52,N17,Nephrology,82,2-6h,25,0.8331,16.66,6,50000,25000,25000,80.46
PV00133,84,I61,Neurosurgery,98,6-24h,20,0.72,14.4,2,400000,0,400000,75.6
PV00134,60,N17,Nephrology,82,1-3d,10,0.9346,18.69,4,300000,50000,250000,65.49
PV00135,20,S32,Orthopedics,82,1-3d,10,0.99,19.8,10,200000,100000,100000,72.6
PV00136,42,I74,Vascular Surgery,92,2-6h,25,0.7998,16.0,8,500000,0,500000,85.8
PV00137,44,C18,Oncology,72,1-3d,10,0.8101,16.2,8,1000000,150000,850000,63.0
PV00138,36,I21,Cardiology,95,1-3d,10,0.8438,16.88,8,200000,25000,175000,72.88
PV00139,34,K85,General Surgery,82,6-24h,20,0.7089,14.18,8,400000,100000,300000,74.98
PV00140,52,S72,Orthopedics,76,<2h,30,0.7509,15.02,6,200000,200000,0,81.42
PV00141,43,C22,Oncology,73,<2h,30,0.99,19.8,8,400000,75000,325000,87.0
PV00142,38,A41,Critical Care,98,1-3d,10,0.8068,16.14,8,1000000,10000,990000,73.34
PV00143,46,I71,Cardiovascular Surgery,99,6-24h,20,0.7362,14.72,6,750000,25000,725000,80.32
PV00144,41,S27,Trauma,88,2-6h,25,0.7748,15.5,8,100000,50000,50000,83.7
PV00145,33,C22,Oncology,73,6-24h,20,0.9273,18.55,8,750000,200000,550000,75.75
PV00146,48,G93,Neurology,80,>3d,5,0.6224,12.45,6,300000,100000,200000,55.45
PV00147,82,I60,Neurosurgery,98,<2h,30,0.8455,16.91,2,300000,75000,225000,88.11
PV00148,52,J96,Critical Care,98,<2h,30,0.99,19.8,6,75000,75000,0,95.0
PV00149,58,T79,Trauma,92,6-24h,20,0.99,19.8,6,200000,10000,190000,82.6
PV00150,84,I60,Neurosurgery,98,1-3d,10,0.8773,17.55,2,150000,0,150000,68.75
PV00151,59,G93,Neurology,80,6-24h,20,0.9516,19.03,6,50000,50000,0,77.03
PV00152,33,I71,Cardiovascular Surgery,99,>3d,5,0.9507,19.01,8,750000,75000,675000,71.61
PV00153,45,N39,Urology,50,<2h,30,0.8074,16.15,6,75000,25000,50000,72.15
PV00154,51,I71,Cardiovascular Surgery,99,6-24h,20,0.9125,18.25,6,500000,100000,400000,83.85
PV00155,50,S72,Orthopedics,76,6-24h,20,0.99,19.8,6,500000,10000,490000,76.2
PV00156,28,C34,Oncology,74,6-24h,20,0.6936,13.87,10,400000,10000,390000,73.47
PV00157,25,S06,Neurosurgery,95,6-24h,20,0.8777,17.55,10,750000,200000,550000,85.55
PV00158,41,N17,Nephrology,82,1-3d,10,0.8561,17.12,8,75000,0,75000,67.92
PV00159,80,O00,Obstetrics,96,6-24h,20,0.8303,16.61,2,50000,50000,0,77.01
PV00160,66,S32,Orthopedics,82,1-3d,10,0.8215,16.43,4,750000,150000,600000,63.23
PV00161,75,C22,Oncology,73,2-6h,25,0.8432,16.86,2,75000,75000,0,73.06
PV00162,29,C34,Oncology,74,1-3d,10,0.8516,17.03,10,100000,50000,50000,66.63
PV00163,46,S27,Trauma,88,6-24h,20,0.9319,18.64,6,400000,25000,375000,79.84
PV00164,57,S27,Trauma,88,1-3d,10,0.8677,17.35,6,300000,0,300000,68.55
PV00165,47,S27,Trauma,88,2-6h,25,0.8022,16.04,6,100000,0,100000,82.24
PV00166,46,T79,Trauma,92,>3d,5,0.736,14.72,6,100000,75000,25000,62.52
PV00167,42,I74,Vascular Surgery,92,>3d,5,0.7728,15.46,8,750000,75000,675000,65.26
PV00168,21,K56,General Surgery,85,1-3d,10,0.8461,16.92,10,300000,50000,250000,70.92
PV00169,76,K85,General Surgery,82,>3d,5,0.7494,14.99,2,1000000,25000,975000,54.79
PV00170,81,I21,Cardiology,95,2-6h,25,0.9146,18.29,2,300000,0,300000,83.29
PV00171,23,S06,Neurosurgery,95,6-24h,20,0.863,17.26,10,400000,0,400000,85.26
PV00172,46,I61,Neurosurgery,98,6-24h,20,0.9344,18.69,6,150000,25000,125000,83.89
PV00173,53,S32,Orthopedics,82,>3d,5,0.7561,15.12,6,50000,50000,0,58.92
PV00174,71,N20,Urology,55,2-6h,25,0.7369,14.74,4,300000,25000,275000,65.74
PV00175,85,C50,Oncology,65,2-6h,25,0.9336,18.67,2,500000,0,500000,71.67
PV00176,46,S72,Orthopedics,76,1-3d,10,0.833,16.66,6,200000,75000,125000,63.06
PV00177,68,N20,Urology,55,2-6h,25,0.7997,15.99,4,750000,10000,740000,66.99
PV00178,81,K35,General Surgery,70,1-3d,10,0.8899,17.8,2,400000,50000,350000,57.8
PV00179,74,N39,Urology,50,6-24h,20,0.8861,17.72,4,300000,100000,200000,61.72
PV00180,37,O00,Obstetrics,96,1-3d,10,0.6944,13.89,8,300000,0,300000,70.29
PV00181,73,K92,Gastroenterology,88,>3d,5,0.9585,19.17,4,100000,100000,0,63.37
PV00182,46,K35,General Surgery,70,1-3d,10,0.779,15.58,6,750000,100000,650000,59.58
PV00183,19,O72,Obstetrics,95,2-6h,25,0.99,19.8,10,50000,50000,0,92.8
PV00184,69,C50,Oncology,65,<2h,30,0.6866,13.73,4,50000,50000,0,73.73
PV00185,74,O72,Obstetrics,95,<2h,30,0.8517,17.03,4,500000,200000,300000,89.03
PV00186,41,S72,Orthopedics,76,2-6h,25,0.8014,16.03,8,50000,50000,0,79.43
PV00187,48,K35,General Surgery,70,1-3d,10,0.6225,12.45,6,300000,0,300000,56.45
PV00188,42,S36,Trauma,90,6-24h,20,0.8858,17.72,8,75000,0,75000,81.72
PV00189,25,J96,Critical Care,98,6-24h,20,0.6276,12.55,10,400000,10000,390000,81.75
PV00190,85,I74,Vascular Surgery,92,2-6h,25,0.7908,15.82,2,75000,0,75000,79.62
PV00191,19,C50,Oncology,65,>3d,5,0.9304,18.61,10,100000,100000,0,59.61
PV00192,55,C18,Oncology,72,2-6h,25,0.767,15.34,6,300000,200000,100000,75.14
PV00193,19,C18,Oncology,72,6-24h,20,0.7296,14.59,10,150000,75000,75000,73.39
PV00194,64,K85,General Surgery,82,6-24h,20,0.9,18.0,4,100000,10000,90000,74.8
PV00195,79,K92,Gastroenterology,88,<2h,30,0.795,15.9,2,50000,50000,0,83.1
PV00196,61,I61,Neurosurgery,98,>3d,5,0.7795,15.59,4,50000,25000,25000,63.79
PV00197,59,K85,General Surgery,82,2-6h,25,0.9475,18.95,6,75000,75000,0,82.75
PV00198,74,S06,Neurosurgery,95,1-3d,10,0.7033,14.07,4,100000,100000,0,66.07
PV00199,84,K85,General Surgery,82,1-3d,10,0.774,15.48,2,75000,50000,25000,60.28
PV00200,76,K92,Gastroenterology,88,1-3d,10,0.9066,18.13,2,300000,150000,150000,65.33
PV00201,33,K85,General Surgery,82,1-3d,10,0.6968,13.94,8,750000,100000,650000,64.74
PV00202,56,N39,Urology,50,1-3d,10,0.99,19.8,6,500000,200000,300000,55.8
PV00203,73,O72,Obstetrics,95,6-24h,20,0.7983,15.97,4,150000,75000,75000,77.97
PV00204,38,C50,Oncology,65,6-24h,20,0.9075,18.15,8,200000,50000,150000,72.15
PV00205,63,S72,Orthopedics,76,1-3d,10,0.9072,18.14,4,500000,0,500000,62.54
PV00206,19,J96,Critical Care,98,1-3d,10,0.8048,16.1,10,1000000,200000,800000,75.3
PV00207,77,K80,General Surgery,65,6-24h,20,0.7721,15.44,2,300000,150000,150000,63.44
PV00208,59,C22,Oncology,73,2-6h,25,0.8157,16.31,6,75000,0,75000,76.51
PV00209,68,J96,Critical Care,98,6-24h,20,0.8913,17.83,4,750000,75000,675000,81.03
PV00210,74,S32,Orthopedics,82,6-24h,20,0.7214,14.43,4,300000,150000,150000,71.23
PV00211,32,J96,Critical Care,98,<2h,30,0.6997,13.99,8,50000,50000,0,91.19
PV00212,48,N20,Urology,55,6-24h,20,0.9684,19.37,6,100000,25000,75000,67.37
PV00213,76,S32,Orthopedics,82,<2h,30,0.7465,14.93,2,300000,10000,290000,79.73
PV00214,29,S72,Orthopedics,76,1-3d,10,0.8554,17.11,10,750000,200000,550000,67.51
PV00215,73,K80,General Surgery,65,1-3d,10,0.7998,16.0,4,750000,25000,725000,56.0
PV00216,37,I71,Cardiovascular Surgery,99,1-3d,10,0.8042,16.08,8,75000,75000,0,73.68
PV00217,57,I61,Neurosurgery,98,1-3d,10,0.963,19.26,6,500000,50000,450000,74.46
PV00218,52,I61,Neurosurgery,98,<2h,30,0.8115,16.23,6,1000000,150000,850000,91.43
PV00219,64,S72,Orthopedics,76,<2h,30,0.7843,15.69,4,500000,10000,490000,80.09
PV00220,74,N39,Urology,50,1-3d,10,0.793,15.86,4,500000,75000,425000,49.86
PV00221,41,S06,Neurosurgery,95,1-3d,10,0.7697,15.39,8,500000,75000,425000,71.39
PV00222,29,S72,Orthopedics,76,1-3d,10,0.753,15.06,10,300000,10000,290000,65.46
PV00223,46,N20,Urology,55,1-3d,10,0.7701,15.4,6,400000,100000,300000,53.4
PV00224,59,A41,Critical Care,98,1-3d,10,0.9863,19.73,6,300000,50000,250000,74.93
PV00225,69,N20,Urology,55,1-3d,10,0.8911,17.82,4,1000000,100000,900000,53.82
PV00226,69,I74,Vascular Surgery,92,1-3d,10,0.7855,15.71,4,150000,0,150000,66.51
PV00227,41,T79,Trauma,92,1-3d,10,0.9182,18.36,8,500000,0,500000,73.16
PV00228,81,J18,Pulmonology,78,<2h,30,0.6613,13.23,2,50000,50000,0,76.43
PV00229,23,N17,Nephrology,82,<2h,30,0.9576,19.15,10,200000,200000,0,91.95
PV00230,25,K56,General Surgery,85,6-24h,20,0.9495,18.99,10,1000000,0,1000000,82.99
PV00231,19,S72,Orthopedics,76,1-3d,10,0.99,19.8,10,100000,0,100000,70.2
PV00232,80,G93,Neurology,80,1-3d,10,0.9212,18.42,2,500000,25000,475000,62.42
PV00233,30,I21,Cardiology,95,6-24h,20,0.8637,17.27,8,300000,0,300000,83.27
PV00234,58,K80,General Surgery,65,6-24h,20,0.9491,18.98,6,75000,10000,65000,70.98
PV00235,73,O72,Obstetrics,95,1-3d,10,0.7574,15.15,4,75000,75000,0,67.15
PV00236,70,N20,Urology,55,6-24h,20,0.7805,15.61,4,75000,75000,0,61.61
PV00237,82,C34,Oncology,74,1-3d,10,0.8136,16.27,2,200000,100000,100000,57.87
PV00238,21,S27,Trauma,88,2-6h,25,0.9569,19.14,10,150000,50000,100000,89.34
PV00239,45,I74,Vascular Surgery,92,6-24h,20,0.7344,14.69,6,750000,10000,740000,77.49
PV00240,52,C18,Oncology,72,6-24h,20,0.7238,14.48,6,500000,75000,425000,69.28
PV00241,65,K35,General Surgery,70,6-24h,20,0.8437,16.87,4,75000,75000,0,68.87
PV00242,60,J18,Pulmonology,78,<2h,30,0.8918,17.84,4,300000,10000,290000,83.04
PV00243,56,I61,Neurosurgery,98,6-24h,20,0.7497,14.99,6,500000,75000,425000,80.19
PV00244,38,C34,Oncology,74,6-24h,20,0.887,17.74,8,400000,25000,375000,75.34
PV00245,25,C18,Oncology,72,6-24h,20,0.9568,19.14,10,50000,25000,25000,77.94
PV00246,47,I61,Neurosurgery,98,1-3d,10,0.94,18.8,6,50000,50000,0,74.0
PV00247,35,K80,General Surgery,65,<2h,30,0.8553,17.11,8,300000,10000,290000,81.11
PV00248,55,S27,Trauma,88,6-24h,20,0.8109,16.22,6,1000000,10000,990000,77.42
PV00249,72,S32,Orthopedics,82,<2h,30,0.99,19.8,4,50000,0,50000,86.6
PV00250,55,I60,Neurosurgery,98,>3d,5,0.8215,16.43,6,75000,75000,0,66.63
PV00251,57,K56,General Surgery,85,1-3d,10,0.914,18.28,6,75000,75000,0,68.28
PV00252,20,O72,Obstetrics,95,>3d,5,0.99,19.8,10,150000,50000,100000,72.8
PV00253,61,K56,General Surgery,85,>3d,5,0.9035,18.07,4,750000,75000,675000,61.07
PV00254,47,I74,Vascular Surgery,92,6-24h,20,0.7203,14.41,6,1000000,200000,800000,77.21
PV00255,26,C34,Oncology,74,1-3d,10,0.6961,13.92,10,150000,150000,0,63.52
PV00256,32,K35,General Surgery,70,6-24h,20,0.7902,15.8,8,500000,10000,490000,71.8
PV00257,71,C50,Oncology,65,>3d,5,0.8909,17.82,4,50000,50000,0,52.82
PV00258,80,S06,Neurosurgery,95,6-24h,20,0.8645,17.29,2,300000,50000,250000,77.29
PV00259,52,K56,General Surgery,85,6-24h,20,0.99,19.8,6,400000,200000,200000,79.8
PV00260,84,J18,Pulmonology,78,>3d,5,0.8635,17.27,2,750000,200000,550000,55.47
PV00261,30,S32,Orthopedics,82,1-3d,10,0.7873,15.75,8,750000,0,750000,66.55
PV00262,38,K56,General Surgery,85,>3d,5,0.7067,14.13,8,50000,50000,0,61.13
PV00263,81,I71,Cardiovascular Surgery,99,<2h,30,0.938,18.76,2,200000,10000,190000,90.36
PV00264,29,N39,Urology,50,6-24h,20,0.8194,16.39,10,50000,50000,0,66.39
PV00265,62,C22,Oncology,73,6-24h,20,0.6694,13.39,4,50000,50000,0,66.59
PV00266,32,J18,Pulmonology,78,6-24h,20,0.8222,16.44,8,75000,0,75000,75.64
PV00267,40,S72,Orthopedics,76,6-24h,20,0.7204,14.41,8,1000000,0,1000000,72.81
PV00268,50,K85,General Surgery,82,6-24h,20,0.7774,15.55,6,100000,50000,50000,74.35
PV00269,42,C18,Oncology,72,1-3d,10,0.8206,16.41,8,500000,75000,425000,63.21
PV00270,77,J18,Pulmonology,78,6-24h,20,0.7295,14.59,2,500000,75000,425000,67.79
PV00271,84,I71,Cardiovascular Surgery,99,1-3d,10,0.7712,15.42,2,750000,200000,550000,67.02
PV00272,52,I21,Cardiology,95,>3d,5,0.7456,14.91,6,300000,25000,275000,63.91
PV00273,53,K35,General Surgery,70,1-3d,10,0.7483,14.97,6,1000000,100000,900000,58.97
PV00274,21,K92,Gastroenterology,88,6-24h,20,0.7192,14.38,10,200000,10000,190000,79.58
PV00275,33,S27,Trauma,88,2-6h,25,0.7717,15.43,8,500000,50000,450000,83.63
PV00276,20,O72,Obstetrics,95,2-6h,25,0.7305,14.61,10,500000,75000,425000,87.61
PV00277,76,O72,Obstetrics,95,1-3d,10,0.8787,17.57,2,300000,50000,250000,67.57
PV00278,33,S32,Orthopedics,82,6-24h,20,0.8401,16.8,8,150000,10000,140000,77.6
PV00279,41,I60,Neurosurgery,98,<2h,30,0.9395,18.79,8,75000,10000,65000,95.99
PV00280,75,I61,Neurosurgery,98,>3d,5,0.99,19.8,2,50000,50000,0,66.0
PV00281,66,I71,Cardiovascular Surgery,99,1-3d,10,0.8877,17.75,4,200000,200000,0,71.35
PV00282,60,O72,Obstetrics,95,1-3d,10,0.865,17.3,4,150000,0,150000,69.3
PV00283,20,C50,Oncology,65,6-24h,20,0.894,17.88,10,100000,10000,90000,73.88
PV00284,56,O72,Obstetrics,95,>3d,5,0.8667,17.33,6,500000,200000,300000,66.33
PV00285,56,S72,Orthopedics,76,2-6h,25,0.825,16.5,6,75000,0,75000,77.9
PV00286,39,K92,Gastroenterology,88,2-6h,25,0.8171,16.34,8,200000,75000,125000,84.54
PV00287,68,K35,General Surgery,70,>3d,5,0.7178,14.36,4,200000,25000,175000,51.36
PV00288,81,J18,Pulmonology,78,>3d,5,0.9039,18.08,2,1000000,200000,800000,56.28
PV00289,35,N17,Nephrology,82,6-24h,20,0.8169,16.34,8,75000,75000,0,77.14
PV00290,40,O72,Obstetrics,95,2-6h,25,0.965,19.3,8,750000,150000,600000,90.3
PV00291,39,T79,Trauma,92,6-24h,20,0.9115,18.23,8,400000,0,400000,83.03
PV00292,74,I71,Cardiovascular Surgery,99,1-3d,10,0.7574,15.15,4,500000,10000,490000,68.75
PV00293,23,K92,Gastroenterology,88,1-3d,10,0.9447,18.89,10,500000,150000,350000,74.09
PV00294,78,I74,Vascular Surgery,92,6-24h,20,0.5639,11.28,2,500000,10000,490000,70.08
PV00295,70,N17,Nephrology,82,<2h,30,0.99,19.8,4,200000,50000,150000,86.6
PV00296,50,O00,Obstetrics,96,1-3d,10,0.6862,13.72,6,300000,0,300000,68.12
PV00297,57,G93,Neurology,80,1-3d,10,0.8695,17.39,6,150000,0,150000,65.39
PV00298,78,S72,Orthopedics,76,6-24h,20,0.8627,17.25,2,1000000,100000,900000,69.65
PV00299,70,I71,Cardiovascular Surgery,99,1-3d,10,0.9324,18.65,4,100000,10000,90000,72.25
PV00300,36,I21,Cardiology,95,>3d,5,0.7871,15.74,8,300000,10000,290000,66.74
PV00301,21,K85,General Surgery,82,6-24h,20,0.6054,12.11,10,100000,100000,0,74.91
PV00302,62,T79,Trauma,92,1-3d,10,0.7873,15.75,4,150000,100000,50000,66.55
PV00303,27,I21,Cardiology,95,1-3d,10,0.7981,15.96,10,1000000,10000,990000,73.96
PV00304,23,I20,Cardiology,80,1-3d,10,0.6151,12.3,10,75000,75000,0,64.3
PV00305,84,N17,Nephrology,82,>3d,5,0.8245,16.49,2,750000,200000,550000,56.29
PV00306,50,K35,General Surgery,70,1-3d,10,0.7124,14.25,6,750000,50000,700000,58.25
PV00307,62,I74,Vascular Surgery,92,6-24h,20,0.8849,17.7,4,150000,50000,100000,78.5
PV00308,32,N17,Nephrology,82,2-6h,25,0.7954,15.91,8,150000,100000,50000,81.71
PV00309,24,I74,Vascular Surgery,92,1-3d,10,0.99,19.8,10,50000,10000,40000,76.6
PV00310,22,S06,Neurosurgery,95,2-6h,25,0.7944,15.89,10,500000,200000,300000,88.89
PV00311,42,C34,Oncology,74,<2h,30,0.863,17.26,8,400000,10000,390000,84.86
PV00312,18,C50,Oncology,65,6-24h,20,0.7987,15.97,10,1000000,150000,850000,71.97
PV00313,46,S06,Neurosurgery,95,1-3d,10,0.6577,13.15,6,100000,75000,25000,67.15
PV00314,40,I71,Cardiovascular Surgery,99,>3d,5,0.7995,15.99,8,150000,10000,140000,68.59
PV00315,53,J96,Critical Care,98,1-3d,10,0.8953,17.91,6,400000,50000,350000,73.11
PV00316,58,C34,Oncology,74,1-3d,10,0.8802,17.6,6,150000,25000,125000,63.2
PV00317,38,N20,Urology,55,6-24h,20,0.7907,15.81,8,150000,150000,0,65.81
PV00318,48,N20,Urology,55,6-24h,20,0.6743,13.49,6,75000,75000,0,61.49
PV00319,23,K92,Gastroenterology,88,>3d,5,0.8844,17.69,10,1000000,25000,975000,67.89
PV00320,38,S32,Orthopedics,82,6-24h,20,0.8619,17.24,8,200000,25000,175000,78.04
PV00321,84,I74,Vascular Surgery,92,1-3d,10,0.9043,18.09,2,500000,10000,490000,66.89
PV00322,85,S06,Neurosurgery,95,1-3d,10,0.7926,15.85,2,400000,75000,325000,65.85
PV00323,51,C18,Oncology,72,6-24h,20,0.6516,13.03,6,300000,75000,225000,67.83
PV00324,81,N39,Urology,50,1-3d,10,0.8734,17.47,2,150000,150000,0,49.47
PV00325,52,C22,Oncology,73,2-6h,25,0.8191,16.38,6,150000,100000,50000,76.58
PV00326,26,A41,Critical Care,98,<2h,30,0.9592,19.18,10,200000,50000,150000,98.38
PV00327,77,J96,Critical Care,98,6-24h,20,0.8229,16.46,2,75000,25000,50000,77.66
PV00328,46,I60,Neurosurgery,98,2-6h,25,0.8155,16.31,6,300000,25000,275000,86.51
PV00329,59,K35,General Surgery,70,6-24h,20,0.8617,17.23,6,50000,50000,0,71.23
PV00330,62,N17,Nephrology,82,>3d,5,0.7603,15.21,4,100000,10000,90000,57.01
PV00331,38,N17,Nephrology,82,6-24h,20,0.7555,15.11,8,400000,0,400000,75.91
PV00332,67,S36,Trauma,90,1-3d,10,0.8102,16.2,4,50000,50000,0,66.2
PV00333,52,I74,Vascular Surgery,92,1-3d,10,0.728,14.56,6,50000,0,50000,67.36
PV00334,42,T79,Trauma,92,<2h,30,0.7971,15.94,8,100000,10000,90000,90.74
PV00335,38,S72,Orthopedics,76,2-6h,25,0.99,19.8,8,500000,75000,425000,83.2
PV00336,68,T79,Trauma,92,>3d,5,0.9243,18.49,4,750000,10000,740000,64.29
PV00337,34,K92,Gastroenterology,88,1-3d,10,0.8508,17.02,8,50000,50000,0,70.22
PV00338,26,I74,Vascular Surgery,92,>3d,5,0.9752,19.5,10,100000,75000,25000,71.3
PV00339,77,A41,Critical Care,98,6-24h,20,0.7375,14.75,2,50000,0,50000,75.95
PV00340,40,K92,Gastroenterology,88,1-3d,10,0.99,19.8,8,50000,50000,0,73.0
PV00341,61,C34,Oncology,74,1-3d,10,0.7739,15.48,4,1000000,150000,850000,59.08
PV00342,66,I71,Cardiovascular Surgery,99,>3d,5,0.99,19.8,4,200000,50000,150000,68.4
PV00343,75,C18,Oncology,72,<2h,30,0.99,19.8,2,500000,100000,400000,80.6
PV00344,60,O00,Obstetrics,96,>3d,5,0.6447,12.89,4,400000,75000,325000,60.29
PV00345,66,N39,Urology,50,6-24h,20,0.9667,19.33,4,200000,50000,150000,63.33
PV00346,74,J96,Critical Care,98,1-3d,10,0.7916,15.83,4,500000,75000,425000,69.03
PV00347,82,C22,Oncology,73,1-3d,10,0.7632,15.26,2,100000,50000,50000,56.46
PV00348,21,K92,Gastroenterology,88,1-3d,10,0.8725,17.45,10,200000,0,200000,72.65
PV00349,68,K56,General Surgery,85,6-24h,20,0.7192,14.38,4,150000,50000,100000,72.38
PV00350,29,K35,General Surgery,70,1-3d,10,0.8702,17.4,10,300000,50000,250000,65.4
PV00351,78,O00,Obstetrics,96,6-24h,20,0.7259,14.52,2,100000,100000,0,74.92
PV00352,21,I60,Neurosurgery,98,6-24h,20,0.8377,16.75,10,500000,100000,400000,85.95
PV00353,34,I71,Cardiovascular Surgery,99,1-3d,10,0.9535,19.07,8,750000,75000,675000,76.67
PV00354,31,S72,Orthopedics,76,1-3d,10,0.8587,17.17,8,750000,50000,700000,65.57
PV00355,59,C22,Oncology,73,6-24h,20,0.784,15.68,6,750000,100000,650000,70.88
PV00356,18,C22,Oncology,73,1-3d,10,0.8741,17.48,10,400000,200000,200000,66.68
PV00357,19,K35,General Surgery,70,6-24h,20,0.6794,13.59,10,500000,150000,350000,71.59
PV00358,52,I20,Cardiology,80,1-3d,10,0.7361,14.72,6,400000,10000,390000,62.72
PV00359,84,I61,Neurosurgery,98,1-3d,10,0.777,15.54,2,1000000,25000,975000,66.74
PV00360,53,K80,General Surgery,65,1-3d,10,0.8987,17.97,6,50000,50000,0,59.97
PV00361,48,G93,Neurology,80,1-3d,10,0.8606,17.21,6,75000,75000,0,65.21
PV00362,62,I20,Cardiology,80,1-3d,10,0.8735,17.47,4,200000,100000,100000,63.47
PV00363,55,A41,Critical Care,98,2-6h,25,0.8173,16.35,6,400000,150000,250000,86.55
PV00364,44,I20,Cardiology,80,1-3d,10,0.7412,14.82,8,750000,75000,675000,64.82
PV00365,58,S06,Neurosurgery,95,<2h,30,0.9688,19.38,6,50000,50000,0,93.38
PV00366,18,O00,Obstetrics,96,2-6h,25,0.7502,15.0,10,75000,0,75000,88.4
PV00367,34,O72,Obstetrics,95,1-3d,10,0.8619,17.24,8,750000,10000,740000,73.24
PV00368,63,I74,Vascular Surgery,92,6-24h,20,0.8088,16.18,4,150000,75000,75000,76.98
PV00369,41,I21,Cardiology,95,6-24h,20,0.8763,17.53,8,50000,50000,0,83.53
PV00370,21,S32,Orthopedics,82,>3d,5,0.7595,15.19,10,400000,200000,200000,62.99
PV00371,26,K85,General Surgery,82,6-24h,20,0.9253,18.51,10,750000,100000,650000,81.31
PV00372,76,C34,Oncology,74,<2h,30,0.9578,19.16,2,1000000,50000,950000,80.76
PV00373,40,S27,Trauma,88,2-6h,25,0.9191,18.38,8,750000,75000,675000,86.58
PV00374,19,S36,Trauma,90,6-24h,20,0.8358,16.72,10,50000,0,50000,82.72
PV00375,67,I20,Cardiology,80,1-3d,10,0.7765,15.53,4,75000,50000,25000,61.53
PV00376,54,I61,Neurosurgery,98,1-3d,10,0.99,19.8,6,750000,0,750000,75.0
PV00377,48,K80,General Surgery,65,1-3d,10,0.7208,14.42,6,400000,10000,390000,56.42
PV00378,78,K80,General Surgery,65,6-24h,20,0.9081,18.16,2,100000,50000,50000,66.16
PV00379,39,S36,Trauma,90,1-3d,10,0.8533,17.07,8,150000,0,150000,71.07
PV00380,56,J96,Critical Care,98,<2h,30,0.8137,16.27,6,750000,10000,740000,91.47
PV00381,68,I21,Cardiology,95,1-3d,10,0.8385,16.77,4,1000000,200000,800000,68.77
PV00382,59,K92,Gastroenterology,88,1-3d,10,0.769,15.38,6,750000,150000,600000,66.58
PV00383,32,K92,Gastroenterology,88,<2h,30,0.8627,17.25,8,200000,75000,125000,90.45
PV00384,64,J96,Critical Care,98,1-3d,10,0.8517,17.03,4,500000,200000,300000,70.23
PV00385,68,I21,Cardiology,95,1-3d,10,0.99,19.8,4,50000,0,50000,71.8
PV00386,26,S06,Neurosurgery,95,6-24h,20,0.9271,18.54,10,1000000,200000,800000,86.54
PV00387,29,I61,Neurosurgery,98,1-3d,10,0.8716,17.43,10,100000,50000,50000,76.63
PV00388,63,T79,Trauma,92,1-3d,10,0.8776,17.55,4,1000000,25000,975000,68.35
PV00389,26,I20,Cardiology,80,2-6h,25,0.99,19.8,10,50000,50000,0,86.8
PV00390,77,K35,General Surgery,70,2-6h,25,0.723,14.46,2,1000000,50000,950000,69.46
PV00391,25,K80,General Surgery,65,1-3d,10,0.8017,16.03,10,300000,75000,225000,62.03
PV00392,84,K56,General Surgery,85,>3d,5,0.6293,12.59,2,300000,25000,275000,53.59
PV00393,63,S36,Trauma,90,1-3d,10,0.8759,17.52,4,400000,75000,325000,67.52
PV00394,48,J18,Pulmonology,78,1-3d,10,0.9048,18.1,6,200000,10000,190000,65.3
PV00395,36,N20,Urology,55,1-3d,10,0.7204,14.41,8,1000000,10000,990000,54.41
PV00396,41,I20,Cardiology,80,6-24h,20,0.9635,19.27,8,75000,75000,0,79.27
PV00397,68,I60,Neurosurgery,98,<2h,30,0.7481,14.96,4,400000,200000,200000,88.16
PV00398,69,K56,General Surgery,85,6-24h,20,0.7858,15.72,4,100000,10000,90000,73.72
PV00399,32,I71,Cardiovascular Surgery,99,>3d,5,0.832,16.64,8,50000,50000,0,69.24
PV00400,54,I74,Vascular Surgery,92,1-3d,10,0.9794,19.59,6,400000,0,400000,72.39
PV00401,85,C22,Oncology,73,>3d,5,0.7342,14.68,2,400000,75000,325000,50.88
PV00402,35,S32,Orthopedics,82,2-6h,25,0.8491,16.98,8,75000,75000,0,82.78
PV00403,65,I74,Vascular Surgery,92,6-24h,20,0.8975,17.95,4,500000,25000,475000,78.75
PV00404,29,C22,Oncology,73,1-3d,10,0.8768,17.54,10,1000000,150000,850000,66.74
PV00405,74,O72,Obstetrics,95,2-6h,25,0.8805,17.61,4,400000,50000,350000,84.61
PV00406,29,O00,Obstetrics,96,2-6h,25,0.8962,17.92,10,100000,100000,0,91.32
PV00407,38,S72,Orthopedics,76,1-3d,10,0.7645,15.29,8,50000,50000,0,63.69
PV00408,49,K35,General Surgery,70,1-3d,10,0.9888,19.78,6,50000,25000,25000,63.78
PV00409,43,K92,Gastroenterology,88,1-3d,10,0.8089,16.18,8,400000,25000,375000,69.38
PV00410,29,I21,Cardiology,95,6-24h,20,0.7956,15.91,10,100000,100000,0,83.91
PV00411,61,K56,General Surgery,85,6-24h,20,0.9548,19.1,4,150000,50000,100000,77.1
PV00412,19,A41,Critical Care,98,<2h,30,0.7569,15.14,10,50000,50000,0,94.34
PV00413,84,I71,Cardiovascular Surgery,99,2-6h,25,0.852,17.04,2,200000,75000,125000,83.64
PV00414,21,S06,Neurosurgery,95,6-24h,20,0.7477,14.95,10,75000,0,75000,82.95
PV00415,40,I21,Cardiology,95,6-24h,20,0.99,19.8,8,200000,10000,190000,85.8
PV00416,81,C50,Oncology,65,>3d,5,0.99,19.8,2,300000,50000,250000,52.8
PV00417,28,C22,Oncology,73,6-24h,20,0.809,16.18,10,1000000,25000,975000,75.38
PV00418,22,S06,Neurosurgery,95,2-6h,25,0.872,17.44,10,100000,75000,25000,90.44
PV00419,68,I71,Cardiovascular Surgery,99,<2h,30,0.8205,16.41,4,150000,25000,125000,90.01
PV00420,22,O00,Obstetrics,96,1-3d,10,0.7851,15.7,10,750000,50000,700000,74.1
PV00421,79,N39,Urology,50,2-6h,25,0.832,16.64,2,1000000,150000,850000,63.64
PV00422,48,C50,Oncology,65,2-6h,25,0.8159,16.32,6,200000,150000,50000,73.32
PV00423,77,K80,General Surgery,65,6-24h,20,0.6679,13.36,2,150000,25000,125000,61.36
PV00424,34,J18,Pulmonology,78,6-24h,20,0.8463,16.93,8,500000,25000,475000,76.13
PV00425,27,S27,Trauma,88,1-3d,10,0.8158,16.32,10,500000,100000,400000,71.52
PV00426,83,K56,General Surgery,85,6-24h,20,0.8512,17.02,2,500000,200000,300000,73.02
PV00427,69,G93,Neurology,80,2-6h,25,0.8122,16.24,4,400000,75000,325000,77.24
PV00428,79,T79,Trauma,92,1-3d,10,0.784,15.68,2,75000,0,75000,64.48
PV00429,39,I21,Cardiology,95,6-24h,20,0.9075,18.15,8,100000,75000,25000,84.15
PV00430,45,N20,Urology,55,1-3d,10,0.8733,17.47,6,50000,50000,0,55.47
PV00431,57,I61,Neurosurgery,98,<2h,30,0.9596,19.19,6,150000,150000,0,94.39
PV00432,48,K80,General Surgery,65,1-3d,10,0.8695,17.39,6,750000,200000,550000,59.39
PV00433,34,T79,Trauma,92,6-24h,20,0.8002,16.0,8,100000,100000,0,80.8
PV00434,43,S06,Neurosurgery,95,6-24h,20,0.8817,17.63,8,500000,75000,425000,83.63
PV00435,59,S72,Orthopedics,76,6-24h,20,0.6219,12.44,6,200000,10000,190000,68.84
PV00436,20,S06,Neurosurgery,95,>3d,5,0.99,19.8,10,75000,75000,0,72.8
PV00437,40,J18,Pulmonology,78,6-24h,20,0.8474,16.95,8,100000,50000,50000,76.15
PV00438,37,N39,Urology,50,>3d,5,0.99,19.8,8,400000,100000,300000,52.8
PV00439,22,I61,Neurosurgery,98,>3d,5,0.7331,14.66,10,500000,100000,400000,68.86
PV00440,26,S36,Trauma,90,6-24h,20,0.7082,14.16,10,150000,0,150000,80.16
PV00441,51,C22,Oncology,73,6-24h,20,0.8566,17.13,6,1000000,25000,975000,72.33
PV00442,24,I74,Vascular Surgery,92,6-24h,20,0.8563,17.13,10,50000,50000,0,83.93
PV00443,41,S06,Neurosurgery,95,>3d,5,0.8538,17.08,8,300000,50000,250000,68.08
PV00444,56,O72,Obstetrics,95,1-3d,10,0.8386,16.77,6,100000,100000,0,70.77
PV00445,77,O00,Obstetrics,96,1-3d,10,0.7572,15.14,2,750000,75000,675000,65.54
PV00446,24,C34,Oncology,74,<2h,30,0.6715,13.43,10,500000,0,500000,83.03
PV00447,47,I74,Vascular Surgery,92,1-3d,10,0.8483,16.97,6,50000,25000,25000,69.77
PV00448,24,K92,Gastroenterology,88,2-6h,25,0.6917,13.83,10,150000,50000,100000,84.03
PV00449,47,O00,Obstetrics,96,<2h,30,0.6823,13.65,6,500000,50000,450000,88.05
PV00450,50,I71,Cardiovascular Surgery,99,6-24h,20,0.7819,15.64,6,300000,0,300000,81.24
PV00451,72,K92,Gastroenterology,88,6-24h,20,0.8631,17.26,4,200000,0,200000,76.46
PV00452,48,N39,Urology,50,>3d,5,0.99,19.8,6,75000,25000,50000,50.8
PV00453,81,O72,Obstetrics,95,1-3d,10,0.9179,18.36,2,300000,150000,150000,68.36
PV00454,27,I21,Cardiology,95,2-6h,25,0.9633,19.27,10,50000,50000,0,92.27
PV00455,21,J18,Pulmonology,78,6-24h,20,0.8854,17.71,10,150000,150000,0,78.91
PV00456,18,N17,Nephrology,82,1-3d,10,0.8567,17.13,10,100000,100000,0,69.93
PV00457,42,K35,General Surgery,70,1-3d,10,0.99,19.8,8,400000,200000,200000,65.8
PV00458,31,C34,Oncology,74,2-6h,25,0.6877,13.75,8,200000,100000,100000,76.35
PV00459,24,G93,Neurology,80,6-24h,20,0.7787,15.57,10,200000,0,200000,77.57
PV00460,34,S06,Neurosurgery,95,1-3d,10,0.7865,15.73,8,750000,25000,725000,71.73
PV00461,84,N20,Urology,55,>3d,5,0.9094,18.19,2,150000,100000,50000,47.19
PV00462,72,K35,General Surgery,70,1-3d,10,0.7221,14.44,4,500000,50000,450000,56.44
PV00463,19,K80,General Surgery,65,<2h,30,0.8963,17.93,10,750000,25000,725000,83.93
PV00464,80,S27,Trauma,88,1-3d,10,0.878,17.56,2,75000,0,75000,64.76
PV00465,31,I21,Cardiology,95,6-24h,20,0.9013,18.03,8,500000,25000,475000,84.03
PV00466,45,K92,Gastroenterology,88,>3d,5,0.8995,17.99,6,50000,25000,25000,64.19
PV00467,40,K35,General Surgery,70,6-24h,20,0.9738,19.48,8,400000,150000,250000,75.48
PV00468,45,J18,Pulmonology,78,2-6h,25,0.8151,16.3,6,100000,100000,0,78.5
PV00469,69,K56,General Surgery,85,6-24h,20,0.873,17.46,4,100000,0,100000,75.46
PV00470,66,N39,Urology,50,6-24h,20,0.7463,14.93,4,750000,75000,675000,58.93
PV00471,58,K80,General Surgery,65,6-24h,20,0.7235,14.47,6,75000,75000,0,66.47
PV00472,60,T79,Trauma,92,1-3d,10,0.99,19.8,4,300000,50000,250000,70.6
PV00473,67,S27,Trauma,88,1-3d,10,0.7388,14.78,4,500000,200000,300000,63.98
PV00474,30,O72,Obstetrics,95,1-3d,10,0.8841,17.68,8,750000,0,750000,73.68
PV00475,44,C34,Oncology,74,6-24h,20,0.8731,17.46,8,100000,25000,75000,75.06
PV00476,25,S32,Orthopedics,82,<2h,30,0.9375,18.75,10,150000,150000,0,91.55
PV00477,65,G93,Neurology,80,6-24h,20,0.6542,13.08,4,300000,100000,200000,69.08
PV00478,47,I21,Cardiology,95,6-24h,20,0.9091,18.18,6,300000,25000,275000,82.18
PV00479,61,C34,Oncology,74,2-6h,25,0.8142,16.28,4,75000,75000,0,74.88
PV00480,56,S06,Neurosurgery,95,>3d,5,0.76,15.2,6,300000,50000,250000,64.2
PV00481,36,I71,Cardiovascular Surgery,99,>3d,5,0.7949,15.9,8,50000,50000,0,68.5
PV00482,27,T79,Trauma,92,<2h,30,0.9237,18.47,10,400000,25000,375000,95.27
PV00483,84,J96,Critical Care,98,1-3d,10,0.8931,17.86,2,500000,25000,475000,69.06
PV00484,37,S32,Orthopedics,82,1-3d,10,0.8072,16.14,8,200000,25000,175000,66.94
PV00485,25,S72,Orthopedics,76,6-24h,20,0.7061,14.12,10,100000,25000,75000,74.52
PV00486,38,A41,Critical Care,98,1-3d,10,0.7131,14.26,8,100000,75000,25000,71.46
PV00487,79,K85,General Surgery,82,2-6h,25,0.8953,17.91,2,400000,150000,250000,77.71
PV00488,35,O00,Obstetrics,96,<2h,30,0.6922,13.84,8,200000,100000,100000,90.24
PV00489,85,K80,General Surgery,65,>3d,5,0.8082,16.16,2,1000000,0,1000000,49.16
PV00490,49,C18,Oncology,72,1-3d,10,0.99,19.8,6,1000000,75000,925000,64.6
PV00491,76,N39,Urology,50,6-24h,20,0.866,17.32,2,200000,50000,150000,59.32
PV00492,62,I20,Cardiology,80,6-24h,20,0.8942,17.88,4,100000,0,100000,73.88
PV00493,20,K80,General Surgery,65,>3d,5,0.7139,14.28,10,750000,25000,725000,55.28
PV00494,52,C18,Oncology,72,6-24h,20,0.6973,13.95,6,500000,200000,300000,68.75
PV00495,46,I71,Cardiovascular Surgery,99,>3d,5,0.8996,17.99,6,75000,25000,50000,68.59
PV00496,31,S27,Trauma,88,>3d,5,0.7918,15.84,8,1000000,100000,900000,64.04
PV00497,55,S06,Neurosurgery,95,6-24h,20,0.9374,18.75,6,100000,10000,90000,82.75
PV00498,24,S36,Trauma,90,1-3d,10,0.8343,16.69,10,300000,200000,100000,72.69
PV00499,65,N39,Urology,50,1-3d,10,0.99,19.8,4,75000,75000,0,53.8
PV00500,73,S27,Trauma,88,1-3d,10,0.7728,15.46,4,200000,10000,190000,64.66
PV00501,24,S06,Neurosurgery,95,6-24h,20,0.8589,17.18,10,400000,100000,300000,85.18
PV00502,50,C34,Oncology,74,<2h,30,0.7406,14.81,6,75000,75000,0,80.41
PV00503,62,K92,Gastroenterology,88,2-6h,25,0.9332,18.66,4,100000,100000,0,82.86
PV00504,22,I20,Cardiology,80,1-3d,10,0.8741,17.48,10,500000,100000,400000,69.48
PV00505,44,I71,Cardiovascular Surgery,99,1-3d,10,0.7339,14.68,8,1000000,100000,900000,72.28
PV00506,35,S72,Orthopedics,76,1-3d,10,0.7983,15.97,8,1000000,75000,925000,64.37
PV00507,20,O00,Obstetrics,96,1-3d,10,0.9672,19.34,10,500000,10000,490000,77.74
PV00508,72,J96,Critical Care,98,2-6h,25,0.9552,19.1,4,1000000,0,1000000,87.3
PV00509,48,I71,Cardiovascular Surgery,99,<2h,30,0.6886,13.77,6,75000,25000,50000,89.37
PV00510,69,J96,Critical Care,98,1-3d,10,0.7834,15.67,4,100000,25000,75000,68.87
PV00511,57,C22,Oncology,73,1-3d,10,0.99,19.8,6,200000,200000,0,65.0
PV00512,77,K80,General Surgery,65,1-3d,10,0.8133,16.27,2,1000000,150000,850000,54.27
PV00513,85,G93,Neurology,80,2-6h,25,0.8483,16.97,2,500000,25000,475000,75.97
PV00514,58,T79,Trauma,92,6-24h,20,0.9327,18.65,6,150000,50000,100000,81.45
PV00515,41,K92,Gastroenterology,88,>3d,5,0.6968,13.94,8,50000,50000,0,62.14
PV00516,46,S06,Neurosurgery,95,2-6h,25,0.736,14.72,6,400000,100000,300000,83.72
PV00517,74,I20,Cardiology,80,<2h,30,0.7976,15.95,4,150000,150000,0,81.95
PV00518,47,I60,Neurosurgery,98,1-3d,10,0.9505,19.01,6,100000,100000,0,74.21
PV00519,53,O72,Obstetrics,95,1-3d,10,0.932,18.64,6,100000,100000,0,72.64
PV00520,31,J18,Pulmonology,78,>3d,5,0.902,18.04,8,100000,100000,0,62.24
PV00521,85,K85,General Surgery,82,>3d,5,0.8161,16.32,2,150000,150000,0,56.12
PV00522,62,K35,General Surgery,70,1-3d,10,0.943,18.86,4,400000,50000,350000,60.86
PV00523,40,K56,General Surgery,85,<2h,30,0.8147,16.29,8,75000,25000,50000,88.29
PV00524,57,T79,Trauma,92,6-24h,20,0.8878,17.76,6,200000,200000,0,80.56
PV00525,45,I74,Vascular Surgery,92,>3d,5,0.9212,18.42,6,1000000,10000,990000,66.22
PV00526,28,I74,Vascular Surgery,92,6-24h,20,0.99,19.8,10,1000000,25000,975000,86.6
PV00527,77,N39,Urology,50,>3d,5,0.8244,16.49,2,750000,10000,740000,43.49
PV00528,78,K35,General Surgery,70,1-3d,10,0.7937,15.87,2,100000,100000,0,55.87
PV00529,74,N39,Urology,50,2-6h,25,0.9595,19.19,4,75000,75000,0,68.19
PV00530,43,N39,Urology,50,6-24h,20,0.9672,19.34,8,750000,50000,700000,67.34
PV00531,35,J18,Pulmonology,78,1-3d,10,0.7757,15.51,8,200000,0,200000,64.71
PV00532,21,K35,General Surgery,70,<2h,30,0.7195,14.39,10,200000,10000,190000,82.39
PV00533,67,K35,General Surgery,70,6-24h,20,0.9519,19.04,4,200000,75000,125000,71.04
PV00534,40,I71,Cardiovascular Surgery,99,1-3d,10,0.6658,13.32,8,75000,25000,50000,70.92
PV00535,78,J18,Pulmonology,78,2-6h,25,0.6607,13.21,2,500000,150000,350000,71.41
PV00536,77,K35,General Surgery,70,6-24h,20,0.8032,16.06,2,100000,100000,0,66.06
PV00537,26,S72,Orthopedics,76,1-3d,10,0.8302,16.6,10,100000,50000,50000,67.0
PV00538,80,S06,Neurosurgery,95,1-3d,10,0.714,14.28,2,500000,75000,425000,64.28
PV00539,27,N17,Nephrology,82,6-24h,20,0.8422,16.84,10,500000,0,500000,79.64
PV00540,51,I21,Cardiology,95,>3d,5,0.8466,16.93,6,750000,10000,740000,65.93
PV00541,50,N20,Urology,55,>3d,5,0.772,15.44,6,500000,25000,475000,48.44
PV00542,83,I60,Neurosurgery,98,6-24h,20,0.99,19.8,2,50000,0,50000,81.0
PV00543,62,K56,General Surgery,85,2-6h,25,0.863,17.26,4,200000,0,200000,80.26
PV00544,77,K56,General Surgery,85,1-3d,10,0.9328,18.66,2,200000,100000,100000,64.66
PV00545,58,T79,Trauma,92,6-24h,20,0.6744,13.49,6,150000,0,150000,76.29
PV00546,74,I60,Neurosurgery,98,1-3d,10,0.6735,13.47,4,200000,10000,190000,66.67
PV00547,75,S27,Trauma,88,1-3d,10,0.866,17.32,2,200000,100000,100000,64.52
PV00548,76,J18,Pulmonology,78,6-24h,20,0.99,19.8,2,400000,10000,390000,73.0
PV00549,45,O00,Obstetrics,96,1-3d,10,0.719,14.38,6,1000000,10000,990000,68.78
PV00550,43,C50,Oncology,65,1-3d,10,0.8343,16.69,8,400000,100000,300000,60.69
PV00551,84,T79,Trauma,92,>3d,5,0.6965,13.93,2,1000000,0,1000000,57.73
PV00552,69,S36,Trauma,90,2-6h,25,0.7481,14.96,4,750000,25000,725000,79.96
PV00553,80,T79,Trauma,92,>3d,5,0.8393,16.79,2,500000,75000,425000,60.59
PV00554,57,I74,Vascular Surgery,92,<2h,30,0.7707,15.41,6,100000,0,100000,88.21
PV00555,81,C22,Oncology,73,1-3d,10,0.6894,13.79,2,300000,100000,200000,54.99
PV00556,66,O00,Obstetrics,96,>3d,5,0.6872,13.74,4,75000,50000,25000,61.14
PV00557,68,K80,General Surgery,65,6-24h,20,0.6314,12.63,4,1000000,25000,975000,62.63
PV00558,30,I20,Cardiology,80,<2h,30,0.8677,17.35,8,75000,75000,0,87.35
PV00559,56,S32,Orthopedics,82,1-3d,10,0.8798,17.6,6,100000,0,100000,66.4
PV00560,67,G93,Neurology,80,1-3d,10,0.8793,17.59,4,1000000,75000,925000,63.59
PV00561,69,N17,Nephrology,82,6-24h,20,0.7291,14.58,4,75000,50000,25000,71.38
PV00562,83,I60,Neurosurgery,98,6-24h,20,0.9206,18.41,2,300000,0,300000,79.61
PV00563,40,O72,Obstetrics,95,1-3d,10,0.8907,17.81,8,300000,150000,150000,73.81
PV00564,38,K56,General Surgery,85,2-6h,25,0.8207,16.41,8,100000,50000,50000,83.41
PV00565,83,I20,Cardiology,80,1-3d,10,0.8043,16.09,2,150000,0,150000,60.09
PV00566,85,J96,Critical Care,98,6-24h,20,0.7551,15.1,2,500000,25000,475000,76.3
PV00567,30,A41,Critical Care,98,2-6h,25,0.8392,16.78,8,500000,100000,400000,88.98
PV00568,43,J96,Critical Care,98,1-3d,10,0.9817,19.63,8,300000,50000,250000,76.83
PV00569,82,C34,Oncology,74,6-24h,20,0.9338,18.68,2,300000,50000,250000,70.28
PV00570,31,J18,Pulmonology,78,>3d,5,0.7944,15.89,8,150000,0,150000,60.09
PV00571,71,K92,Gastroenterology,88,1-3d,10,0.8739,17.48,4,400000,0,400000,66.68
PV00572,25,S27,Trauma,88,6-24h,20,0.7099,14.2,10,50000,25000,25000,79.4
PV00573,30,I71,Cardiovascular Surgery,99,6-24h,20,0.893,17.86,8,50000,25000,25000,85.46
PV00574,71,I60,Neurosurgery,98,6-24h,20,0.7369,14.74,4,500000,100000,400000,77.94
PV00575,59,I21,Cardiology,95,1-3d,10,0.889,17.78,6,75000,50000,25000,71.78
PV00576,55,S36,Trauma,90,1-3d,10,0.99,19.8,6,500000,10000,490000,71.8
PV00577,76,N39,Urology,50,1-3d,10,0.763,15.26,2,50000,50000,0,47.26
PV00578,38,O00,Obstetrics,96,6-24h,20,0.99,19.8,8,100000,100000,0,86.2
PV00579,52,I20,Cardiology,80,6-24h,20,0.8691,17.38,6,1000000,150000,850000,75.38
PV00580,59,S06,Neurosurgery,95,2-6h,25,0.745,14.9,6,100000,100000,0,83.9
PV00581,68,I61,Neurosurgery,98,1-3d,10,0.7405,14.81,4,1000000,50000,950000,68.01
PV00582,40,G93,Neurology,80,6-24h,20,0.99,19.8,8,100000,25000,75000,79.8
PV00583,61,S06,Neurosurgery,95,6-24h,20,0.8693,17.39,4,400000,0,400000,79.39
PV00584,48,I60,Neurosurgery,98,6-24h,20,0.7634,15.27,6,400000,100000,300000,80.47
PV00585,54,S27,Trauma,88,6-24h,20,0.7997,15.99,6,400000,50000,350000,77.19
PV00586,76,N39,Urology,50,1-3d,10,0.8631,17.26,2,100000,100000,0,49.26
PV00587,44,C50,Oncology,65,1-3d,10,0.8191,16.38,8,500000,25000,475000,60.38
PV00588,63,I61,Neurosurgery,98,>3d,5,0.8546,17.09,4,150000,10000,140000,65.29
PV00589,82,G93,Neurology,80,2-6h,25,0.99,19.8,2,750000,100000,650000,78.8
PV00590,69,G93,Neurology,80,1-3d,10,0.7072,14.14,4,150000,50000,100000,60.14
PV00591,85,T79,Trauma,92,<2h,30,0.8845,17.69,2,750000,75000,675000,86.49
PV00592,57,N39,Urology,50,1-3d,10,0.8127,16.25,6,1000000,200000,800000,52.25
PV00593,37,J96,Critical Care,98,1-3d,10,0.7701,15.4,8,500000,25000,475000,72.6
PV00594,85,C22,Oncology,73,6-24h,20,0.9272,18.54,2,200000,10000,190000,69.74
PV00595,61,I74,Vascular Surgery,92,1-3d,10,0.6739,13.48,4,200000,100000,100000,64.28
PV00596,34,T79,Trauma,92,6-24h,20,0.5834,11.67,8,150000,75000,75000,76.47
PV00597,39,J18,Pulmonology,78,6-24h,20,0.8425,16.85,8,150000,50000,100000,76.05
PV00598,35,S32,Orthopedics,82,6-24h,20,0.8062,16.12,8,200000,75000,125000,76.92
PV00599,74,C18,Oncology,72,<2h,30,0.6847,13.69,4,200000,200000,0,76.49
PV00600,24,C34,Oncology,74,>3d,5,0.6489,12.98,10,500000,10000,490000,57.58
PV00601,68,C18,Oncology,72,1-3d,10,0.99,19.8,4,750000,150000,600000,62.6
PV00602,55,S32,Orthopedics,82,1-3d,10,0.8663,17.33,6,750000,75000,675000,66.13
PV00603,22,K80,General Surgery,65,>3d,5,0.822,16.44,10,400000,150000,250000,57.44
PV00604,59,K35,General Surgery,70,1-3d,10,0.99,19.8,6,1000000,200000,800000,63.8
PV00605,69,T79,Trauma,92,6-24h,20,0.9222,18.44,4,750000,10000,740000,79.24
PV00606,67,N17,Nephrology,82,2-6h,25,0.99,19.8,4,200000,0,200000,81.6
PV00607,53,I74,Vascular Surgery,92,6-24h,20,0.702,14.04,6,200000,0,200000,76.84
PV00608,40,O00,Obstetrics,96,>3d,5,0.6983,13.97,8,200000,10000,190000,65.37
PV00609,29,C22,Oncology,73,>3d,5,0.8817,17.63,10,50000,25000,25000,61.83
PV00610,18,G93,Neurology,80,1-3d,10,0.8614,17.23,10,150000,25000,125000,69.23
PV00611,42,G93,Neurology,80,2-6h,25,0.945,18.9,8,150000,150000,0,83.9
PV00612,60,S72,Orthopedics,76,2-6h,25,0.6569,13.14,4,500000,150000,350000,72.54
PV00613,20,S32,Orthopedics,82,>3d,5,0.8904,17.81,10,100000,25000,75000,65.61
PV00614,85,S36,Trauma,90,2-6h,25,0.9189,18.38,2,400000,75000,325000,81.38
PV00615,57,C50,Oncology,65,1-3d,10,0.9136,18.27,6,150000,25000,125000,60.27
PV00616,38,C34,Oncology,74,6-24h,20,0.7793,15.59,8,150000,75000,75000,73.19
PV00617,83,J96,Critical Care,98,6-24h,20,0.8719,17.44,2,50000,25000,25000,78.64
PV00618,30,J96,Critical Care,98,1-3d,10,0.7424,14.85,8,300000,150000,150000,72.05
PV00619,83,I60,Neurosurgery,98,>3d,5,0.7907,15.81,2,50000,10000,40000,62.01
PV00620,37,K35,General Surgery,70,1-3d,10,0.7157,14.31,8,100000,100000,0,60.31
PV00621,43,S72,Orthopedics,76,6-24h,20,0.7441,14.88,8,300000,200000,100000,73.28
PV00622,46,O72,Obstetrics,95,6-24h,20,0.7959,15.92,6,400000,10000,390000,79.92
PV00623,85,K35,General Surgery,70,>3d,5,0.7709,15.42,2,200000,75000,125000,50.42
PV00624,35,S27,Trauma,88,1-3d,10,0.7441,14.88,8,100000,100000,0,68.08
PV00625,84,C18,Oncology,72,6-24h,20,0.69,13.8,2,750000,150000,600000,64.6
PV00626,41,A41,Critical Care,98,1-3d,10,0.99,19.8,8,150000,25000,125000,77.0
PV00627,37,K85,General Surgery,82,6-24h,20,0.7699,15.4,8,150000,75000,75000,76.2
PV00628,61,S36,Trauma,90,<2h,30,0.853,17.06,4,50000,10000,40000,87.06
PV00629,65,O00,Obstetrics,96,>3d,5,0.6441,12.88,4,150000,25000,125000,60.28
PV00630,41,K85,General Surgery,82,1-3d,10,0.9558,19.12,8,100000,25000,75000,69.92
PV00631,27,K80,General Surgery,65,2-6h,25,0.8367,16.73,10,150000,25000,125000,77.73
PV00632,44,I74,Vascular Surgery,92,6-24h,20,0.7756,15.51,8,75000,50000,25000,80.31
PV00633,54,S72,Orthopedics,76,>3d,5,0.7765,15.53,6,75000,75000,0,56.93
PV00634,20,S36,Trauma,90,1-3d,10,0.9069,18.14,10,500000,200000,300000,74.14
PV00635,23,K56,General Surgery,85,1-3d,10,0.5247,10.49,10,200000,75000,125000,64.49
PV00636,80,C50,Oncology,65,<2h,30,0.7376,14.75,2,400000,50000,350000,72.75
PV00637,20,J96,Critical Care,98,>3d,5,0.8081,16.16,10,300000,100000,200000,70.36
PV00638,45,I71,Cardiovascular Surgery,99,>3d,5,0.8069,16.14,6,300000,75000,225000,66.74
PV00639,69,S32,Orthopedics,82,1-3d,10,0.99,19.8,4,200000,50000,150000,66.6
PV00640,40,K92,Gastroenterology,88,6-24h,20,0.7862,15.72,8,150000,0,150000,78.92
PV00641,51,C50,Oncology,65,1-3d,10,0.919,18.38,6,100000,75000,25000,60.38
PV00642,23,N39,Urology,50,1-3d,10,0.99,19.8,10,750000,0,750000,59.8
PV00643,72,G93,Neurology,80,1-3d,10,0.8871,17.74,4,200000,75000,125000,63.74
PV00644,61,O72,Obstetrics,95,>3d,5,0.7526,15.05,4,750000,200000,550000,62.05
PV00645,75,S32,Orthopedics,82,1-3d,10,0.6916,13.83,2,500000,150000,350000,58.63
PV00646,76,I74,Vascular Surgery,92,6-24h,20,0.8945,17.89,2,400000,150000,250000,76.69
PV00647,41,S72,Orthopedics,76,6-24h,20,0.9845,19.69,8,750000,50000,700000,78.09
PV00648,20,N17,Nephrology,82,1-3d,10,0.8746,17.49,10,400000,50000,350000,70.29
PV00649,41,K92,Gastroenterology,88,6-24h,20,0.9433,18.87,8,750000,75000,675000,82.07
PV00650,27,G93,Neurology,80,6-24h,20,0.99,19.8,10,500000,10000,490000,81.8
PV00651,54,O72,Obstetrics,95,1-3d,10,0.9037,18.07,6,400000,200000,200000,72.07
PV00652,27,C34,Oncology,74,6-24h,20,0.7099,14.2,10,500000,0,500000,73.8
PV00653,80,A41,Critical Care,98,1-3d,10,0.8251,16.5,2,750000,200000,550000,67.7
PV00654,58,T79,Trauma,92,2-6h,25,0.957,19.14,6,100000,100000,0,86.94
PV00655,35,N17,Nephrology,82,6-24h,20,0.7951,15.9,8,750000,200000,550000,76.7
PV00656,80,O00,Obstetrics,96,6-24h,20,0.9706,19.41,2,300000,0,300000,79.81
PV00657,70,K80,General Surgery,65,1-3d,10,0.8133,16.27,4,75000,75000,0,56.27
PV00658,47,C18,Oncology,72,1-3d,10,0.8534,17.07,6,75000,10000,65000,61.87
PV00659,27,I61,Neurosurgery,98,6-24h,20,0.7849,15.7,10,500000,25000,475000,84.9
PV00660,41,I71,Cardiovascular Surgery,99,6-24h,20,0.836,16.72,8,750000,100000,650000,84.32
PV00661,57,K56,General Surgery,85,2-6h,25,0.8412,16.82,6,400000,50000,350000,81.82
PV00662,70,K80,General Surgery,65,1-3d,10,0.6591,13.18,4,400000,200000,200000,53.18
PV00663,35,I60,Neurosurgery,98,>3d,5,0.7758,15.52,8,750000,50000,700000,67.72
PV00664,68,A41,Critical Care,98,1-3d,10,0.6967,13.93,4,1000000,0,1000000,67.13
PV00665,37,J18,Pulmonology,78,6-24h,20,0.7793,15.59,8,750000,10000,740000,74.79
PV00666,34,C50,Oncology,65,1-3d,10,0.7405,14.81,8,75000,75000,0,58.81
PV00667,48,O00,Obstetrics,96,6-24h,20,0.9212,18.42,6,750000,75000,675000,82.82
PV00668,28,G93,Neurology,80,<2h,30,0.9223,18.45,10,300000,25000,275000,90.45
PV00669,45,N39,Urology,50,2-6h,25,0.876,17.52,6,500000,10000,490000,68.52
PV00670,42,S06,Neurosurgery,95,2-6h,25,0.6932,13.86,8,500000,100000,400000,84.86
PV00671,37,K92,Gastroenterology,88,2-6h,25,0.8102,16.2,8,400000,25000,375000,84.4
PV00672,70,C18,Oncology,72,1-3d,10,0.6853,13.71,4,750000,0,750000,56.51
PV00673,40,C34,Oncology,74,6-24h,20,0.8053,16.11,8,75000,75000,0,73.71
PV00674,65,I61,Neurosurgery,98,1-3d,10,0.8847,17.69,4,750000,150000,600000,70.89
PV00675,66,C18,Oncology,72,>3d,5,0.9192,18.38,4,150000,25000,125000,56.18
PV00676,63,N20,Urology,55,1-3d,10,0.8673,17.35,4,100000,100000,0,53.35
PV00677,36,J18,Pulmonology,78,6-24h,20,0.9458,18.92,8,500000,50000,450000,78.12
PV00678,74,I61,Neurosurgery,98,1-3d,10,0.846,16.92,4,1000000,200000,800000,70.12
PV00679,34,O00,Obstetrics,96,2-6h,25,0.7966,15.93,8,50000,50000,0,87.33
PV00680,36,K92,Gastroenterology,88,6-24h,20,0.9074,18.15,8,1000000,75000,925000,81.35
PV00681,77,N20,Urology,55,6-24h,20,0.9106,18.21,2,150000,10000,140000,62.21
PV00682,41,K35,General Surgery,70,1-3d,10,0.7676,15.35,8,1000000,200000,800000,61.35
PV00683,65,K92,Gastroenterology,88,1-3d,10,0.8579,17.16,4,50000,0,50000,66.36
PV00684,20,K92,Gastroenterology,88,1-3d,10,0.7906,15.81,10,400000,75000,325000,71.01
PV00685,59,K56,General Surgery,85,1-3d,10,0.6191,12.38,6,300000,25000,275000,62.38
PV00686,77,T79,Trauma,92,1-3d,10,0.864,17.28,2,750000,75000,675000,66.08
PV00687,66,S27,Trauma,88,1-3d,10,0.6905,13.81,4,200000,200000,0,63.01
PV00688,57,J18,Pulmonology,78,>3d,5,0.8528,17.06,6,50000,0,50000,59.26
PV00689,75,S72,Orthopedics,76,6-24h,20,0.6665,13.33,2,75000,0,75000,65.73
PV00690,38,S32,Orthopedics,82,>3d,5,0.748,14.96,8,100000,100000,0,60.76
PV00691,43,C22,Oncology,73,>3d,5,0.7766,15.53,8,750000,100000,650000,57.73
PV00692,22,S32,Orthopedics,82,6-24h,20,0.9402,18.8,10,50000,50000,0,81.6
PV00693,65,N39,Urology,50,<2h,30,0.7666,15.33,4,750000,10000,740000,69.33
PV00694,67,K92,Gastroenterology,88,6-24h,20,0.7125,14.25,4,300000,75000,225000,73.45
PV00695,69,I61,Neurosurgery,98,1-3d,10,0.8564,17.13,4,300000,25000,275000,70.33
PV00696,68,J96,Critical Care,98,2-6h,25,0.7983,15.97,4,1000000,100000,900000,84.17
PV00697,26,N20,Urology,55,6-24h,20,0.8991,17.98,10,500000,50000,450000,69.98
PV00698,63,J18,Pulmonology,78,1-3d,10,0.7188,14.38,4,400000,150000,250000,59.58
PV00699,69,I60,Neurosurgery,98,>3d,5,0.8411,16.82,4,750000,100000,650000,65.02
PV00700,31,I61,Neurosurgery,98,1-3d,10,0.99,19.8,8,200000,75000,125000,77.0
PV00701,50,O00,Obstetrics,96,1-3d,10,0.7961,15.92,6,1000000,0,1000000,70.32
PV00702,80,C18,Oncology,72,6-24h,20,0.8387,16.77,2,500000,75000,425000,67.57
PV00703,46,K56,General Surgery,85,2-6h,25,0.6539,13.08,6,1000000,100000,900000,78.08
PV00704,69,K56,General Surgery,85,1-3d,10,0.7347,14.69,4,300000,75000,225000,62.69
PV00705,54,S06,Neurosurgery,95,2-6h,25,0.866,17.32,6,400000,75000,325000,86.32
PV00706,62,N17,Nephrology,82,1-3d,10,0.787,15.74,4,200000,75000,125000,62.54
PV00707,60,I21,Cardiology,95,>3d,5,0.8814,17.63,4,1000000,10000,990000,64.63
PV00708,62,J18,Pulmonology,78,1-3d,10,0.8625,17.25,4,400000,50000,350000,62.45
PV00709,70,O72,Obstetrics,95,1-3d,10,0.6882,13.76,4,75000,10000,65000,65.76
PV00710,79,S72,Orthopedics,76,1-3d,10,0.9215,18.43,2,300000,150000,150000,60.83
PV00711,38,C50,Oncology,65,1-3d,10,0.6957,13.91,8,75000,10000,65000,57.91
PV00712,81,O00,Obstetrics,96,6-24h,20,0.7435,14.87,2,400000,150000,250000,75.27
PV00713,60,N20,Urology,55,6-24h,20,0.8429,16.86,4,400000,100000,300000,62.86
PV00714,58,K80,General Surgery,65,2-6h,25,0.9767,19.53,6,750000,75000,675000,76.53
PV00715,40,N39,Urology,50,1-3d,10,0.7196,14.39,8,75000,75000,0,52.39
PV00716,46,S32,Orthopedics,82,6-24h,20,0.8348,16.7,6,200000,10000,190000,75.5
PV00717,62,O00,Obstetrics,96,6-24h,20,0.8356,16.71,4,150000,100000,50000,79.11
PV00718,42,O72,Obstetrics,95,1-3d,10,0.8857,17.71,8,200000,25000,175000,73.71
PV00719,37,J96,Critical Care,98,<2h,30,0.9384,18.77,8,1000000,150000,850000,95.97
PV00720,73,J18,Pulmonology,78,1-3d,10,0.7796,15.59,4,300000,150000,150000,60.79
PV00721,46,K35,General Surgery,70,2-6h,25,0.9212,18.42,6,200000,200000,0,77.42
PV00722,61,N39,Urology,50,6-24h,20,0.953,19.06,4,1000000,200000,800000,63.06
PV00723,20,G93,Neurology,80,<2h,30,0.99,19.8,10,300000,150000,150000,91.8
PV00724,23,S06,Neurosurgery,95,2-6h,25,0.8702,17.4,10,200000,25000,175000,90.4
PV00725,75,S32,Orthopedics,82,>3d,5,0.8357,16.71,2,300000,25000,275000,56.51
PV00726,27,S06,Neurosurgery,95,>3d,5,0.7725,15.45,10,750000,200000,550000,68.45
PV00727,72,N20,Urology,55,1-3d,10,0.6741,13.48,4,200000,200000,0,49.48
PV00728,79,I61,Neurosurgery,98,1-3d,10,0.7922,15.84,2,400000,25000,375000,67.04
PV00729,50,O72,Obstetrics,95,1-3d,10,0.8312,16.62,6,75000,75000,0,70.62
PV00730,78,C34,Oncology,74,>3d,5,0.8091,16.18,2,50000,50000,0,52.78
PV00731,47,N20,Urology,55,6-24h,20,0.8798,17.6,6,50000,50000,0,65.6
PV00732,82,S27,Trauma,88,<2h,30,0.6746,13.49,2,200000,200000,0,80.69
PV00733,34,N39,Urology,50,1-3d,10,0.8018,16.04,8,500000,25000,475000,54.04
PV00734,47,S32,Orthopedics,82,>3d,5,0.99,19.8,6,100000,75000,25000,63.6
PV00735,44,A41,Critical Care,98,6-24h,20,0.9196,18.39,8,1000000,75000,925000,85.59
PV00736,71,C50,Oncology,65,6-24h,20,0.8816,17.63,4,75000,75000,0,67.63
PV00737,20,N20,Urology,55,6-24h,20,0.8591,17.18,10,400000,200000,200000,69.18
PV00738,74,K85,General Surgery,82,6-24h,20,0.7835,15.67,4,100000,75000,25000,72.47
PV00739,19,K80,General Surgery,65,1-3d,10,0.6446,12.89,10,50000,50000,0,58.89
PV00740,39,I20,Cardiology,80,6-24h,20,0.8657,17.31,8,500000,50000,450000,77.31
PV00741,58,T79,Trauma,92,>3d,5,0.5752,11.5,6,300000,75000,225000,59.3
PV00742,27,K80,General Surgery,65,1-3d,10,0.7874,15.75,10,400000,150000,250000,61.75
PV00743,51,C34,Oncology,74,<2h,30,0.8196,16.39,6,1000000,200000,800000,81.99
PV00744,85,I71,Cardiovascular Surgery,99,1-3d,10,0.7753,15.51,2,300000,0,300000,67.11
PV00745,73,S32,Orthopedics,82,1-3d,10,0.99,19.8,4,750000,0,750000,66.6
PV00746,20,K85,General Surgery,82,6-24h,20,0.99,19.8,10,200000,10000,190000,82.6
PV00747,58,O00,Obstetrics,96,6-24h,20,0.9233,18.47,6,150000,0,150000,82.87
PV00748,58,I74,Vascular Surgery,92,1-3d,10,0.7275,14.55,6,150000,10000,140000,67.35
PV00749,22,I74,Vascular Surgery,92,6-24h,20,0.99,19.8,10,150000,150000,0,86.6
PV00750,62,K35,General Surgery,70,2-6h,25,0.8819,17.64,4,750000,75000,675000,74.64
PV00751,53,K92,Gastroenterology,88,6-24h,20,0.7258,14.52,6,300000,0,300000,75.72
PV00752,64,K35,General Surgery,70,6-24h,20,0.8233,16.47,4,1000000,100000,900000,68.47
PV00753,38,I61,Neurosurgery,98,1-3d,10,0.9159,18.32,8,100000,100000,0,75.52
PV00754,35,K92,Gastroenterology,88,2-6h,25,0.7601,15.2,8,500000,150000,350000,83.4
PV00755,68,N17,Nephrology,82,1-3d,10,0.8341,16.68,4,75000,75000,0,63.48
PV00756,67,S72,Orthopedics,76,6-24h,20,0.8516,17.03,4,100000,100000,0,71.43
PV00757,28,K80,General Surgery,65,1-3d,10,0.7099,14.2,10,50000,50000,0,60.2
PV00758,32,S36,Trauma,90,6-24h,20,0.793,15.86,8,1000000,200000,800000,79.86
PV00759,57,S06,Neurosurgery,95,>3d,5,0.7175,14.35,6,100000,100000,0,63.35
PV00760,74,N20,Urology,55,>3d,5,0.9069,18.14,4,750000,100000,650000,49.14
PV00761,31,K56,General Surgery,85,2-6h,25,0.7292,14.58,8,200000,10000,190000,81.58
PV00762,32,N17,Nephrology,82,1-3d,10,0.8492,16.98,8,75000,75000,0,67.78
PV00763,72,K92,Gastroenterology,88,2-6h,25,0.681,13.62,4,150000,0,150000,77.82
PV00764,65,K92,Gastroenterology,88,1-3d,10,0.7067,14.13,4,150000,25000,125000,63.33
PV00765,79,K85,General Surgery,82,1-3d,10,0.7018,14.04,2,300000,100000,200000,58.84
PV00766,71,S32,Orthopedics,82,6-24h,20,0.791,15.82,4,150000,100000,50000,72.62
PV00767,82,C18,Oncology,72,6-24h,20,0.838,16.76,2,400000,200000,200000,67.56
PV00768,30,O72,Obstetrics,95,6-24h,20,0.8565,17.13,8,500000,0,500000,83.13
PV00769,36,K35,General Surgery,70,1-3d,10,0.6428,12.86,8,75000,75000,0,58.86
PV00770,34,S36,Trauma,90,1-3d,10,0.8031,16.06,8,300000,10000,290000,70.06
PV00771,21,C34,Oncology,74,<2h,30,0.7449,14.9,10,300000,75000,225000,84.5
PV00772,70,C22,Oncology,73,6-24h,20,0.8734,17.47,4,100000,10000,90000,70.67
PV00773,62,I21,Cardiology,95,6-24h,20,0.7932,15.86,4,500000,75000,425000,77.86
PV00774,23,N20,Urology,55,1-3d,10,0.8119,16.24,10,100000,0,100000,58.24
PV00775,31,G93,Neurology,80,2-6h,25,0.7455,14.91,8,750000,0,750000,79.91
PV00776,30,K92,Gastroenterology,88,6-24h,20,0.99,19.8,8,200000,200000,0,83.0
PV00777,45,S27,Trauma,88,>3d,5,0.6916,13.83,6,150000,75000,75000,60.03
PV00778,48,S06,Neurosurgery,95,6-24h,20,0.78,15.6,6,400000,50000,350000,79.6
PV00779,37,I71,Cardiovascular Surgery,99,1-3d,10,0.8308,16.62,8,400000,50000,350000,74.22
PV00780,81,G93,Neurology,80,6-24h,20,0.7949,15.9,2,300000,200000,100000,69.9
PV00781,32,I20,Cardiology,80,6-24h,20,0.7436,14.87,8,400000,150000,250000,74.87
PV00782,56,C34,Oncology,74,1-3d,10,0.6388,12.78,6,100000,50000,50000,58.38
PV00783,47,S06,Neurosurgery,95,6-24h,20,0.7508,15.02,6,750000,0,750000,79.02
PV00784,44,S06,Neurosurgery,95,6-24h,20,0.7241,14.48,8,400000,100000,300000,80.48
PV00785,74,O72,Obstetrics,95,>3d,5,0.9879,19.76,4,100000,10000,90000,66.76
PV00786,84,J18,Pulmonology,78,>3d,5,0.99,19.8,2,1000000,25000,975000,58.0
PV00787,18,I21,Cardiology,95,1-3d,10,0.8149,16.3,10,750000,100000,650000,74.3
PV00788,49,C50,Oncology,65,2-6h,25,0.6795,13.59,6,75000,75000,0,70.59
PV00789,26,N17,Nephrology,82,<2h,30,0.8938,17.88,10,500000,10000,490000,90.68
PV00790,47,I21,Cardiology,95,2-6h,25,0.7219,14.44,6,300000,0,300000,83.44
PV00791,59,I61,Neurosurgery,98,>3d,5,0.7651,15.3,6,500000,50000,450000,65.5
PV00792,45,S72,Orthopedics,76,1-3d,10,0.7571,15.14,6,150000,100000,50000,61.54
PV00793,39,N20,Urology,55,1-3d,10,0.7699,15.4,8,100000,100000,0,55.4
PV00794,39,T79,Trauma,92,>3d,5,0.7845,15.69,8,100000,100000,0,65.49
PV00795,38,S27,Trauma,88,2-6h,25,0.6886,13.77,8,50000,10000,40000,81.97
PV00796,40,I71,Cardiovascular Surgery,99,1-3d,10,0.7498,15.0,8,750000,150000,600000,72.6
PV00797,43,C22,Oncology,73,2-6h,25,0.922,18.44,8,150000,150000,0,80.64
PV00798,64,S72,Orthopedics,76,6-24h,20,0.8166,16.33,4,1000000,150000,850000,70.73
PV00799,24,I74,Vascular Surgery,92,>3d,5,0.8325,16.65,10,100000,100000,0,68.45
PV00800,20,S72,Orthopedics,76,>3d,5,0.5968,11.94,10,150000,25000,125000,57.34
PV00801,53,I21,Cardiology,95,2-6h,25,0.9148,18.3,6,750000,25000,725000,87.3
PV00802,64,I74,Vascular Surgery,92,6-24h,20,0.7514,15.03,4,150000,50000,100000,75.83
PV00803,35,O00,Obstetrics,96,1-3d,10,0.9324,18.65,8,500000,25000,475000,75.05
PV00804,31,N39,Urology,50,<2h,30,0.8354,16.71,8,50000,10000,40000,74.71
PV00805,60,K80,General Surgery,65,1-3d,10,0.7638,15.28,4,1000000,25000,975000,55.28
PV00806,44,S32,Orthopedics,82,1-3d,10,0.6522,13.04,8,400000,50000,350000,63.84
PV00807,68,N17,Nephrology,82,6-24h,20,0.99,19.8,4,500000,150000,350000,76.6
PV00808,27,S06,Neurosurgery,95,6-24h,20,0.9003,18.01,10,50000,0,50000,86.01
PV00809,26,S36,Trauma,90,6-24h,20,0.9063,18.13,10,1000000,150000,850000,84.13
PV00810,55,C22,Oncology,73,>3d,5,0.99,19.8,6,200000,150000,50000,60.0
PV00811,44,I60,Neurosurgery,98,6-24h,20,0.8424,16.85,8,100000,10000,90000,84.05
PV00812,67,I20,Cardiology,80,1-3d,10,0.9552,19.1,4,75000,75000,0,65.1
PV00813,52,C50,Oncology,65,6-24h,20,0.7721,15.44,6,50000,50000,0,67.44
PV00814,42,I71,Cardiovascular Surgery,99,1-3d,10,0.8938,17.88,8,400000,100000,300000,75.48
PV00815,28,S32,Orthopedics,82,2-6h,25,0.757,15.14,10,100000,100000,0,82.94
PV00816,29,G93,Neurology,80,<2h,30,0.7696,15.39,10,1000000,150000,850000,87.39
PV00817,69,I60,Neurosurgery,98,1-3d,10,0.8297,16.59,4,100000,50000,50000,69.79
PV00818,33,S06,Neurosurgery,95,1-3d,10,0.6933,13.87,8,50000,50000,0,69.87
PV00819,52,C34,Oncology,74,6-24h,20,0.8529,17.06,6,750000,75000,675000,72.66
PV00820,73,C22,Oncology,73,6-24h,20,0.7888,15.78,4,500000,10000,490000,68.98
PV00821,79,I21,Cardiology,95,>3d,5,0.6212,12.42,2,300000,0,300000,57.42
PV00822,36,C34,Oncology,74,2-6h,25,0.7742,15.48,8,750000,100000,650000,78.08
PV00823,25,K35,General Surgery,70,2-6h,25,0.7855,15.71,10,500000,10000,490000,78.71
PV00824,70,C34,Oncology,74,6-24h,20,0.9053,18.11,4,75000,25000,50000,71.71
PV00825,64,C18,Oncology,72,6-24h,20,0.8485,16.97,4,200000,0,200000,69.77
PV00826,40,I61,Neurosurgery,98,1-3d,10,0.9647,19.29,8,1000000,50000,950000,76.49
PV00827,58,C50,Oncology,65,1-3d,10,0.872,17.44,6,400000,75000,325000,59.44
PV00828,30,I20,Cardiology,80,1-3d,10,0.7646,15.29,8,400000,200000,200000,65.29
PV00829,65,G93,Neurology,80,1-3d,10,0.8142,16.28,4,75000,50000,25000,62.28
PV00830,67,I21,Cardiology,95,6-24h,20,0.7852,15.7,4,300000,25000,275000,77.7
PV00831,38,J96,Critical Care,98,1-3d,10,0.8688,17.38,8,75000,75000,0,74.58
PV00832,49,J96,Critical Care,98,<2h,30,0.826,16.52,6,400000,25000,375000,91.72
PV00833,40,S72,Orthopedics,76,6-24h,20,0.7571,15.14,8,100000,0,100000,73.54
PV00834,20,K35,General Surgery,70,1-3d,10,0.8209,16.42,10,100000,0,100000,64.42
PV00835,26,G93,Neurology,80,6-24h,20,0.8661,17.32,10,300000,150000,150000,79.32
PV00836,83,S32,Orthopedics,82,<2h,30,0.7194,14.39,2,50000,50000,0,79.19
PV00837,49,T79,Trauma,92,6-24h,20,0.8517,17.03,6,400000,10000,390000,79.83
PV00838,28,K56,General Surgery,85,1-3d,10,0.6621,13.24,10,200000,10000,190000,67.24
PV00839,21,I21,Cardiology,95,2-6h,25,0.9306,18.61,10,300000,150000,150000,91.61
PV00840,42,N39,Urology,50,1-3d,10,0.8727,17.45,8,500000,100000,400000,55.45
PV00841,84,I71,Cardiovascular Surgery,99,1-3d,10,0.9829,19.66,2,500000,50000,450000,71.26
PV00842,44,C34,Oncology,74,1-3d,10,0.7083,14.17,8,1000000,25000,975000,61.77
PV00843,85,N39,Urology,50,6-24h,20,0.9333,18.67,2,75000,50000,25000,60.67
PV00844,51,I60,Neurosurgery,98,1-3d,10,0.9136,18.27,6,200000,150000,50000,73.47
PV00845,69,I21,Cardiology,95,2-6h,25,0.8018,16.04,4,50000,10000,40000,83.04
PV00846,71,I21,Cardiology,95,>3d,5,0.7823,15.65,4,100000,100000,0,62.65
PV00847,19,K35,General Surgery,70,1-3d,10,0.7115,14.23,10,300000,10000,290000,62.23
PV00848,18,I60,Neurosurgery,98,<2h,30,0.6854,13.71,10,75000,10000,65000,92.91
PV00849,80,T79,Trauma,92,1-3d,10,0.7449,14.9,2,200000,50000,150000,63.7
PV00850,81,C18,Oncology,72,6-24h,20,0.6944,13.89,2,1000000,150000,850000,64.69
PV00851,27,C22,Oncology,73,6-24h,20,0.9796,19.59,10,50000,0,50000,78.79
PV00852,61,T79,Trauma,92,6-24h,20,0.6698,13.4,4,100000,10000,90000,74.2
PV00853,80,K92,Gastroenterology,88,1-3d,10,0.8349,16.7,2,100000,50000,50000,63.9
PV00854,82,J96,Critical Care,98,1-3d,10,0.8636,17.27,2,1000000,10000,990000,68.47
PV00855,38,I71,Cardiovascular Surgery,99,>3d,5,0.8557,17.11,8,500000,50000,450000,69.71
PV00856,73,G93,Neurology,80,6-24h,20,0.8645,17.29,4,75000,50000,25000,73.29
PV00857,61,J96,Critical Care,98,1-3d,10,0.9146,18.29,4,500000,75000,425000,71.49
PV00858,81,I60,Neurosurgery,98,1-3d,10,0.7754,15.51,2,50000,25000,25000,66.71
PV00859,27,C50,Oncology,65,1-3d,10,0.8288,16.58,10,500000,75000,425000,62.58
PV00860,58,T79,Trauma,92,6-24h,20,0.7906,15.81,6,100000,100000,0,78.61
PV00861,19,C22,Oncology,73,6-24h,20,0.9503,19.01,10,500000,50000,450000,78.21
PV00862,42,N39,Urology,50,1-3d,10,0.99,19.8,8,200000,150000,50000,57.8
PV00863,18,S06,Neurosurgery,95,6-24h,20,0.7006,14.01,10,500000,25000,475000,82.01
PV00864,48,S32,Orthopedics,82,2-6h,25,0.6169,12.34,6,150000,150000,0,76.14
PV00865,73,G93,Neurology,80,1-3d,10,0.8769,17.54,4,300000,75000,225000,63.54
PV00866,62,C50,Oncology,65,6-24h,20,0.927,18.54,4,1000000,10000,990000,68.54
PV00867,39,T79,Trauma,92,<2h,30,0.99,19.8,8,750000,200000,550000,94.6
PV00868,47,G93,Neurology,80,<2h,30,0.8938,17.88,6,300000,100000,200000,85.88
PV00869,42,S72,Orthopedics,76,1-3d,10,0.9596,19.19,8,1000000,25000,975000,67.59
PV00870,67,I60,Neurosurgery,98,>3d,5,0.986,19.72,4,75000,75000,0,67.92
PV00871,36,S72,Orthopedics,76,6-24h,20,0.9665,19.33,8,500000,200000,300000,77.73
PV00872,24,A41,Critical Care,98,2-6h,25,0.9081,18.16,10,400000,0,400000,92.36
PV00873,52,S06,Neurosurgery,95,1-3d,10,0.6918,13.84,6,100000,0,100000,67.84
PV00874,74,S06,Neurosurgery,95,6-24h,20,0.8192,16.38,4,150000,150000,0,78.38
PV00875,50,C50,Oncology,65,>3d,5,0.85,17.0,6,200000,25000,175000,54.0
PV00876,31,O00,Obstetrics,96,1-3d,10,0.81,16.2,8,400000,150000,250000,72.6
PV00877,21,N17,Nephrology,82,6-24h,20,0.8162,16.32,10,400000,150000,250000,79.12
PV00878,82,K80,General Surgery,65,6-24h,20,0.9767,19.53,2,500000,200000,300000,67.53
PV00879,69,N17,Nephrology,82,6-24h,20,0.7443,14.89,4,400000,150000,250000,71.69
PV00880,28,C18,Oncology,72,1-3d,10,0.8999,18.0,10,1000000,200000,800000,66.8
PV00881,23,I61,Neurosurgery,98,2-6h,25,0.8516,17.03,10,750000,75000,675000,91.23
PV00882,26,G93,Neurology,80,>3d,5,0.7342,14.68,10,300000,0,300000,61.68
PV00883,43,S72,Orthopedics,76,1-3d,10,0.7123,14.25,8,50000,10000,40000,62.65
PV00884,73,K35,General Surgery,70,>3d,5,0.6499,13.0,4,150000,150000,0,50.0
PV00885,28,T79,Trauma,92,>3d,5,0.8686,17.37,10,75000,25000,50000,69.17
PV00886,73,K80,General Surgery,65,6-24h,20,0.8137,16.27,4,200000,200000,0,66.27
PV00887,18,I60,Neurosurgery,98,1-3d,10,0.7374,14.75,10,1000000,150000,850000,73.95
PV00888,68,K56,General Surgery,85,1-3d,10,0.6324,12.65,4,200000,100000,100000,60.65
PV00889,37,I21,Cardiology,95,6-24h,20,0.8633,17.27,8,750000,10000,740000,83.27
PV00890,83,I71,Cardiovascular Surgery,99,<2h,30,0.8026,16.05,2,200000,10000,190000,87.65
PV00891,50,I61,Neurosurgery,98,6-24h,20,0.7486,14.97,6,300000,100000,200000,80.17
PV00892,36,N20,Urology,55,6-24h,20,0.7236,14.47,8,50000,50000,0,64.47
PV00893,34,O00,Obstetrics,96,>3d,5,0.7961,15.92,8,400000,50000,350000,67.32
PV00894,74,C22,Oncology,73,6-24h,20,0.867,17.34,4,100000,0,100000,70.54
PV00895,45,K80,General Surgery,65,1-3d,10,0.787,15.74,6,200000,50000,150000,57.74
PV00896,41,C18,Oncology,72,>3d,5,0.7011,14.02,8,1000000,0,1000000,55.82
PV00897,68,O00,Obstetrics,96,6-24h,20,0.8142,16.28,4,100000,10000,90000,78.68
PV00898,54,I60,Neurosurgery,98,1-3d,10,0.9246,18.49,6,1000000,200000,800000,73.69
PV00899,63,I61,Neurosurgery,98,<2h,30,0.824,16.48,4,750000,150000,600000,89.68
PV00900,48,C18,Oncology,72,2-6h,25,0.8268,16.54,6,50000,50000,0,76.34
PV00901,22,I21,Cardiology,95,2-6h,25,0.7874,15.75,10,150000,150000,0,88.75
PV00902,18,I60,Neurosurgery,98,6-24h,20,0.731,14.62,10,1000000,200000,800000,83.82
PV00903,20,A41,Critical Care,98,6-24h,20,0.7277,14.55,10,200000,50000,150000,83.75
PV00904,57,I20,Cardiology,80,6-24h,20,0.6538,13.08,6,500000,25000,475000,71.08
PV00905,52,S72,Orthopedics,76,6-24h,20,0.9381,18.76,6,1000000,100000,900000,75.16
PV00906,68,N20,Urology,55,<2h,30,0.8662,17.32,4,50000,50000,0,73.32
PV00907,78,S27,Trauma,88,1-3d,10,0.8282,16.56,2,500000,50000,450000,63.76
PV00908,29,K56,General Surgery,85,<2h,30,0.8496,16.99,10,1000000,50000,950000,90.99
PV00909,83,S36,Trauma,90,1-3d,10,0.854,17.08,2,300000,10000,290000,65.08
PV00910,81,I61,Neurosurgery,98,>3d,5,0.7465,14.93,2,1000000,50000,950000,61.13
PV00911,59,S32,Orthopedics,82,1-3d,10,0.7875,15.75,6,400000,200000,200000,64.55
PV00912,54,K56,General Surgery,85,1-3d,10,0.7726,15.45,6,400000,50000,350000,65.45
PV00913,30,S36,Trauma,90,1-3d,10,0.99,19.8,8,75000,75000,0,73.8
PV00914,30,C22,Oncology,73,1-3d,10,0.922,18.44,8,500000,200000,300000,65.64
PV00915,19,J18,Pulmonology,78,>3d,5,0.8368,16.74,10,750000,150000,600000,62.94
PV00916,61,S72,Orthopedics,76,>3d,5,0.9566,19.13,4,150000,150000,0,58.53
PV00917,47,N17,Nephrology,82,6-24h,20,0.944,18.88,6,75000,0,75000,77.68
PV00918,31,S32,Orthopedics,82,1-3d,10,0.6819,13.64,8,300000,150000,150000,64.44
PV00919,27,J96,Critical Care,98,1-3d,10,0.7977,15.95,10,1000000,0,1000000,75.15
PV00920,22,C34,Oncology,74,<2h,30,0.8184,16.37,10,500000,0,500000,85.97
PV00921,61,I20,Cardiology,80,1-3d,10,0.8812,17.62,4,750000,25000,725000,63.62
PV00922,64,J18,Pulmonology,78,1-3d,10,0.7976,15.95,4,300000,50000,250000,61.15
PV00923,60,S72,Orthopedics,76,1-3d,10,0.8101,16.2,4,200000,0,200000,60.6
PV00924,25,K35,General Surgery,70,6-24h,20,0.7739,15.48,10,150000,75000,75000,73.48
PV00925,20,J96,Critical Care,98,6-24h,20,0.9249,18.5,10,750000,200000,550000,87.7
PV00926,25,K92,Gastroenterology,88,2-6h,25,0.6757,13.51,10,400000,100000,300000,83.71
PV00927,69,N17,Nephrology,82,1-3d,10,0.7773,15.55,4,500000,200000,300000,62.35
PV00928,68,I74,Vascular Surgery,92,>3d,5,0.6356,12.71,4,750000,200000,550000,58.51
PV00929,38,S27,Trauma,88,>3d,5,0.717,14.34,8,1000000,150000,850000,62.54
PV00930,21,J18,Pulmonology,78,6-24h,20,0.8517,17.03,10,750000,10000,740000,78.23
PV00931,39,N17,Nephrology,82,6-24h,20,0.8536,17.07,8,200000,100000,100000,77.87
PV00932,73,C50,Oncology,65,1-3d,10,0.7887,15.77,4,75000,0,75000,55.77
PV00933,27,J96,Critical Care,98,1-3d,10,0.9324,18.65,10,300000,150000,150000,77.85
PV00934,72,C34,Oncology,74,6-24h,20,0.9554,19.11,4,200000,200000,0,72.71
PV00935,49,S72,Orthopedics,76,6-24h,20,0.8131,16.26,6,1000000,0,1000000,72.66
PV00936,27,K92,Gastroenterology,88,2-6h,25,0.845,16.9,10,50000,50000,0,87.1
PV00937,81,K35,General Surgery,70,1-3d,10,0.7747,15.49,2,750000,10000,740000,55.49
PV00938,53,K35,General Surgery,70,1-3d,10,0.8827,17.65,6,400000,75000,325000,61.65
PV00939,63,S72,Orthopedics,76,6-24h,20,0.7006,14.01,4,50000,50000,0,68.41
PV00940,24,O00,Obstetrics,96,>3d,5,0.99,19.8,10,100000,100000,0,73.2
PV00941,43,C50,Oncology,65,1-3d,10,0.934,18.68,8,50000,25000,25000,62.68
PV00942,61,S27,Trauma,88,>3d,5,0.7001,14.0,4,1000000,100000,900000,58.2
PV00943,61,N39,Urology,50,6-24h,20,0.7411,14.82,4,400000,100000,300000,58.82
PV00944,22,O72,Obstetrics,95,6-24h,20,0.8621,17.24,10,400000,100000,300000,85.24
PV00945,59,S06,Neurosurgery,95,>3d,5,0.7862,15.72,6,300000,200000,100000,64.72
PV00946,82,S06,Neurosurgery,95,>3d,5,0.8745,17.49,2,200000,10000,190000,62.49
PV00947,71,C22,Oncology,73,>3d,5,0.7841,15.68,4,75000,0,75000,53.88
PV00948,32,K35,General Surgery,70,1-3d,10,0.9725,19.45,8,500000,75000,425000,65.45
PV00949,80,K92,Gastroenterology,88,6-24h,20,0.8208,16.42,2,75000,0,75000,73.62
PV00950,64,I71,Cardiovascular Surgery,99,2-6h,25,0.99,19.8,4,100000,50000,50000,88.4
PV00951,21,I61,Neurosurgery,98,6-24h,20,0.8803,17.61,10,1000000,75000,925000,86.81
PV00952,26,I74,Vascular Surgery,92,>3d,5,0.6851,13.7,10,50000,50000,0,65.5
PV00953,80,C18,Oncology,72,6-24h,20,0.99,19.8,2,1000000,0,1000000,70.6
PV00954,32,S27,Trauma,88,1-3d,10,0.9299,18.6,8,50000,50000,0,71.8
PV00955,24,S32,Orthopedics,82,>3d,5,0.858,17.16,10,200000,150000,50000,64.96
PV00956,48,C18,Oncology,72,>3d,5,0.8847,17.69,6,300000,0,300000,57.49
PV00957,53,S27,Trauma,88,>3d,5,0.7011,14.02,6,75000,50000,25000,60.22
PV00958,56,C34,Oncology,74,1-3d,10,0.6396,12.79,6,750000,25000,725000,58.39
PV00959,62,C22,Oncology,73,6-24h,20,0.8158,16.32,4,1000000,25000,975000,69.52
PV00960,85,S27,Trauma,88,>3d,5,0.9579,19.16,2,100000,50000,50000,61.36
PV00961,69,K35,General Surgery,70,2-6h,25,0.8596,17.19,4,100000,10000,90000,74.19
PV00962,19,S27,Trauma,88,2-6h,25,0.99,19.8,10,500000,75000,425000,90.0
PV00963,24,G93,Neurology,80,>3d,5,0.9521,19.04,10,150000,0,150000,66.04
PV00964,18,A41,Critical Care,98,1-3d,10,0.8221,16.44,10,50000,0,50000,75.64
PV00965,44,K92,Gastroenterology,88,1-3d,10,0.9384,18.77,8,500000,75000,425000,71.97
PV00966,41,J18,Pulmonology,78,2-6h,25,0.9723,19.45,8,150000,150000,0,83.65
PV00967,81,C18,Oncology,72,6-24h,20,0.812,16.24,2,200000,100000,100000,67.04
PV00968,42,I74,Vascular Surgery,92,>3d,5,0.7986,15.97,8,400000,25000,375000,65.77
PV00969,20,N39,Urology,50,1-3d,10,0.834,16.68,10,300000,25000,275000,56.68
PV00970,78,I60,Neurosurgery,98,6-24h,20,0.5788,11.58,2,750000,50000,700000,72.78
PV00971,35,I71,Cardiovascular Surgery,99,1-3d,10,0.848,16.96,8,500000,0,500000,74.56
PV00972,80,S27,Trauma,88,>3d,5,0.892,17.84,2,1000000,100000,900000,60.04
PV00973,70,O72,Obstetrics,95,>3d,5,0.8345,16.69,4,1000000,10000,990000,63.69
PV00974,77,O72,Obstetrics,95,6-24h,20,0.8545,17.09,2,400000,100000,300000,77.09
PV00975,73,K35,General Surgery,70,1-3d,10,0.8157,16.31,4,300000,25000,275000,58.31
PV00976,27,A41,Critical Care,98,6-24h,20,0.6203,12.41,10,200000,50000,150000,81.61
PV00977,60,I61,Neurosurgery,98,6-24h,20,0.9863,19.73,4,400000,50000,350000,82.93
PV00978,46,J18,Pulmonology,78,2-6h,25,0.7832,15.66,6,50000,10000,40000,77.86
PV00979,60,K85,General Surgery,82,1-3d,10,0.7582,15.16,4,200000,10000,190000,61.96
PV00980,68,N17,Nephrology,82,1-3d,10,0.9558,19.12,4,100000,10000,90000,65.92
PV00981,52,J18,Pulmonology,78,6-24h,20,0.9179,18.36,6,300000,150000,150000,75.56
PV00982,39,N20,Urology,55,6-24h,20,0.8473,16.95,8,1000000,10000,990000,66.95
PV00983,80,N17,Nephrology,82,2-6h,25,0.8969,17.94,2,200000,10000,190000,77.74
PV00984,63,C34,Oncology,74,2-6h,25,0.7045,14.09,4,300000,10000,290000,72.69
PV00985,78,J18,Pulmonology,78,1-3d,10,0.8119,16.24,2,200000,50000,150000,59.44
PV00986,34,C34,Oncology,74,6-24h,20,0.9495,18.99,8,150000,75000,75000,76.59
PV00987,75,C18,Oncology,72,2-6h,25,0.7523,15.05,2,400000,50000,350000,70.85
PV00988,39,I74,Vascular Surgery,92,>3d,5,0.7202,14.4,8,100000,75000,25000,64.2
PV00989,49,J96,Critical Care,98,6-24h,20,0.8279,16.56,6,750000,75000,675000,81.76
PV00990,76,S32,Orthopedics,82,>3d,5,0.8302,16.6,2,75000,10000,65000,56.4
PV00991,42,K85,General Surgery,82,1-3d,10,0.8848,17.7,8,100000,0,100000,68.5
PV00992,35,N17,Nephrology,82,1-3d,10,0.6822,13.64,8,500000,100000,400000,64.44
PV00993,80,K56,General Surgery,85,1-3d,10,0.5651,11.3,2,50000,50000,0,57.3
PV00994,83,S27,Trauma,88,2-6h,25,0.9121,18.24,2,200000,0,200000,80.44
PV00995,39,O00,Obstetrics,96,1-3d,10,0.7117,14.23,8,150000,150000,0,70.63
PV00996,38,C18,Oncology,72,1-3d,10,0.759,15.18,8,1000000,200000,800000,61.98
PV00997,33,O00,Obstetrics,96,6-24h,20,0.6017,12.03,8,75000,75000,0,78.43
PV00998,19,K85,General Surgery,82,1-3d,10,0.9223,18.45,10,200000,75000,125000,71.25
PV00999,55,K92,Gastroenterology,88,1-3d,10,0.855,17.1,6,200000,25000,175000,68.3
PV01000,35,O00,Obstetrics,96,>3d,5,0.851,17.02,8,750000,75000,675000,68.42
PV01001,75,T79,Trauma,92,1-3d,10,0.8503,17.01,2,300000,0,300000,65.81
PV01002,29,K80,General Surgery,65,<2h,30,0.614,12.28,10,75000,25000,50000,78.28
PV01003,61,N17,Nephrology,82,>3d,5,0.7215,14.43,4,750000,50000,700000,56.23
PV01004,52,I20,Cardiology,80,>3d,5,0.7748,15.5,6,75000,75000,0,58.5
PV01005,59,S06,Neurosurgery,95,1-3d,10,0.7451,14.9,6,400000,25000,375000,68.9
PV01006,25,N39,Urology,50,2-6h,25,0.7928,15.86,10,100000,50000,50000,70.86
PV01007,49,G93,Neurology,80,1-3d,10,0.8446,16.89,6,75000,75000,0,64.89
PV01008,60,O00,Obstetrics,96,1-3d,10,0.9206,18.41,4,75000,75000,0,70.81
PV01009,41,K80,General Surgery,65,6-24h,20,0.672,13.44,8,1000000,150000,850000,67.44
PV01010,77,O00,Obstetrics,96,>3d,5,0.8191,16.38,2,1000000,0,1000000,61.78
PV01011,54,I71,Cardiovascular Surgery,99,1-3d,10,0.8912,17.82,6,400000,75000,325000,73.42
PV01012,42,S32,Orthopedics,82,>3d,5,0.7276,14.55,8,750000,50000,700000,60.35
PV01013,20,J96,Critical Care,98,1-3d,10,0.8007,16.01,10,1000000,75000,925000,75.21
PV01014,29,I74,Vascular Surgery,92,6-24h,20,0.8667,17.33,10,150000,150000,0,84.13
PV01015,50,O00,Obstetrics,96,>3d,5,0.8211,16.42,6,500000,25000,475000,65.82
PV01016,45,G93,Neurology,80,1-3d,10,0.8874,17.75,6,300000,75000,225000,65.75
PV01017,77,S36,Trauma,90,6-24h,20,0.8295,16.59,2,75000,75000,0,74.59
PV01018,71,O72,Obstetrics,95,6-24h,20,0.7888,15.78,4,300000,75000,225000,77.78
PV01019,28,I60,Neurosurgery,98,2-6h,25,0.7027,14.05,10,50000,50000,0,88.25
PV01020,58,S06,Neurosurgery,95,1-3d,10,0.8447,16.89,6,400000,200000,200000,70.89
PV01021,48,I60,Neurosurgery,98,6-24h,20,0.83,16.6,6,100000,0,100000,81.8
PV01022,24,I61,Neurosurgery,98,>3d,5,0.7207,14.41,10,75000,50000,25000,68.61
PV01023,63,I20,Cardiology,80,>3d,5,0.8782,17.56,4,500000,50000,450000,58.56
PV01024,54,G93,Neurology,80,1-3d,10,0.9468,18.94,6,150000,0,150000,66.94
PV01025,23,T79,Trauma,92,6-24h,20,0.754,15.08,10,200000,50000,150000,81.88
PV01026,49,I60,Neurosurgery,98,1-3d,10,0.7472,14.94,6,50000,50000,0,70.14
PV01027,67,I61,Neurosurgery,98,<2h,30,0.7436,14.87,4,50000,50000,0,88.07
PV01028,40,I71,Cardiovascular Surgery,99,1-3d,10,0.6521,13.04,8,1000000,0,1000000,70.64
PV01029,42,N17,Nephrology,82,6-24h,20,0.99,19.8,8,300000,200000,100000,80.6
PV01030,25,K85,General Surgery,82,>3d,5,0.7751,15.5,10,200000,150000,50000,63.3
PV01031,31,O72,Obstetrics,95,6-24h,20,0.7342,14.68,8,400000,200000,200000,80.68
PV01032,84,K56,General Surgery,85,6-24h,20,0.7073,14.15,2,500000,10000,490000,70.15
PV01033,60,N20,Urology,55,>3d,5,0.7812,15.62,4,75000,75000,0,46.62
PV01034,29,I74,Vascular Surgery,92,1-3d,10,0.7505,15.01,10,1000000,0,1000000,71.81
PV01035,50,I60,Neurosurgery,98,>3d,5,0.9638,19.28,6,400000,0,400000,69.48
PV01036,31,K80,General Surgery,65,>3d,5,0.6951,13.9,8,150000,25000,125000,52.9
PV01037,48,N39,Urology,50,6-24h,20,0.6661,13.32,6,100000,100000,0,59.32
PV01038,27,I21,Cardiology,95,6-24h,20,0.8752,17.5,10,50000,50000,0,85.5
PV01039,60,S72,Orthopedics,76,1-3d,10,0.8093,16.19,4,100000,100000,0,60.59
PV01040,56,T79,Trauma,92,1-3d,10,0.7977,15.95,6,150000,0,150000,68.75
PV01041,61,N20,Urology,55,>3d,5,0.876,17.52,4,100000,100000,0,48.52
PV01042,48,G93,Neurology,80,6-24h,20,0.8337,16.67,6,400000,25000,375000,74.67
PV01043,37,S27,Trauma,88,1-3d,10,0.8153,16.31,8,100000,100000,0,69.51
PV01044,34,S36,Trauma,90,6-24h,20,0.6794,13.59,8,200000,25000,175000,77.59
PV01045,32,N20,Urology,55,1-3d,10,0.6532,13.06,8,300000,75000,225000,53.06
PV01046,47,K35,General Surgery,70,1-3d,10,0.75,15.0,6,50000,0,50000,59.0
PV01047,48,J96,Critical Care,98,>3d,5,0.7116,14.23,6,75000,75000,0,64.43
PV01048,63,C18,Oncology,72,6-24h,20,0.8469,16.94,4,50000,0,50000,69.74
PV01049,21,C50,Oncology,65,6-24h,20,0.6401,12.8,10,400000,200000,200000,68.8
PV01050,37,S06,Neurosurgery,95,6-24h,20,0.7753,15.51,8,400000,200000,200000,81.51
PV01051,75,O00,Obstetrics,96,2-6h,25,0.8027,16.05,2,75000,10000,65000,81.45
PV01052,80,K85,General Surgery,82,6-24h,20,0.816,16.32,2,500000,100000,400000,71.12
PV01053,81,O00,Obstetrics,96,>3d,5,0.8599,17.2,2,750000,25000,725000,62.6
PV01054,38,K92,Gastroenterology,88,6-24h,20,0.7873,15.75,8,75000,25000,50000,78.95
PV01055,27,I61,Neurosurgery,98,6-24h,20,0.7533,15.07,10,75000,25000,50000,84.27
PV01056,31,C22,Oncology,73,1-3d,10,0.9444,18.89,8,500000,10000,490000,66.09
PV01057,26,S72,Orthopedics,76,2-6h,25,0.788,15.76,10,150000,150000,0,81.16
PV01058,82,S32,Orthopedics,82,6-24h,20,0.9619,19.24,2,150000,0,150000,74.04
PV01059,78,S27,Trauma,88,>3d,5,0.7875,15.75,2,300000,25000,275000,57.95
PV01060,73,I74,Vascular Surgery,92,2-6h,25,0.8184,16.37,4,50000,25000,25000,82.17
PV01061,67,S32,Orthopedics,82,6-24h,20,0.8061,16.12,4,200000,50000,150000,72.92
PV01062,41,C50,Oncology,65,1-3d,10,0.8431,16.86,8,150000,25000,125000,60.86
PV01063,50,K35,General Surgery,70,6-24h,20,0.778,15.56,6,750000,100000,650000,69.56
PV01064,75,N20,Urology,55,6-24h,20,0.8296,16.59,2,500000,200000,300000,60.59
PV01065,73,K80,General Surgery,65,6-24h,20,0.9731,19.46,4,100000,100000,0,69.46
PV01066,53,S36,Trauma,90,6-24h,20,0.9249,18.5,6,400000,10000,390000,80.5
PV01067,74,N39,Urology,50,>3d,5,0.9256,18.51,4,200000,200000,0,47.51
PV01068,41,C34,Oncology,74,6-24h,20,0.6858,13.72,8,200000,50000,150000,71.32
PV01069,46,K85,General Surgery,82,6-24h,20,0.702,14.04,6,500000,25000,475000,72.84
PV01070,75,I21,Cardiology,95,6-24h,20,0.8418,16.84,2,100000,100000,0,76.84
PV01071,43,C50,Oncology,65,>3d,5,0.8971,17.94,8,300000,200000,100000,56.94
PV01072,69,A41,Critical Care,98,2-6h,25,0.7681,15.36,4,200000,25000,175000,83.56
PV01073,48,K80,General Surgery,65,>3d,5,0.7502,15.0,6,400000,10000,390000,52.0
PV01074,38,O00,Obstetrics,96,6-24h,20,0.9594,19.19,8,150000,150000,0,85.59
PV01075,32,O72,Obstetrics,95,>3d,5,0.8886,17.77,8,1000000,50000,950000,68.77
PV01076,59,K35,General Surgery,70,6-24h,20,0.9258,18.52,6,150000,100000,50000,72.52
PV01077,50,N20,Urology,55,2-6h,25,0.7759,15.52,6,75000,50000,25000,68.52
PV01078,43,K35,General Surgery,70,1-3d,10,0.768,15.36,8,200000,0,200000,61.36
PV01079,68,S27,Trauma,88,6-24h,20,0.9149,18.3,4,100000,25000,75000,77.5
PV01080,18,G93,Neurology,80,1-3d,10,0.7937,15.87,10,200000,150000,50000,67.87
PV01081,24,N39,Urology,50,1-3d,10,0.7589,15.18,10,1000000,200000,800000,55.18
PV01082,83,C22,Oncology,73,1-3d,10,0.7287,14.57,2,75000,25000,50000,55.77
PV01083,63,K92,Gastroenterology,88,2-6h,25,0.7689,15.38,4,50000,50000,0,79.58
PV01084,55,N17,Nephrology,82,1-3d,10,0.9075,18.15,6,100000,0,100000,66.95
PV01085,19,A41,Critical Care,98,6-24h,20,0.669,13.38,10,200000,10000,190000,82.58
PV01086,58,G93,Neurology,80,>3d,5,0.8829,17.66,6,75000,75000,0,60.66
PV01087,47,T79,Trauma,92,1-3d,10,0.7492,14.98,6,400000,0,400000,67.78
PV01088,58,C22,Oncology,73,1-3d,10,0.799,15.98,6,400000,100000,300000,61.18
PV01089,20,C34,Oncology,74,>3d,5,0.8054,16.11,10,500000,200000,300000,60.71
PV01090,55,K35,General Surgery,70,1-3d,10,0.7979,15.96,6,200000,0,200000,59.96
PV01091,57,O00,Obstetrics,96,1-3d,10,0.7913,15.83,6,1000000,75000,925000,70.23
PV01092,37,S72,Orthopedics,76,6-24h,20,0.7756,15.51,8,400000,25000,375000,73.91
PV01093,21,G93,Neurology,80,1-3d,10,0.7629,15.26,10,1000000,100000,900000,67.26
PV01094,84,S36,Trauma,90,6-24h,20,0.952,19.04,2,50000,50000,0,77.04
PV01095,66,I74,Vascular Surgery,92,<2h,30,0.8225,16.45,4,400000,0,400000,87.25
PV01096,60,I61,Neurosurgery,98,1-3d,10,0.8074,16.15,4,150000,100000,50000,69.35
PV01097,70,G93,Neurology,80,<2h,30,0.7555,15.11,4,75000,10000,65000,81.11
PV01098,63,K80,General Surgery,65,1-3d,10,0.7792,15.58,4,75000,75000,0,55.58
PV01099,27,I60,Neurosurgery,98,2-6h,25,0.7559,15.12,10,75000,50000,25000,89.32
PV01100,48,S72,Orthopedics,76,6-24h,20,0.8965,17.93,6,50000,50000,0,74.33
PV01101,78,O72,Obstetrics,95,>3d,5,0.7446,14.89,2,200000,150000,50000,59.89
PV01102,37,O72,Obstetrics,95,2-6h,25,0.5954,11.91,8,500000,75000,425000,82.91
PV01103,84,N39,Urology,50,1-3d,10,0.8258,16.52,2,200000,25000,175000,48.52
PV01104,22,K35,General Surgery,70,1-3d,10,0.7921,15.84,10,75000,75000,0,63.84
PV01105,40,I74,Vascular Surgery,92,>3d,5,0.7614,15.23,8,500000,75000,425000,65.03
PV01106,41,K56,General Surgery,85,2-6h,25,0.9112,18.22,8,75000,0,75000,85.22
PV01107,59,J96,Critical Care,98,1-3d,10,0.5466,10.93,6,750000,75000,675000,66.13
PV01108,29,N39,Urology,50,6-24h,20,0.9776,19.55,10,150000,25000,125000,69.55
PV01109,33,K92,Gastroenterology,88,6-24h,20,0.9255,18.51,8,50000,10000,40000,81.71
PV01110,63,I60,Neurosurgery,98,6-24h,20,0.7572,15.14,4,100000,75000,25000,78.34
PV01111,37,C18,Oncology,72,6-24h,20,0.7749,15.5,8,750000,75000,675000,72.3
PV01112,77,A41,Critical Care,98,6-24h,20,0.8704,17.41,2,1000000,100000,900000,78.61
PV01113,77,K56,General Surgery,85,2-6h,25,0.8731,17.46,2,200000,50000,150000,78.46
PV01114,38,I71,Cardiovascular Surgery,99,6-24h,20,0.7566,15.13,8,1000000,100000,900000,82.73
PV01115,56,K56,General Surgery,85,1-3d,10,0.6583,13.17,6,100000,25000,75000,63.17
PV01116,40,O72,Obstetrics,95,6-24h,20,0.99,19.8,8,200000,75000,125000,85.8
PV01117,41,C22,Oncology,73,2-6h,25,0.9156,18.31,8,200000,200000,0,80.51
PV01118,63,J18,Pulmonology,78,6-24h,20,0.8357,16.71,4,100000,75000,25000,71.91
PV01119,37,N20,Urology,55,6-24h,20,0.8376,16.75,8,150000,100000,50000,66.75
PV01120,28,O72,Obstetrics,95,1-3d,10,0.8821,17.64,10,200000,25000,175000,75.64
PV01121,35,I21,Cardiology,95,>3d,5,0.8941,17.88,8,400000,100000,300000,68.88
PV01122,81,I61,Neurosurgery,98,1-3d,10,0.6114,12.23,2,200000,150000,50000,63.43
PV01123,35,I71,Cardiovascular Surgery,99,1-3d,10,0.7849,15.7,8,75000,75000,0,73.3
PV01124,42,J96,Critical Care,98,<2h,30,0.7745,15.49,8,200000,200000,0,92.69
PV01125,60,G93,Neurology,80,>3d,5,0.8039,16.08,4,750000,25000,725000,57.08
PV01126,24,G93,Neurology,80,6-24h,20,0.8971,17.94,10,50000,50000,0,79.94
PV01127,36,G93,Neurology,80,6-24h,20,0.641,12.82,8,1000000,25000,975000,72.82
PV01128,29,C34,Oncology,74,6-24h,20,0.6851,13.7,10,75000,75000,0,73.3
PV01129,80,N17,Nephrology,82,2-6h,25,0.7518,15.04,2,50000,0,50000,74.84
PV01130,81,C34,Oncology,74,1-3d,10,0.8354,16.71,2,75000,75000,0,58.31
PV01131,69,S27,Trauma,88,6-24h,20,0.9032,18.06,4,100000,10000,90000,77.26
PV01132,34,C50,Oncology,65,6-24h,20,0.9831,19.66,8,150000,10000,140000,73.66
PV01133,59,S32,Orthopedics,82,2-6h,25,0.7914,15.83,6,750000,75000,675000,79.63
PV01134,63,K80,General Surgery,65,>3d,5,0.903,18.06,4,300000,75000,225000,53.06
PV01135,77,C18,Oncology,72,1-3d,10,0.891,17.82,2,400000,10000,390000,58.62
PV01136,28,I60,Neurosurgery,98,>3d,5,0.8742,17.48,10,750000,75000,675000,71.68
PV01137,68,N20,Urology,55,>3d,5,0.8176,16.35,4,75000,75000,0,47.35
PV01138,31,K85,General Surgery,82,>3d,5,0.78,15.6,8,100000,50000,50000,61.4
PV01139,56,K80,General Surgery,65,6-24h,20,0.7135,14.27,6,1000000,75000,925000,66.27
PV01140,77,N17,Nephrology,82,2-6h,25,0.7068,14.14,2,500000,150000,350000,73.94
PV01141,22,I20,Cardiology,80,6-24h,20,0.8547,17.09,10,50000,10000,40000,79.09
PV01142,28,K85,General Surgery,82,6-24h,20,0.8146,16.29,10,100000,25000,75000,79.09
PV01143,73,N39,Urology,50,1-3d,10,0.7784,15.57,4,150000,150000,0,49.57
PV01144,19,G93,Neurology,80,<2h,30,0.8865,17.73,10,50000,10000,40000,89.73
PV01145,64,I74,Vascular Surgery,92,2-6h,25,0.8,16.0,4,300000,25000,275000,81.8
PV01146,52,O72,Obstetrics,95,1-3d,10,0.7287,14.57,6,400000,25000,375000,68.57
PV01147,41,O00,Obstetrics,96,2-6h,25,0.7934,15.87,8,150000,150000,0,87.27
PV01148,76,S32,Orthopedics,82,<2h,30,0.9021,18.04,2,100000,10000,90000,82.84
PV01149,75,C50,Oncology,65,2-6h,25,0.7176,14.35,2,200000,25000,175000,67.35
PV01150,40,G93,Neurology,80,1-3d,10,0.8409,16.82,8,1000000,50000,950000,66.82
PV01151,18,S36,Trauma,90,2-6h,25,0.8145,16.29,10,500000,0,500000,87.29
PV01152,26,O00,Obstetrics,96,2-6h,25,0.7439,14.88,10,1000000,0,1000000,88.28
PV01153,25,S27,Trauma,88,6-24h,20,0.7907,15.81,10,300000,50000,250000,81.01
PV01154,84,N39,Urology,50,1-3d,10,0.6628,13.26,2,75000,0,75000,45.26
PV01155,58,I74,Vascular Surgery,92,2-6h,25,0.831,16.62,6,50000,50000,0,84.42
PV01156,64,J18,Pulmonology,78,<2h,30,0.6835,13.67,4,75000,50000,25000,78.87
PV01157,33,S06,Neurosurgery,95,>3d,5,0.9272,18.54,8,300000,0,300000,69.54
PV01158,75,G93,Neurology,80,>3d,5,0.8108,16.22,2,100000,75000,25000,55.22
PV01159,67,S36,Trauma,90,2-6h,25,0.7628,15.26,4,150000,150000,0,80.26
PV01160,69,K85,General Surgery,82,6-24h,20,0.9361,18.72,4,1000000,75000,925000,75.52
PV01161,49,J18,Pulmonology,78,2-6h,25,0.7168,14.34,6,50000,50000,0,76.54
PV01162,65,O72,Obstetrics,95,1-3d,10,0.7452,14.9,4,50000,0,50000,66.9
PV01163,54,G93,Neurology,80,6-24h,20,0.6371,12.74,6,150000,100000,50000,70.74
PV01164,44,O00,Obstetrics,96,>3d,5,0.951,19.02,8,500000,200000,300000,70.42
PV01165,58,O00,Obstetrics,96,1-3d,10,0.99,19.8,6,750000,25000,725000,74.2
PV01166,40,S06,Neurosurgery,95,1-3d,10,0.6526,13.05,8,100000,0,100000,69.05
PV01167,82,I21,Cardiology,95,<2h,30,0.7384,14.77,2,100000,10000,90000,84.77
PV01168,66,S36,Trauma,90,>3d,5,0.827,16.54,4,300000,100000,200000,61.54
PV01169,68,C22,Oncology,73,1-3d,10,0.7684,15.37,4,750000,100000,650000,58.57
PV01170,66,N39,Urology,50,1-3d,10,0.8169,16.34,4,75000,75000,0,50.34
PV01171,48,C18,Oncology,72,<2h,30,0.8082,16.16,6,750000,50000,700000,80.96
PV01172,82,C18,Oncology,72,1-3d,10,0.8608,17.22,2,750000,200000,550000,58.02
PV01173,32,S36,Trauma,90,1-3d,10,0.7239,14.48,8,100000,25000,75000,68.48
PV01174,56,K56,General Surgery,85,>3d,5,0.8393,16.79,6,400000,75000,325000,61.79
PV01175,22,I21,Cardiology,95,1-3d,10,0.7084,14.17,10,400000,100000,300000,72.17
PV01176,38,K85,General Surgery,82,6-24h,20,0.7788,15.58,8,50000,25000,25000,76.38
PV01177,57,I74,Vascular Surgery,92,6-24h,20,0.6463,12.93,6,200000,25000,175000,75.73
PV01178,51,K56,General Surgery,85,1-3d,10,0.7795,15.59,6,100000,100000,0,65.59
PV01179,81,J96,Critical Care,98,>3d,5,0.7627,15.25,2,50000,50000,0,61.45
PV01180,59,I21,Cardiology,95,1-3d,10,0.9144,18.29,6,200000,75000,125000,72.29
PV01181,45,C18,Oncology,72,6-24h,20,0.8141,16.28,6,500000,75000,425000,71.08
PV01182,47,N39,Urology,50,<2h,30,0.8323,16.65,6,300000,150000,150000,72.65
PV01183,59,C50,Oncology,65,1-3d,10,0.8178,16.36,6,50000,50000,0,58.36
PV01184,71,S72,Orthopedics,76,>3d,5,0.6071,12.14,4,750000,50000,700000,51.54
PV01185,36,S27,Trauma,88,<2h,30,0.6203,12.41,8,50000,25000,25000,85.61
PV01186,57,I74,Vascular Surgery,92,6-24h,20,0.7881,15.76,6,150000,150000,0,78.56
PV01187,57,K35,General Surgery,70,>3d,5,0.8479,16.96,6,300000,50000,250000,55.96
PV01188,18,J18,Pulmonology,78,6-24h,20,0.7965,15.93,10,1000000,200000,800000,77.13
PV01189,80,N17,Nephrology,82,6-24h,20,0.7336,14.67,2,500000,200000,300000,69.47
PV01190,56,I21,Cardiology,95,6-24h,20,0.796,15.92,6,75000,75000,0,79.92
PV01191,34,S27,Trauma,88,6-24h,20,0.7873,15.75,8,200000,100000,100000,78.95
PV01192,61,I71,Cardiovascular Surgery,99,2-6h,25,0.8979,17.96,4,750000,200000,550000,86.56
PV01193,64,K56,General Surgery,85,1-3d,10,0.8923,17.85,4,100000,25000,75000,65.85
PV01194,80,N20,Urology,55,1-3d,10,0.7647,15.29,2,1000000,50000,950000,49.29
PV01195,20,O00,Obstetrics,96,1-3d,10,0.815,16.3,10,300000,75000,225000,74.7
PV01196,46,C34,Oncology,74,1-3d,10,0.8476,16.95,6,400000,10000,390000,62.55
PV01197,30,N20,Urology,55,<2h,30,0.8625,17.25,8,400000,75000,325000,77.25
PV01198,57,C22,Oncology,73,2-6h,25,0.9853,19.71,6,1000000,100000,900000,79.91
PV01199,52,T79,Trauma,92,2-6h,25,0.8172,16.34,6,400000,75000,325000,84.14
PV01200,50,C18,Oncology,72,2-6h,25,0.9369,18.74,6,200000,100000,100000,78.54
PV01201,84,I20,Cardiology,80,1-3d,10,0.704,14.08,2,300000,0,300000,58.08
PV01202,54,O72,Obstetrics,95,2-6h,25,0.7562,15.12,6,400000,50000,350000,84.12
PV01203,45,C22,Oncology,73,1-3d,10,0.6064,12.13,6,300000,200000,100000,57.33
PV01204,22,K80,General Surgery,65,2-6h,25,0.8351,16.7,10,50000,25000,25000,77.7
PV01205,37,C34,Oncology,74,2-6h,25,0.8848,17.7,8,1000000,50000,950000,80.3
PV01206,79,N39,Urology,50,2-6h,25,0.5645,11.29,2,100000,75000,25000,58.29
PV01207,48,O00,Obstetrics,96,6-24h,20,0.8388,16.78,6,400000,100000,300000,81.18
PV01208,79,N20,Urology,55,1-3d,10,0.8804,17.61,2,300000,10000,290000,51.61
PV01209,54,I71,Cardiovascular Surgery,99,1-3d,10,0.8747,17.49,6,75000,0,75000,73.09
PV01210,55,K92,Gastroenterology,88,2-6h,25,0.7004,14.01,6,750000,150000,600000,80.21
PV01211,47,C18,Oncology,72,1-3d,10,0.8973,17.95,6,50000,50000,0,62.75
PV01212,55,S32,Orthopedics,82,1-3d,10,0.8209,16.42,6,1000000,200000,800000,65.22
PV01213,22,S72,Orthopedics,76,6-24h,20,0.8791,17.58,10,1000000,200000,800000,77.98
PV01214,21,I20,Cardiology,80,<2h,30,0.8074,16.15,10,300000,10000,290000,88.15
PV01215,50,I61,Neurosurgery,98,2-6h,25,0.8581,17.16,6,1000000,25000,975000,87.36
PV01216,58,S06,Neurosurgery,95,2-6h,25,0.9309,18.62,6,750000,150000,600000,87.62
PV01217,55,O00,Obstetrics,96,>3d,5,0.7996,15.99,6,750000,25000,725000,65.39
PV01218,47,N20,Urology,55,6-24h,20,0.8484,16.97,6,500000,10000,490000,64.97
PV01219,37,T79,Trauma,92,1-3d,10,0.945,18.9,8,1000000,10000,990000,73.7
PV01220,66,S72,Orthopedics,76,1-3d,10,0.8067,16.13,4,500000,75000,425000,60.53
PV01221,59,C34,Oncology,74,6-24h,20,0.7075,14.15,6,750000,50000,700000,69.75
PV01222,21,N17,Nephrology,82,1-3d,10,0.8876,17.75,10,75000,75000,0,70.55
PV01223,48,K92,Gastroenterology,88,<2h,30,0.9635,19.27,6,200000,200000,0,90.47
PV01224,66,C34,Oncology,74,6-24h,20,0.9489,18.98,4,200000,0,200000,72.58
PV01225,71,S27,Trauma,88,2-6h,25,0.8915,17.83,4,1000000,200000,800000,82.03
PV01226,37,C22,Oncology,73,6-24h,20,0.5856,11.71,8,200000,0,200000,68.91
PV01227,80,S06,Neurosurgery,95,6-24h,20,0.7564,15.13,2,200000,100000,100000,75.13
PV01228,62,C22,Oncology,73,1-3d,10,0.7615,15.23,4,500000,200000,300000,58.43
PV01229,47,K35,General Surgery,70,1-3d,10,0.8245,16.49,6,400000,25000,375000,60.49
PV01230,60,I71,Cardiovascular Surgery,99,1-3d,10,0.9888,19.78,4,300000,10000,290000,73.38
PV01231,77,T79,Trauma,92,<2h,30,0.7119,14.24,2,1000000,0,1000000,83.04
PV01232,33,K80,General Surgery,65,>3d,5,0.99,19.8,8,750000,25000,725000,58.8
PV01233,28,C22,Oncology,73,<2h,30,0.7818,15.64,10,500000,200000,300000,84.84
PV01234,47,K80,General Surgery,65,1-3d,10,0.7433,14.87,6,1000000,50000,950000,56.87
PV01235,23,C34,Oncology,74,1-3d,10,0.9045,18.09,10,50000,50000,0,67.69
PV01236,74,K85,General Surgery,82,1-3d,10,0.9124,18.25,4,300000,0,300000,65.05
PV01237,83,I21,Cardiology,95,6-24h,20,0.885,17.7,2,50000,50000,0,77.7
PV01238,59,S06,Neurosurgery,95,1-3d,10,0.7431,14.86,6,500000,10000,490000,68.86
PV01239,84,I71,Cardiovascular Surgery,99,1-3d,10,0.8702,17.4,2,75000,75000,0,69.0
PV01240,22,I60,Neurosurgery,98,2-6h,25,0.7166,14.33,10,300000,150000,150000,88.53
PV01241,61,O00,Obstetrics,96,1-3d,10,0.7403,14.81,4,500000,150000,350000,67.21
PV01242,48,S32,Orthopedics,82,<2h,30,0.8105,16.21,6,400000,75000,325000,85.01
PV01243,36,K92,Gastroenterology,88,6-24h,20,0.738,14.76,8,50000,50000,0,77.96
PV01244,39,O72,Obstetrics,95,1-3d,10,0.9253,18.51,8,200000,50000,150000,74.51
PV01245,55,I20,Cardiology,80,1-3d,10,0.7622,15.24,6,500000,100000,400000,63.24
PV01246,61,C22,Oncology,73,6-24h,20,0.798,15.96,4,1000000,100000,900000,69.16
PV01247,29,G93,Neurology,80,6-24h,20,0.732,14.64,10,750000,10000,740000,76.64
PV01248,59,S72,Orthopedics,76,6-24h,20,0.9238,18.48,6,750000,25000,725000,74.88
PV01249,81,I74,Vascular Surgery,92,6-24h,20,0.7534,15.07,2,150000,150000,0,73.87
PV01250,18,C22,Oncology,73,1-3d,10,0.9342,18.68,10,500000,50000,450000,67.88
PV01251,77,J96,Critical Care,98,6-24h,20,0.9269,18.54,2,75000,10000,65000,79.74
PV01252,59,S27,Trauma,88,1-3d,10,0.7754,15.51,6,150000,150000,0,66.71
PV01253,41,I61,Neurosurgery,98,6-24h,20,0.823,16.46,8,100000,100000,0,83.66
PV01254,67,S32,Orthopedics,82,2-6h,25,0.7726,15.45,4,200000,150000,50000,77.25
PV01255,60,C34,Oncology,74,6-24h,20,0.8746,17.49,4,750000,50000,700000,71.09
PV01256,70,I61,Neurosurgery,98,<2h,30,0.8006,16.01,4,750000,75000,675000,89.21
PV01257,23,A41,Critical Care,98,6-24h,20,0.7783,15.57,10,750000,200000,550000,84.77
PV01258,22,N17,Nephrology,82,6-24h,20,0.8246,16.49,10,1000000,75000,925000,79.29
PV01259,61,N17,Nephrology,82,6-24h,20,0.6618,13.24,4,50000,50000,0,70.04
PV01260,38,T79,Trauma,92,6-24h,20,0.8124,16.25,8,1000000,150000,850000,81.05
PV01261,34,J96,Critical Care,98,1-3d,10,0.885,17.7,8,750000,150000,600000,74.9
PV01262,46,N39,Urology,50,>3d,5,0.8338,16.68,6,500000,75000,425000,47.68
PV01263,67,S72,Orthopedics,76,1-3d,10,0.9152,18.3,4,50000,25000,25000,62.7
PV01264,30,T79,Trauma,92,6-24h,20,0.7823,15.65,8,500000,25000,475000,80.45
PV01265,84,J96,Critical Care,98,<2h,30,0.7741,15.48,2,400000,150000,250000,86.68
PV01266,46,I60,Neurosurgery,98,2-6h,25,0.7083,14.17,6,50000,50000,0,84.37
PV01267,28,I60,Neurosurgery,98,1-3d,10,0.7794,15.59,10,100000,10000,90000,74.79
PV01268,22,S36,Trauma,90,1-3d,10,0.99,19.8,10,500000,10000,490000,75.8
PV01269,76,K92,Gastroenterology,88,<2h,30,0.8476,16.95,2,75000,75000,0,84.15
PV01270,25,I60,Neurosurgery,98,2-6h,25,0.7614,15.23,10,150000,150000,0,89.43
PV01271,46,S36,Trauma,90,6-24h,20,0.7194,14.39,6,400000,50000,350000,76.39
PV01272,63,S06,Neurosurgery,95,6-24h,20,0.6601,13.2,4,750000,100000,650000,75.2
PV01273,52,N39,Urology,50,>3d,5,0.737,14.74,6,100000,25000,75000,45.74
PV01274,35,C50,Oncology,65,2-6h,25,0.8959,17.92,8,50000,50000,0,76.92
PV01275,25,K80,General Surgery,65,<2h,30,0.7773,15.55,10,750000,50000,700000,81.55
PV01276,66,N20,Urology,55,6-24h,20,0.7242,14.48,4,1000000,25000,975000,60.48
PV01277,51,C34,Oncology,74,2-6h,25,0.7352,14.7,6,750000,150000,600000,75.3
PV01278,21,S32,Orthopedics,82,2-6h,25,0.8849,17.7,10,200000,200000,0,85.5
PV01279,30,I21,Cardiology,95,6-24h,20,0.8119,16.24,8,500000,25000,475000,82.24
PV01280,56,G93,Neurology,80,6-24h,20,0.7573,15.15,6,75000,25000,50000,73.15
PV01281,29,K80,General Surgery,65,2-6h,25,0.7892,15.78,10,400000,0,400000,76.78
PV01282,44,K80,General Surgery,65,1-3d,10,0.99,19.8,8,400000,150000,250000,63.8
PV01283,26,S36,Trauma,90,6-24h,20,0.942,18.84,10,400000,100000,300000,84.84
PV01284,72,T79,Trauma,92,<2h,30,0.9669,19.34,4,400000,150000,250000,90.14
PV01285,60,S36,Trauma,90,>3d,5,0.6448,12.9,4,750000,75000,675000,57.9
PV01286,71,I60,Neurosurgery,98,6-24h,20,0.8049,16.1,4,500000,200000,300000,79.3
PV01287,21,N39,Urology,50,>3d,5,0.7555,15.11,10,50000,10000,40000,50.11
PV01288,43,J96,Critical Care,98,>3d,5,0.8744,17.49,8,500000,25000,475000,69.69
PV01289,36,S06,Neurosurgery,95,6-24h,20,0.926,18.52,8,500000,50000,450000,84.52
PV01290,60,C18,Oncology,72,6-24h,20,0.8526,17.05,4,300000,150000,150000,69.85
PV01291,73,J96,Critical Care,98,1-3d,10,0.7328,14.66,4,400000,10000,390000,67.86
PV01292,33,G93,Neurology,80,6-24h,20,0.7539,15.08,8,50000,25000,25000,75.08
PV01293,70,S72,Orthopedics,76,2-6h,25,0.8821,17.64,4,100000,0,100000,77.04
PV01294,57,I21,Cardiology,95,1-3d,10,0.892,17.84,6,750000,200000,550000,71.84
PV01295,74,K92,Gastroenterology,88,6-24h,20,0.8341,16.68,4,50000,50000,0,75.88
PV01296,23,O00,Obstetrics,96,>3d,5,0.833,16.66,10,1000000,0,1000000,70.06
PV01297,85,J96,Critical Care,98,1-3d,10,0.825,16.5,2,100000,10000,90000,67.7
PV01298,47,C50,Oncology,65,>3d,5,0.8469,16.94,6,500000,75000,425000,53.94
PV01299,37,O00,Obstetrics,96,1-3d,10,0.8916,17.83,8,100000,50000,50000,74.23
PV01300,30,I21,Cardiology,95,1-3d,10,0.883,17.66,8,50000,50000,0,73.66
PV01301,84,K80,General Surgery,65,6-24h,20,0.8224,16.45,2,400000,0,400000,64.45
PV01302,78,S27,Trauma,88,>3d,5,0.8151,16.3,2,500000,200000,300000,58.5
PV01303,26,C50,Oncology,65,>3d,5,0.8113,16.23,10,50000,50000,0,57.23
PV01304,48,I20,Cardiology,80,1-3d,10,0.742,14.84,6,100000,10000,90000,62.84
PV01305,67,C18,Oncology,72,1-3d,10,0.7407,14.81,4,150000,25000,125000,57.61
PV01306,58,C50,Oncology,65,1-3d,10,0.8744,17.49,6,1000000,0,1000000,59.49
PV01307,30,J96,Critical Care,98,6-24h,20,0.7487,14.97,8,150000,10000,140000,82.17
PV01308,42,J96,Critical Care,98,>3d,5,0.9014,18.03,8,50000,50000,0,70.23
PV01309,43,S27,Trauma,88,<2h,30,0.8149,16.3,8,1000000,0,1000000,89.5
PV01310,37,G93,Neurology,80,6-24h,20,0.902,18.04,8,50000,25000,25000,78.04
PV01311,83,O00,Obstetrics,96,6-24h,20,0.8837,17.67,2,200000,200000,0,78.07
PV01312,31,K85,General Surgery,82,1-3d,10,0.9043,18.09,8,75000,25000,50000,68.89
PV01313,66,S32,Orthopedics,82,1-3d,10,0.7724,15.45,4,100000,100000,0,62.25
PV01314,80,G93,Neurology,80,2-6h,25,0.8609,17.22,2,500000,0,500000,76.22
PV01315,72,N39,Urology,50,2-6h,25,0.8938,17.88,4,75000,75000,0,66.88
PV01316,72,I71,Cardiovascular Surgery,99,6-24h,20,0.6649,13.3,4,400000,200000,200000,76.9
PV01317,28,N20,Urology,55,6-24h,20,0.99,19.8,10,300000,200000,100000,71.8
PV01318,27,J18,Pulmonology,78,<2h,30,0.99,19.8,10,500000,100000,400000,91.0
PV01319,71,S72,Orthopedics,76,1-3d,10,0.9147,18.29,4,75000,75000,0,62.69
PV01320,68,S36,Trauma,90,6-24h,20,0.9006,18.01,4,150000,100000,50000,78.01
PV01321,68,S06,Neurosurgery,95,6-24h,20,0.8789,17.58,4,50000,50000,0,79.58
PV01322,46,I71,Cardiovascular Surgery,99,6-24h,20,0.7877,15.75,6,750000,200000,550000,81.35
PV01323,53,N17,Nephrology,82,6-24h,20,0.809,16.18,6,1000000,25000,975000,74.98
PV01324,19,I20,Cardiology,80,>3d,5,0.9164,18.33,10,200000,150000,50000,65.33
PV01325,37,G93,Neurology,80,2-6h,25,0.7227,14.45,8,300000,200000,100000,79.45
PV01326,53,K56,General Surgery,85,6-24h,20,0.7139,14.28,6,75000,50000,25000,74.28
PV01327,26,C50,Oncology,65,1-3d,10,0.7803,15.61,10,750000,10000,740000,61.61
PV01328,26,I61,Neurosurgery,98,<2h,30,0.8856,17.71,10,500000,10000,490000,96.91
PV01329,21,C50,Oncology,65,1-3d,10,0.7334,14.67,10,75000,75000,0,60.67
PV01330,32,K85,General Surgery,82,>3d,5,0.7975,15.95,8,300000,100000,200000,61.75
PV01331,85,S72,Orthopedics,76,1-3d,10,0.8093,16.19,2,75000,75000,0,58.59
PV01332,65,N20,Urology,55,>3d,5,0.7188,14.38,4,300000,100000,200000,45.38
PV01333,82,S27,Trauma,88,6-24h,20,0.576,11.52,2,400000,0,400000,68.72
PV01334,35,T79,Trauma,92,6-24h,20,0.7173,14.35,8,150000,0,150000,79.15
PV01335,58,N17,Nephrology,82,2-6h,25,0.8461,16.92,6,200000,25000,175000,80.72
PV01336,78,C22,Oncology,73,<2h,30,0.8686,17.37,2,500000,200000,300000,78.57
PV01337,41,C34,Oncology,74,6-24h,20,0.8694,17.39,8,75000,75000,0,74.99
PV01338,62,I71,Cardiovascular Surgery,99,6-24h,20,0.881,17.62,4,50000,25000,25000,81.22
PV01339,65,S32,Orthopedics,82,6-24h,20,0.7574,15.15,4,200000,100000,100000,71.95
PV01340,74,S27,Trauma,88,2-6h,25,0.7359,14.72,4,200000,50000,150000,78.92
PV01341,83,N17,Nephrology,82,1-3d,10,0.8575,17.15,2,100000,10000,90000,61.95
PV01342,59,K35,General Surgery,70,2-6h,25,0.7988,15.98,6,200000,75000,125000,74.98
PV01343,57,S06,Neurosurgery,95,6-24h,20,0.9107,18.21,6,75000,75000,0,82.21
PV01344,77,J18,Pulmonology,78,2-6h,25,0.8581,17.16,2,500000,200000,300000,75.36
PV01345,64,K56,General Surgery,85,1-3d,10,0.9484,18.97,4,500000,25000,475000,66.97
PV01346,42,C22,Oncology,73,6-24h,20,0.7734,15.47,8,100000,10000,90000,72.67
PV01347,60,G93,Neurology,80,1-3d,10,0.9268,18.54,4,400000,150000,250000,64.54
PV01348,55,N20,Urology,55,<2h,30,0.99,19.8,6,100000,25000,75000,77.8
PV01349,33,K80,General Surgery,65,6-24h,20,0.8254,16.51,8,150000,10000,140000,70.51
PV01350,53,J18,Pulmonology,78,>3d,5,0.8699,17.4,6,150000,75000,75000,59.6
PV01351,60,I60,Neurosurgery,98,<2h,30,0.7269,14.54,4,1000000,0,1000000,87.74
PV01352,79,S36,Trauma,90,6-24h,20,0.9094,18.19,2,200000,200000,0,76.19
PV01353,57,O72,Obstetrics,95,<2h,30,0.9329,18.66,6,400000,150000,250000,92.66
PV01354,29,N39,Urology,50,2-6h,25,0.7706,15.41,10,100000,50000,50000,70.41
PV01355,85,A41,Critical Care,98,6-24h,20,0.8786,17.57,2,1000000,75000,925000,78.77
PV01356,57,O72,Obstetrics,95,2-6h,25,0.848,16.96,6,400000,50000,350000,85.96
PV01357,37,K85,General Surgery,82,6-24h,20,0.8591,17.18,8,75000,50000,25000,77.98
PV01358,69,K35,General Surgery,70,>3d,5,0.9012,18.02,4,150000,150000,0,55.02
PV01359,44,S06,Neurosurgery,95,2-6h,25,0.8719,17.44,8,300000,100000,200000,88.44
PV01360,43,K85,General Surgery,82,2-6h,25,0.8061,16.12,8,200000,100000,100000,81.92
PV01361,75,I61,Neurosurgery,98,1-3d,10,0.9033,18.07,2,750000,200000,550000,69.27
PV01362,76,I61,Neurosurgery,98,6-24h,20,0.9312,18.62,2,300000,10000,290000,79.82
PV01363,53,K85,General Surgery,82,>3d,5,0.7646,15.29,6,300000,200000,100000,59.09
PV01364,43,A41,Critical Care,98,6-24h,20,0.8198,16.4,8,150000,10000,140000,83.6
PV01365,76,N17,Nephrology,82,1-3d,10,0.6431,12.86,2,750000,25000,725000,57.66
PV01366,29,I21,Cardiology,95,>3d,5,0.8784,17.57,10,500000,100000,400000,70.57
PV01367,68,I74,Vascular Surgery,92,2-6h,25,0.9423,18.85,4,500000,10000,490000,84.65
PV01368,57,S72,Orthopedics,76,1-3d,10,0.7943,15.89,6,400000,50000,350000,62.29
PV01369,76,K92,Gastroenterology,88,1-3d,10,0.8333,16.67,2,400000,25000,375000,63.87
PV01370,46,C34,Oncology,74,1-3d,10,0.798,15.96,6,500000,0,500000,61.56
PV01371,74,I20,Cardiology,80,2-6h,25,0.7816,15.63,4,100000,10000,90000,76.63
PV01372,19,K85,General Surgery,82,6-24h,20,0.8432,16.86,10,300000,50000,250000,79.66
PV01373,69,S72,Orthopedics,76,2-6h,25,0.7416,14.83,4,75000,0,75000,74.23
PV01374,22,S27,Trauma,88,>3d,5,0.7965,15.93,10,150000,150000,0,66.13
PV01375,61,I20,Cardiology,80,<2h,30,0.7295,14.59,4,100000,50000,50000,80.59
PV01376,31,K92,Gastroenterology,88,<2h,30,0.8789,17.58,8,100000,100000,0,90.78
PV01377,83,K92,Gastroenterology,88,>3d,5,0.8439,16.88,2,300000,10000,290000,59.08
PV01378,70,K80,General Surgery,65,6-24h,20,0.7769,15.54,4,200000,75000,125000,65.54
PV01379,25,O00,Obstetrics,96,1-3d,10,0.8237,16.47,10,200000,0,200000,74.87
PV01380,78,N17,Nephrology,82,6-24h,20,0.7979,15.96,2,750000,10000,740000,70.76
PV01381,35,C22,Oncology,73,1-3d,10,0.9344,18.69,8,150000,100000,50000,65.89
PV01382,55,I71,Cardiovascular Surgery,99,2-6h,25,0.7759,15.52,6,75000,25000,50000,86.12
PV01383,23,K85,General Surgery,82,6-24h,20,0.8835,17.67,10,500000,200000,300000,80.47
PV01384,25,I20,Cardiology,80,1-3d,10,0.7495,14.99,10,100000,100000,0,66.99
PV01385,34,S36,Trauma,90,6-24h,20,0.9014,18.03,8,1000000,10000,990000,82.03
PV01386,54,J96,Critical Care,98,6-24h,20,0.9237,18.47,6,400000,100000,300000,83.67
PV01387,54,N17,Nephrology,82,2-6h,25,0.9285,18.57,6,100000,100000,0,82.37
PV01388,76,I74,Vascular Surgery,92,1-3d,10,0.9671,19.34,2,300000,25000,275000,68.14
PV01389,29,I20,Cardiology,80,2-6h,25,0.8492,16.98,10,1000000,150000,850000,83.98
PV01390,68,N39,Urology,50,6-24h,20,0.9438,18.88,4,1000000,100000,900000,62.88
PV01391,18,I74,Vascular Surgery,92,6-24h,20,0.9824,19.65,10,150000,25000,125000,86.45
PV01392,37,O00,Obstetrics,96,6-24h,20,0.7078,14.16,8,50000,0,50000,80.56
PV01393,29,C22,Oncology,73,1-3d,10,0.7597,15.19,10,50000,50000,0,64.39
PV01394,26,K80,General Surgery,65,6-24h,20,0.6704,13.41,10,750000,25000,725000,69.41
PV01395,57,A41,Critical Care,98,>3d,5,0.9261,18.52,6,400000,75000,325000,68.72
PV01396,79,J18,Pulmonology,78,1-3d,10,0.6691,13.38,2,500000,10000,490000,56.58
PV01397,63,C18,Oncology,72,1-3d,10,0.642,12.84,4,500000,25000,475000,55.64
PV01398,76,C34,Oncology,74,1-3d,10,0.7103,14.21,2,500000,200000,300000,55.81
PV01399,58,I21,Cardiology,95,2-6h,25,0.6462,12.92,6,300000,150000,150000,81.92
PV01400,21,I71,Cardiovascular Surgery,99,>3d,5,0.8472,16.94,10,150000,100000,50000,71.54
PV01401,41,G93,Neurology,80,1-3d,10,0.7115,14.23,8,100000,25000,75000,64.23
PV01402,74,J96,Critical Care,98,1-3d,10,0.651,13.02,4,150000,50000,100000,66.22
PV01403,21,I71,Cardiovascular Surgery,99,2-6h,25,0.8158,16.32,10,500000,25000,475000,90.92
PV01404,24,I74,Vascular Surgery,92,2-6h,25,0.8217,16.43,10,50000,50000,0,88.23
PV01405,74,K56,General Surgery,85,1-3d,10,0.633,12.66,4,75000,75000,0,60.66
PV01406,22,K35,General Surgery,70,6-24h,20,0.7486,14.97,10,500000,150000,350000,72.97
PV01407,83,K85,General Surgery,82,1-3d,10,0.8125,16.25,2,400000,150000,250000,61.05
PV01408,69,I20,Cardiology,80,6-24h,20,0.7843,15.69,4,75000,10000,65000,71.69
PV01409,63,I21,Cardiology,95,6-24h,20,0.7871,15.74,4,50000,50000,0,77.74
PV01410,54,I71,Cardiovascular Surgery,99,2-6h,25,0.9379,18.76,6,100000,0,100000,89.36
PV01411,24,I60,Neurosurgery,98,2-6h,25,0.99,19.8,10,75000,0,75000,94.0
PV01412,46,N17,Nephrology,82,<2h,30,0.7887,15.77,6,100000,100000,0,84.57
PV01413,72,J96,Critical Care,98,1-3d,10,0.6878,13.76,4,750000,25000,725000,66.96
PV01414,79,S32,Orthopedics,82,1-3d,10,0.7965,15.93,2,750000,150000,600000,60.73
PV01415,48,J18,Pulmonology,78,>3d,5,0.8394,16.79,6,100000,0,100000,58.99
PV01416,75,S32,Orthopedics,82,1-3d,10,0.8147,16.29,2,100000,10000,90000,61.09
PV01417,70,C34,Oncology,74,1-3d,10,0.8811,17.62,4,750000,150000,600000,61.22
PV01418,21,S72,Orthopedics,76,6-24h,20,0.99,19.8,10,200000,10000,190000,80.2
PV01419,60,G93,Neurology,80,1-3d,10,0.6487,12.97,4,100000,75000,25000,58.97
PV01420,59,O72,Obstetrics,95,>3d,5,0.7693,15.39,6,500000,100000,400000,64.39
PV01421,54,K92,Gastroenterology,88,1-3d,10,0.9741,19.48,6,200000,25000,175000,70.68
PV01422,70,C22,Oncology,73,2-6h,25,0.7678,15.36,4,750000,10000,740000,73.56
PV01423,78,J18,Pulmonology,78,1-3d,10,0.8989,17.98,2,750000,150000,600000,61.18
PV01424,55,C50,Oncology,65,2-6h,25,0.8831,17.66,6,500000,75000,425000,74.66
PV01425,39,J96,Critical Care,98,<2h,30,0.9437,18.87,8,1000000,200000,800000,96.07
PV01426,84,T79,Trauma,92,1-3d,10,0.99,19.8,2,300000,100000,200000,68.6
PV01427,83,C50,Oncology,65,1-3d,10,0.8533,17.07,2,300000,100000,200000,55.07
PV01428,64,N39,Urology,50,2-6h,25,0.6454,12.91,4,50000,50000,0,61.91
PV01429,61,I71,Cardiovascular Surgery,99,<2h,30,0.75,15.0,4,75000,75000,0,88.6
PV01430,25,S32,Orthopedics,82,>3d,5,0.99,19.8,10,75000,50000,25000,67.6
PV01431,45,O72,Obstetrics,95,2-6h,25,0.6786,13.57,6,1000000,200000,800000,82.57
PV01432,31,K56,General Surgery,85,<2h,30,0.8697,17.39,8,100000,100000,0,89.39
PV01433,53,K56,General Surgery,85,1-3d,10,0.5685,11.37,6,400000,10000,390000,61.37
PV01434,74,N17,Nephrology,82,1-3d,10,0.6849,13.7,4,200000,200000,0,60.5
PV01435,33,I74,Vascular Surgery,92,6-24h,20,0.9087,18.17,8,500000,10000,490000,82.97
PV01436,85,S06,Neurosurgery,95,1-3d,10,0.8236,16.47,2,150000,100000,50000,66.47
PV01437,26,S27,Trauma,88,6-24h,20,0.7824,15.65,10,1000000,200000,800000,80.85
PV01438,24,C34,Oncology,74,6-24h,20,0.7386,14.77,10,300000,50000,250000,74.37
PV01439,84,I74,Vascular Surgery,92,1-3d,10,0.6203,12.41,2,100000,10000,90000,61.21
PV01440,24,K92,Gastroenterology,88,1-3d,10,0.8893,17.79,10,200000,200000,0,72.99
PV01441,67,S32,Orthopedics,82,6-24h,20,0.7917,15.83,4,150000,150000,0,72.63
PV01442,69,O00,Obstetrics,96,6-24h,20,0.6678,13.36,4,500000,50000,450000,75.76
PV01443,40,K92,Gastroenterology,88,6-24h,20,0.823,16.46,8,150000,150000,0,79.66
PV01444,22,S27,Trauma,88,<2h,30,0.8781,17.56,10,50000,0,50000,92.76
PV01445,38,K35,General Surgery,70,6-24h,20,0.7999,16.0,8,500000,75000,425000,72.0
PV01446,22,I60,Neurosurgery,98,<2h,30,0.8316,16.63,10,1000000,10000,990000,95.83
PV01447,63,K92,Gastroenterology,88,1-3d,10,0.8238,16.48,4,100000,10000,90000,65.68
PV01448,78,K92,Gastroenterology,88,6-24h,20,0.7493,14.99,2,750000,25000,725000,72.19
PV01449,85,K80,General Surgery,65,1-3d,10,0.8254,16.51,2,50000,50000,0,54.51
PV01450,72,S06,Neurosurgery,95,1-3d,10,0.8935,17.87,4,150000,10000,140000,69.87
PV01451,70,I71,Cardiovascular Surgery,99,1-3d,10,0.9235,18.47,4,50000,50000,0,72.07
PV01452,77,I60,Neurosurgery,98,>3d,5,0.8991,17.98,2,150000,150000,0,64.18
PV01453,70,I60,Neurosurgery,98,6-24h,20,0.7525,15.05,4,400000,10000,390000,78.25
PV01454,62,J96,Critical Care,98,2-6h,25,0.8836,17.67,4,1000000,0,1000000,85.87
PV01455,85,J18,Pulmonology,78,1-3d,10,0.8665,17.33,2,750000,100000,650000,60.53
PV01456,39,I60,Neurosurgery,98,<2h,30,0.749,14.98,8,1000000,50000,950000,92.18
PV01457,46,C22,Oncology,73,6-24h,20,0.7736,15.47,6,400000,10000,390000,70.67
PV01458,79,S72,Orthopedics,76,<2h,30,0.888,17.76,2,150000,150000,0,80.16
PV01459,39,J96,Critical Care,98,>3d,5,0.9577,19.15,8,1000000,50000,950000,71.35
PV01460,38,O00,Obstetrics,96,<2h,30,0.6388,12.78,8,50000,0,50000,89.18
PV01461,28,S32,Orthopedics,82,6-24h,20,0.984,19.68,10,750000,25000,725000,82.48
PV01462,36,I74,Vascular Surgery,92,6-24h,20,0.9364,18.73,8,1000000,75000,925000,83.53
PV01463,58,I60,Neurosurgery,98,1-3d,10,0.8399,16.8,6,50000,25000,25000,72.0
PV01464,78,I60,Neurosurgery,98,6-24h,20,0.7959,15.92,2,400000,200000,200000,77.12
PV01465,27,G93,Neurology,80,>3d,5,0.859,17.18,10,750000,100000,650000,64.18
PV01466,64,S06,Neurosurgery,95,1-3d,10,0.7559,15.12,4,400000,0,400000,67.12
PV01467,70,C34,Oncology,74,6-24h,20,0.8022,16.04,4,1000000,25000,975000,69.64
PV01468,78,S36,Trauma,90,6-24h,20,0.6725,13.45,2,100000,25000,75000,71.45
PV01469,69,S32,Orthopedics,82,1-3d,10,0.6458,12.92,4,400000,10000,390000,59.72
PV01470,28,I60,Neurosurgery,98,1-3d,10,0.99,19.8,10,750000,0,750000,79.0
PV01471,51,I20,Cardiology,80,6-24h,20,0.8263,16.53,6,50000,0,50000,74.53
PV01472,82,C50,Oncology,65,6-24h,20,0.8404,16.81,2,300000,100000,200000,64.81
PV01473,79,S72,Orthopedics,76,<2h,30,0.8169,16.34,2,1000000,10000,990000,78.74
PV01474,59,A41,Critical Care,98,2-6h,25,0.7372,14.74,6,200000,50000,150000,84.94
PV01475,83,C22,Oncology,73,<2h,30,0.7893,15.79,2,750000,10000,740000,76.99
PV01476,63,I74,Vascular Surgery,92,<2h,30,0.8291,16.58,4,500000,200000,300000,87.38
PV01477,22,O72,Obstetrics,95,2-6h,25,0.8003,16.01,10,100000,100000,0,89.01
PV01478,80,S36,Trauma,90,>3d,5,0.7448,14.9,2,150000,100000,50000,57.9
PV01479,29,A41,Critical Care,98,1-3d,10,0.8679,17.36,10,200000,25000,175000,76.56
PV01480,43,S27,Trauma,88,1-3d,10,0.8388,16.78,8,200000,75000,125000,69.98
PV01481,34,K35,General Surgery,70,1-3d,10,0.8593,17.19,8,300000,50000,250000,63.19
PV01482,66,I21,Cardiology,95,1-3d,10,0.8905,17.81,4,400000,200000,200000,69.81
PV01483,20,I71,Cardiovascular Surgery,99,2-6h,25,0.8029,16.06,10,200000,75000,125000,90.66
PV01484,61,S06,Neurosurgery,95,1-3d,10,0.8031,16.06,4,400000,10000,390000,68.06
PV01485,76,S27,Trauma,88,6-24h,20,0.9682,19.36,2,400000,0,400000,76.56
PV01486,71,G93,Neurology,80,6-24h,20,0.7256,14.51,4,1000000,150000,850000,70.51
PV01487,38,K35,General Surgery,70,>3d,5,0.6326,12.65,8,750000,100000,650000,53.65
PV01488,78,I21,Cardiology,95,>3d,5,0.8756,17.51,2,300000,100000,200000,62.51
PV01489,42,S06,Neurosurgery,95,6-24h,20,0.7571,15.14,8,75000,25000,50000,81.14
PV01490,64,O00,Obstetrics,96,1-3d,10,0.7123,14.25,4,150000,100000,50000,66.65
PV01491,52,I71,Cardiovascular Surgery,99,2-6h,25,0.9085,18.17,6,150000,25000,125000,88.77
PV01492,22,O72,Obstetrics,95,<2h,30,0.8055,16.11,10,100000,100000,0,94.11
PV01493,18,I21,Cardiology,95,<2h,30,0.6936,13.87,10,1000000,25000,975000,91.87
PV01494,30,I74,Vascular Surgery,92,2-6h,25,0.99,19.8,8,300000,0,300000,89.6
PV01495,81,S27,Trauma,88,1-3d,10,0.6589,13.18,2,1000000,150000,850000,60.38
PV01496,82,S27,Trauma,88,6-24h,20,0.8113,16.23,2,75000,75000,0,73.43
PV01497,45,N17,Nephrology,82,<2h,30,0.6311,12.62,6,500000,150000,350000,81.42
PV01498,83,S32,Orthopedics,82,>3d,5,0.8471,16.94,2,300000,100000,200000,56.74
PV01499,21,O72,Obstetrics,95,1-3d,10,0.7559,15.12,10,500000,100000,400000,73.12
PV01500,83,G93,Neurology,80,6-24h,20,0.9019,18.04,2,150000,150000,0,72.04
PV01501,33,O00,Obstetrics,96,6-24h,20,0.8183,16.37,8,300000,75000,225000,82.77
PV01502,20,J96,Critical Care,98,6-24h,20,0.9551,19.1,10,150000,150000,0,88.3
PV01503,69,A41,Critical Care,98,6-24h,20,0.777,15.54,4,400000,150000,250000,78.74
PV01504,44,I74,Vascular Surgery,92,1-3d,10,0.6595,13.19,8,75000,75000,0,67.99
PV01505,37,J18,Pulmonology,78,>3d,5,0.8438,16.88,8,400000,75000,325000,61.08
PV01506,69,J96,Critical Care,98,6-24h,20,0.7947,15.89,4,200000,200000,0,79.09
PV01507,40,N39,Urology,50,6-24h,20,0.6381,12.76,8,500000,75000,425000,60.76
PV01508,69,O72,Obstetrics,95,<2h,30,0.7145,14.29,4,50000,0,50000,86.29
PV01509,31,G93,Neurology,80,>3d,5,0.7463,14.93,8,75000,75000,0,59.93
PV01510,23,C50,Oncology,65,6-24h,20,0.9755,19.51,10,400000,0,400000,75.51
PV01511,40,K85,General Surgery,82,6-24h,20,0.8907,17.81,8,150000,10000,140000,78.61
PV01512,59,A41,Critical Care,98,>3d,5,0.7852,15.7,6,100000,25000,75000,65.9
PV01513,33,K80,General Surgery,65,1-3d,10,0.8671,17.34,8,1000000,0,1000000,61.34
PV01514,27,I74,Vascular Surgery,92,2-6h,25,0.6161,12.32,10,1000000,10000,990000,84.12
PV01515,68,J96,Critical Care,98,6-24h,20,0.7635,15.27,4,50000,10000,40000,78.47
PV01516,51,N39,Urology,50,6-24h,20,0.8601,17.2,6,300000,75000,225000,63.2
PV01517,47,O72,Obstetrics,95,>3d,5,0.8365,16.73,6,400000,200000,200000,65.73
PV01518,34,I60,Neurosurgery,98,6-24h,20,0.7661,15.32,8,500000,25000,475000,82.52
PV01519,19,O72,Obstetrics,95,6-24h,20,0.8162,16.32,10,100000,50000,50000,84.32
PV01520,21,S72,Orthopedics,76,1-3d,10,0.8538,17.08,10,750000,100000,650000,67.48
PV01521,64,G93,Neurology,80,6-24h,20,0.8191,16.38,4,400000,100000,300000,72.38
PV01522,23,N20,Urology,55,<2h,30,0.9061,18.12,10,750000,200000,550000,80.12
PV01523,34,K56,General Surgery,85,>3d,5,0.8519,17.04,8,400000,75000,325000,64.04
PV01524,79,K35,General Surgery,70,<2h,30,0.8711,17.42,2,750000,150000,600000,77.42
PV01525,41,C18,Oncology,72,>3d,5,0.99,19.8,8,50000,50000,0,61.6
PV01526,68,I60,Neurosurgery,98,1-3d,10,0.9028,18.06,4,100000,50000,50000,71.26
PV01527,41,I74,Vascular Surgery,92,<2h,30,0.99,19.8,8,300000,150000,150000,94.6
PV01528,81,K35,General Surgery,70,1-3d,10,0.7528,15.06,2,150000,150000,0,55.06
PV01529,73,I21,Cardiology,95,1-3d,10,0.6608,13.22,4,75000,0,75000,65.22
PV01530,49,N39,Urology,50,1-3d,10,0.806,16.12,6,500000,150000,350000,52.12
PV01531,64,I61,Neurosurgery,98,1-3d,10,0.7974,15.95,4,1000000,75000,925000,69.15
PV01532,46,I21,Cardiology,95,<2h,30,0.9659,19.32,6,300000,150000,150000,93.32
PV01533,82,N39,Urology,50,<2h,30,0.707,14.14,2,400000,75000,325000,66.14
PV01534,42,K56,General Surgery,85,1-3d,10,0.8121,16.24,8,400000,10000,390000,68.24
PV01535,74,T79,Trauma,92,2-6h,25,0.8605,17.21,4,200000,50000,150000,83.01
PV01536,59,I21,Cardiology,95,6-24h,20,0.83,16.6,6,400000,100000,300000,80.6
PV01537,61,K35,General Surgery,70,6-24h,20,0.8028,16.06,4,750000,200000,550000,68.06
PV01538,41,S06,Neurosurgery,95,2-6h,25,0.8559,17.12,8,75000,0,75000,88.12
PV01539,74,N20,Urology,55,1-3d,10,0.9279,18.56,4,100000,10000,90000,54.56
PV01540,68,C18,Oncology,72,1-3d,10,0.9736,19.47,4,75000,10000,65000,62.27
PV01541,73,O72,Obstetrics,95,1-3d,10,0.8233,16.47,4,500000,75000,425000,68.47
PV01542,72,J96,Critical Care,98,<2h,30,0.7384,14.77,4,400000,0,400000,87.97
PV01543,28,I61,Neurosurgery,98,6-24h,20,0.9735,19.47,10,400000,200000,200000,88.67
PV01544,77,J18,Pulmonology,78,1-3d,10,0.7122,14.24,2,400000,100000,300000,57.44
PV01545,75,A41,Critical Care,98,6-24h,20,0.99,19.8,2,300000,200000,100000,81.0
PV01546,34,J18,Pulmonology,78,1-3d,10,0.9544,19.09,8,750000,0,750000,68.29
PV01547,84,C50,Oncology,65,1-3d,10,0.9689,19.38,2,75000,25000,50000,57.38
PV01548,53,G93,Neurology,80,6-24h,20,0.8885,17.77,6,400000,50000,350000,75.77
PV01549,39,O72,Obstetrics,95,6-24h,20,0.6088,12.18,8,750000,150000,600000,78.18
PV01550,33,I21,Cardiology,95,1-3d,10,0.7161,14.32,8,100000,100000,0,70.32
PV01551,42,I71,Cardiovascular Surgery,99,2-6h,25,0.8507,17.01,8,500000,50000,450000,89.61
PV01552,20,G93,Neurology,80,>3d,5,0.7524,15.05,10,50000,25000,25000,62.05
PV01553,64,O00,Obstetrics,96,1-3d,10,0.7885,15.77,4,75000,25000,50000,68.17
PV01554,66,C18,Oncology,72,2-6h,25,0.8813,17.63,4,150000,25000,125000,75.43
PV01555,63,S72,Orthopedics,76,1-3d,10,0.803,16.06,4,1000000,100000,900000,60.46
PV01556,55,K35,General Surgery,70,6-24h,20,0.6981,13.96,6,150000,150000,0,67.96
PV01557,42,I20,Cardiology,80,2-6h,25,0.9086,18.17,8,200000,50000,150000,83.17
PV01558,67,S32,Orthopedics,82,>3d,5,0.8715,17.43,4,500000,200000,300000,59.23
PV01559,77,C22,Oncology,73,1-3d,10,0.7951,15.9,2,500000,25000,475000,57.1
PV01560,23,G93,Neurology,80,1-3d,10,0.8911,17.82,10,400000,150000,250000,69.82
PV01561,44,I71,Cardiovascular Surgery,99,1-3d,10,0.8295,16.59,8,50000,0,50000,74.19
PV01562,85,J96,Critical Care,98,1-3d,10,0.9531,19.06,2,750000,100000,650000,70.26
PV01563,76,J96,Critical Care,98,6-24h,20,0.8351,16.7,2,100000,100000,0,77.9
PV01564,85,N39,Urology,50,2-6h,25,0.9524,19.05,2,300000,25000,275000,66.05
PV01565,30,N17,Nephrology,82,2-6h,25,0.6326,12.65,8,500000,100000,400000,78.45
PV01566,49,S72,Orthopedics,76,6-24h,20,0.8659,17.32,6,100000,0,100000,73.72
PV01567,26,C22,Oncology,73,6-24h,20,0.7802,15.6,10,400000,150000,250000,74.8
PV01568,76,C18,Oncology,72,1-3d,10,0.7341,14.68,2,300000,50000,250000,55.48
PV01569,53,N39,Urology,50,6-24h,20,0.9359,18.72,6,75000,50000,25000,64.72
PV01570,34,C22,Oncology,73,1-3d,10,0.9089,18.18,8,100000,100000,0,65.38
PV01571,24,I61,Neurosurgery,98,1-3d,10,0.6194,12.39,10,500000,200000,300000,71.59
PV01572,68,K85,General Surgery,82,>3d,5,0.8915,17.83,4,50000,10000,40000,59.63
PV01573,73,K80,General Surgery,65,6-24h,20,0.8794,17.59,4,150000,150000,0,67.59
PV01574,77,T79,Trauma,92,>3d,5,0.7477,14.95,2,200000,10000,190000,58.75
PV01575,84,K35,General Surgery,70,1-3d,10,0.7365,14.73,2,150000,150000,0,54.73
PV01576,73,I74,Vascular Surgery,92,<2h,30,0.6609,13.22,4,200000,150000,50000,84.02
PV01577,71,N17,Nephrology,82,6-24h,20,0.7862,15.72,4,1000000,75000,925000,72.52
PV01578,73,S32,Orthopedics,82,2-6h,25,0.8023,16.05,4,50000,50000,0,77.85
PV01579,85,S06,Neurosurgery,95,1-3d,10,0.8997,17.99,2,1000000,50000,950000,67.99
PV01580,49,C18,Oncology,72,1-3d,10,0.8469,16.94,6,500000,50000,450000,61.74
PV01581,69,I71,Cardiovascular Surgery,99,6-24h,20,0.714,14.28,4,1000000,75000,925000,77.88
PV01582,73,A41,Critical Care,98,1-3d,10,0.8439,16.88,4,400000,150000,250000,70.08
PV01583,25,O00,Obstetrics,96,6-24h,20,0.7946,15.89,10,1000000,50000,950000,84.29
PV01584,64,S27,Trauma,88,6-24h,20,0.7265,14.53,4,50000,50000,0,73.73
PV01585,41,C34,Oncology,74,>3d,5,0.661,13.22,8,500000,100000,400000,55.82
PV01586,27,I74,Vascular Surgery,92,>3d,5,0.8825,17.65,10,500000,200000,300000,69.45
PV01587,29,T79,Trauma,92,1-3d,10,0.8646,17.29,10,1000000,150000,850000,74.09
PV01588,25,I61,Neurosurgery,98,2-6h,25,0.8757,17.51,10,50000,25000,25000,91.71
PV01589,79,G93,Neurology,80,2-6h,25,0.7472,14.94,2,300000,150000,150000,73.94
PV01590,70,I21,Cardiology,95,2-6h,25,0.8371,16.74,4,300000,50000,250000,83.74
PV01591,24,K80,General Surgery,65,6-24h,20,0.6825,13.65,10,50000,0,50000,69.65
PV01592,60,K85,General Surgery,82,6-24h,20,0.7213,14.43,4,400000,0,400000,71.23
PV01593,62,S36,Trauma,90,>3d,5,0.8234,16.47,4,200000,10000,190000,61.47
PV01594,53,I21,Cardiology,95,1-3d,10,0.8462,16.92,6,200000,25000,175000,70.92
PV01595,59,N20,Urology,55,6-24h,20,0.6571,13.14,6,400000,50000,350000,61.14
PV01596,79,K35,General Surgery,70,6-24h,20,0.7142,14.28,2,500000,10000,490000,64.28
PV01597,53,C34,Oncology,74,6-24h,20,0.7835,15.67,6,400000,10000,390000,71.27
PV01598,62,N20,Urology,55,6-24h,20,0.9159,18.32,4,150000,0,150000,64.32
PV01599,56,G93,Neurology,80,1-3d,10,0.7387,14.77,6,1000000,200000,800000,62.77
PV01600,44,N20,Urology,55,2-6h,25,0.8341,16.68,8,100000,25000,75000,71.68
PV01601,78,I74,Vascular Surgery,92,1-3d,10,0.8445,16.89,2,150000,100000,50000,65.69
PV01602,46,K80,General Surgery,65,2-6h,25,0.795,15.9,6,200000,50000,150000,72.9
PV01603,72,T79,Trauma,92,6-24h,20,0.8468,16.94,4,150000,25000,125000,77.74
PV01604,59,I74,Vascular Surgery,92,>3d,5,0.6855,13.71,6,150000,10000,140000,61.51
PV01605,64,S06,Neurosurgery,95,2-6h,25,0.7544,15.09,4,1000000,0,1000000,82.09
PV01606,69,I20,Cardiology,80,2-6h,25,0.9634,19.27,4,75000,0,75000,80.27
PV01607,68,K35,General Surgery,70,1-3d,10,0.9705,19.41,4,300000,100000,200000,61.41
PV01608,56,J18,Pulmonology,78,6-24h,20,0.9043,18.09,6,200000,50000,150000,75.29
PV01609,59,J96,Critical Care,98,2-6h,25,0.93,18.6,6,50000,50000,0,88.8
PV01610,52,S06,Neurosurgery,95,<2h,30,0.6374,12.75,6,100000,10000,90000,86.75
PV01611,41,S32,Orthopedics,82,<2h,30,0.7251,14.5,8,100000,100000,0,85.3
PV01612,67,K35,General Surgery,70,1-3d,10,0.7889,15.78,4,200000,0,200000,57.78
PV01613,77,C50,Oncology,65,6-24h,20,0.99,19.8,2,200000,100000,100000,67.8
PV01614,65,C50,Oncology,65,1-3d,10,0.7887,15.77,4,300000,200000,100000,55.77
PV01615,70,I60,Neurosurgery,98,>3d,5,0.8945,17.89,4,150000,10000,140000,66.09
PV01616,74,K56,General Surgery,85,2-6h,25,0.8578,17.16,4,500000,50000,450000,80.16
PV01617,42,S32,Orthopedics,82,6-24h,20,0.8556,17.11,8,150000,150000,0,77.91
PV01618,22,O00,Obstetrics,96,2-6h,25,0.8176,16.35,10,750000,150000,600000,89.75
PV01619,40,S06,Neurosurgery,95,6-24h,20,0.7,14.0,8,1000000,10000,990000,80.0
PV01620,69,C22,Oncology,73,6-24h,20,0.5499,11.0,4,400000,10000,390000,64.2
PV01621,73,J96,Critical Care,98,1-3d,10,0.9482,18.96,4,75000,25000,50000,72.16
PV01622,52,I21,Cardiology,95,6-24h,20,0.7584,15.17,6,750000,50000,700000,79.17
PV01623,70,N39,Urology,50,6-24h,20,0.6333,12.67,4,750000,25000,725000,56.67
PV01624,23,I21,Cardiology,95,1-3d,10,0.8638,17.28,10,300000,0,300000,75.28
PV01625,61,N17,Nephrology,82,1-3d,10,0.8619,17.24,4,150000,50000,100000,64.04
PV01626,64,C22,Oncology,73,6-24h,20,0.8968,17.94,4,500000,50000,450000,71.14
PV01627,52,J18,Pulmonology,78,2-6h,25,0.9316,18.63,6,400000,25000,375000,80.83
PV01628,66,J18,Pulmonology,78,>3d,5,0.7281,14.56,4,500000,150000,350000,54.76
PV01629,51,S36,Trauma,90,6-24h,20,0.7325,14.65,6,400000,25000,375000,76.65
PV01630,53,S06,Neurosurgery,95,1-3d,10,0.7881,15.76,6,750000,200000,550000,69.76
PV01631,59,J18,Pulmonology,78,1-3d,10,0.9022,18.04,6,1000000,0,1000000,65.24
PV01632,71,I20,Cardiology,80,6-24h,20,0.6097,12.19,4,500000,75000,425000,68.19
PV01633,34,I61,Neurosurgery,98,6-24h,20,0.8328,16.66,8,150000,150000,0,83.86
PV01634,38,I20,Cardiology,80,2-6h,25,0.9132,18.26,8,1000000,25000,975000,83.26
PV01635,46,S27,Trauma,88,6-24h,20,0.9091,18.18,6,750000,100000,650000,79.38
PV01636,31,N17,Nephrology,82,6-24h,20,0.8909,17.82,8,200000,100000,100000,78.62
PV01637,40,K35,General Surgery,70,1-3d,10,0.9263,18.53,8,50000,25000,25000,64.53
PV01638,41,C18,Oncology,72,1-3d,10,0.5453,10.91,8,1000000,100000,900000,57.71
PV01639,39,K56,General Surgery,85,>3d,5,0.9813,19.63,8,300000,100000,200000,66.63
PV01640,45,I71,Cardiovascular Surgery,99,>3d,5,0.853,17.06,6,200000,50000,150000,67.66
PV01641,52,N20,Urology,55,1-3d,10,0.9535,19.07,6,400000,50000,350000,57.07
PV01642,65,I60,Neurosurgery,98,<2h,30,0.7025,14.05,4,50000,50000,0,87.25
PV01643,38,S72,Orthopedics,76,6-24h,20,0.6446,12.89,8,750000,10000,740000,71.29
PV01644,75,J18,Pulmonology,78,1-3d,10,0.99,19.8,2,75000,50000,25000,63.0
PV01645,50,S06,Neurosurgery,95,1-3d,10,0.7273,14.55,6,100000,25000,75000,68.55
PV01646,67,I71,Cardiovascular Surgery,99,2-6h,25,0.7889,15.78,4,300000,25000,275000,84.38
PV01647,25,K85,General Surgery,82,1-3d,10,0.8727,17.45,10,400000,10000,390000,70.25
PV01648,29,C34,Oncology,74,6-24h,20,0.8973,17.95,10,50000,50000,0,77.55
PV01649,48,C22,Oncology,73,6-24h,20,0.9278,18.56,6,300000,0,300000,73.76
PV01650,42,G93,Neurology,80,1-3d,10,0.8423,16.85,8,75000,0,75000,66.85
PV01651,51,K56,General Surgery,85,6-24h,20,0.7146,14.29,6,1000000,10000,990000,74.29
PV01652,28,I21,Cardiology,95,1-3d,10,0.8907,17.81,10,150000,75000,75000,75.81
PV01653,50,I60,Neurosurgery,98,1-3d,10,0.8923,17.85,6,200000,25000,175000,73.05
PV01654,64,J18,Pulmonology,78,1-3d,10,0.6385,12.77,4,400000,50000,350000,57.97
PV01655,67,K35,General Surgery,70,2-6h,25,0.9619,19.24,4,75000,10000,65000,76.24
PV01656,34,A41,Critical Care,98,1-3d,10,0.5713,11.43,8,75000,50000,25000,68.63
PV01657,41,G93,Neurology,80,6-24h,20,0.9234,18.47,8,1000000,50000,950000,78.47
PV01658,53,I20,Cardiology,80,1-3d,10,0.7566,15.13,6,300000,25000,275000,63.13
PV01659,53,G93,Neurology,80,2-6h,25,0.8906,17.81,6,100000,0,100000,80.81
PV01660,71,J96,Critical Care,98,>3d,5,0.871,17.42,4,400000,75000,325000,65.62
PV01661,44,C18,Oncology,72,1-3d,10,0.8163,16.33,8,750000,10000,740000,63.13
PV01662,63,C18,Oncology,72,6-24h,20,0.8651,17.3,4,500000,50000,450000,70.1
PV01663,78,K56,General Surgery,85,6-24h,20,0.8114,16.23,2,200000,100000,100000,72.23
PV01664,38,N17,Nephrology,82,6-24h,20,0.8914,17.83,8,400000,0,400000,78.63
PV01665,73,O00,Obstetrics,96,1-3d,10,0.99,19.8,4,750000,100000,650000,72.2
PV01666,40,S36,Trauma,90,1-3d,10,0.6859,13.72,8,100000,25000,75000,67.72
PV01667,40,K80,General Surgery,65,1-3d,10,0.5012,10.02,8,500000,75000,425000,54.02
PV01668,62,C50,Oncology,65,>3d,5,0.7784,15.57,4,1000000,0,1000000,50.57
PV01669,60,O00,Obstetrics,96,6-24h,20,0.7716,15.43,4,150000,50000,100000,77.83
PV01670,55,N20,Urology,55,1-3d,10,0.7822,15.64,6,750000,50000,700000,53.64
PV01671,33,K80,General Surgery,65,6-24h,20,0.7274,14.55,8,50000,10000,40000,68.55
PV01672,24,J18,Pulmonology,78,1-3d,10,0.9072,18.14,10,150000,75000,75000,69.34
PV01673,79,I71,Cardiovascular Surgery,99,6-24h,20,0.6819,13.64,2,100000,100000,0,75.24
PV01674,77,K80,General Surgery,65,1-3d,10,0.8651,17.3,2,50000,50000,0,55.3
PV01675,78,N20,Urology,55,<2h,30,0.8838,17.68,2,400000,100000,300000,71.68
PV01676,52,C22,Oncology,73,2-6h,25,0.8516,17.03,6,300000,25000,275000,77.23
PV01677,78,K35,General Surgery,70,6-24h,20,0.8687,17.37,2,150000,150000,0,67.37
PV01678,50,S27,Trauma,88,>3d,5,0.9149,18.3,6,750000,25000,725000,64.5
PV01679,23,N39,Urology,50,6-24h,20,0.8254,16.51,10,100000,100000,0,66.51
PV01680,31,O00,Obstetrics,96,6-24h,20,0.7854,15.71,8,750000,50000,700000,82.11
PV01681,36,K92,Gastroenterology,88,6-24h,20,0.8686,17.37,8,400000,75000,325000,80.57
PV01682,43,I21,Cardiology,95,6-24h,20,0.88,17.6,8,750000,0,750000,83.6
PV01683,81,I60,Neurosurgery,98,>3d,5,0.909,18.18,2,50000,0,50000,64.38
PV01684,40,S32,Orthopedics,82,>3d,5,0.6488,12.98,8,1000000,200000,800000,58.78
PV01685,59,K85,General Surgery,82,1-3d,10,0.8016,16.03,6,50000,0,50000,64.83
PV01686,36,O00,Obstetrics,96,1-3d,10,0.7135,14.27,8,500000,75000,425000,70.67
PV01687,61,S27,Trauma,88,2-6h,25,0.8761,17.52,4,500000,50000,450000,81.72
PV01688,56,S27,Trauma,88,6-24h,20,0.8927,17.85,6,75000,75000,0,79.05
PV01689,28,K92,Gastroenterology,88,1-3d,10,0.7926,15.85,10,50000,0,50000,71.05
PV01690,49,I61,Neurosurgery,98,1-3d,10,0.7471,14.94,6,50000,10000,40000,70.14
PV01691,25,S32,Orthopedics,82,2-6h,25,0.8797,17.59,10,75000,25000,50000,85.39
PV01692,78,I20,Cardiology,80,1-3d,10,0.8067,16.13,2,75000,75000,0,60.13
PV01693,65,C34,Oncology,74,2-6h,25,0.9626,19.25,4,1000000,25000,975000,77.85
PV01694,82,S36,Trauma,90,6-24h,20,0.99,19.8,2,100000,75000,25000,77.8
PV01695,77,K35,General Surgery,70,6-24h,20,0.9201,18.4,2,750000,75000,675000,68.4
PV01696,32,C50,Oncology,65,1-3d,10,0.8433,16.87,8,50000,50000,0,60.87
PV01697,66,O72,Obstetrics,95,1-3d,10,0.99,19.8,4,400000,150000,250000,71.8
PV01698,24,K35,General Surgery,70,1-3d,10,0.8441,16.88,10,200000,100000,100000,64.88
PV01699,83,K85,General Surgery,82,1-3d,10,0.7721,15.44,2,300000,50000,250000,60.24
PV01700,71,K92,Gastroenterology,88,1-3d,10,0.7525,15.05,4,500000,25000,475000,64.25
PV01701,64,J96,Critical Care,98,6-24h,20,0.7496,14.99,4,100000,25000,75000,78.19
PV01702,85,K56,General Surgery,85,1-3d,10,0.8194,16.39,2,50000,50000,0,62.39
PV01703,75,C50,Oncology,65,2-6h,25,0.8663,17.33,2,100000,10000,90000,70.33
PV01704,76,K56,General Surgery,85,6-24h,20,0.6785,13.57,2,750000,10000,740000,69.57
PV01705,24,N39,Urology,50,2-6h,25,0.7751,15.5,10,300000,25000,275000,70.5
PV01706,19,G93,Neurology,80,6-24h,20,0.8413,16.83,10,1000000,150000,850000,78.83
PV01707,83,C22,Oncology,73,1-3d,10,0.8844,17.69,2,750000,100000,650000,58.89
PV01708,35,N39,Urology,50,<2h,30,0.8174,16.35,8,75000,75000,0,74.35
PV01709,46,J96,Critical Care,98,6-24h,20,0.8445,16.89,6,50000,50000,0,82.09
PV01710,20,A41,Critical Care,98,1-3d,10,0.6961,13.92,10,50000,50000,0,73.12
PV01711,60,K85,General Surgery,82,1-3d,10,0.7288,14.58,4,75000,0,75000,61.38
PV01712,73,O72,Obstetrics,95,<2h,30,0.8139,16.28,4,200000,200000,0,88.28
PV01713,75,I20,Cardiology,80,2-6h,25,0.8711,17.42,2,50000,50000,0,76.42
PV01714,57,K80,General Surgery,65,6-24h,20,0.8431,16.86,6,750000,0,750000,68.86
PV01715,62,C34,Oncology,74,1-3d,10,0.7351,14.7,4,200000,200000,0,58.3
PV01716,52,I20,Cardiology,80,>3d,5,0.7963,15.93,6,500000,75000,425000,58.93
PV01717,48,C34,Oncology,74,6-24h,20,0.9712,19.42,6,750000,75000,675000,75.02
PV01718,55,S36,Trauma,90,1-3d,10,0.8744,17.49,6,50000,25000,25000,69.49
PV01719,81,S27,Trauma,88,1-3d,10,0.8037,16.07,2,200000,25000,175000,63.27
PV01720,35,O00,Obstetrics,96,>3d,5,0.7174,14.35,8,400000,25000,375000,65.75
PV01721,49,I61,Neurosurgery,98,2-6h,25,0.7487,14.97,6,1000000,0,1000000,85.17
PV01722,58,K80,General Surgery,65,1-3d,10,0.8207,16.41,6,750000,50000,700000,58.41
PV01723,56,C34,Oncology,74,1-3d,10,0.8476,16.95,6,100000,0,100000,62.55
PV01724,20,N20,Urology,55,6-24h,20,0.8766,17.53,10,100000,75000,25000,69.53
PV01725,37,N17,Nephrology,82,<2h,30,0.8588,17.18,8,500000,10000,490000,87.98
PV01726,61,S32,Orthopedics,82,<2h,30,0.783,15.66,4,400000,75000,325000,82.46
PV01727,65,K92,Gastroenterology,88,6-24h,20,0.7689,15.38,4,100000,25000,75000,74.58
PV01728,67,J18,Pulmonology,78,1-3d,10,0.99,19.8,4,200000,25000,175000,65.0
PV01729,85,S72,Orthopedics,76,1-3d,10,0.7644,15.29,2,1000000,10000,990000,57.69
PV01730,63,S06,Neurosurgery,95,2-6h,25,0.6908,13.82,4,100000,50000,50000,80.82
PV01731,57,S32,Orthopedics,82,>3d,5,0.6561,13.12,6,150000,0,150000,56.92
PV01732,40,N39,Urology,50,6-24h,20,0.7847,15.69,8,1000000,10000,990000,63.69
PV01733,43,C50,Oncology,65,>3d,5,0.914,18.28,8,400000,50000,350000,57.28
PV01734,74,G93,Neurology,80,2-6h,25,0.7624,15.25,4,100000,100000,0,76.25
PV01735,49,G93,Neurology,80,1-3d,10,0.9678,19.36,6,100000,50000,50000,67.36
PV01736,66,S32,Orthopedics,82,>3d,5,0.8193,16.39,4,750000,0,750000,58.19
PV01737,26,O00,Obstetrics,96,1-3d,10,0.931,18.62,10,100000,100000,0,77.02
PV01738,26,I61,Neurosurgery,98,1-3d,10,0.7442,14.88,10,500000,50000,450000,74.08
PV01739,32,I21,Cardiology,95,6-24h,20,0.7458,14.92,8,200000,100000,100000,80.92
PV01740,31,A41,Critical Care,98,1-3d,10,0.8291,16.58,8,100000,100000,0,73.78
PV01741,59,S27,Trauma,88,1-3d,10,0.8683,17.37,6,150000,0,150000,68.57
PV01742,61,K80,General Surgery,65,6-24h,20,0.8021,16.04,4,500000,200000,300000,66.04
PV01743,55,S72,Orthopedics,76,>3d,5,0.8492,16.98,6,750000,200000,550000,58.38
PV01744,37,I21,Cardiology,95,6-24h,20,0.8788,17.58,8,50000,50000,0,83.58
PV01745,57,A41,Critical Care,98,6-24h,20,0.6779,13.56,6,1000000,0,1000000,78.76
PV01746,26,C22,Oncology,73,>3d,5,0.7859,15.72,10,100000,10000,90000,59.92
PV01747,50,C22,Oncology,73,6-24h,20,0.7681,15.36,6,400000,10000,390000,70.56
PV01748,28,S36,Trauma,90,2-6h,25,0.773,15.46,10,100000,75000,25000,86.46
PV01749,23,T79,Trauma,92,6-24h,20,0.8607,17.21,10,100000,100000,0,84.01
PV01750,29,N20,Urology,55,1-3d,10,0.7695,15.39,10,750000,50000,700000,57.39
PV01751,25,N39,Urology,50,>3d,5,0.6195,12.39,10,500000,25000,475000,47.39
PV01752,50,I20,Cardiology,80,2-6h,25,0.7963,15.93,6,1000000,0,1000000,78.93
PV01753,55,C18,Oncology,72,1-3d,10,0.7136,14.27,6,50000,50000,0,59.07
PV01754,59,S36,Trauma,90,1-3d,10,0.8696,17.39,6,100000,100000,0,69.39
PV01755,47,C18,Oncology,72,1-3d,10,0.9006,18.01,6,50000,0,50000,62.81
PV01756,29,I74,Vascular Surgery,92,1-3d,10,0.6025,12.05,10,200000,25000,175000,68.85
PV01757,19,K85,General Surgery,82,>3d,5,0.7426,14.85,10,200000,200000,0,62.65
PV01758,66,C18,Oncology,72,6-24h,20,0.8553,17.11,4,1000000,50000,950000,69.91
PV01759,84,J18,Pulmonology,78,6-24h,20,0.6791,13.58,2,100000,75000,25000,66.78
PV01760,37,J18,Pulmonology,78,1-3d,10,0.8983,17.97,8,400000,75000,325000,67.17
PV01761,31,S36,Trauma,90,6-24h,20,0.9249,18.5,8,1000000,100000,900000,82.5
PV01762,39,S27,Trauma,88,6-24h,20,0.8038,16.08,8,50000,50000,0,79.28
PV01763,32,I21,Cardiology,95,<2h,30,0.7426,14.85,8,200000,50000,150000,90.85
PV01764,33,C18,Oncology,72,2-6h,25,0.5889,11.78,8,150000,150000,0,73.58
PV01765,51,J18,Pulmonology,78,>3d,5,0.9014,18.03,6,50000,50000,0,60.23
PV01766,71,K92,Gastroenterology,88,<2h,30,0.99,19.8,4,200000,10000,190000,89.0
PV01767,66,O00,Obstetrics,96,1-3d,10,0.99,19.8,4,100000,0,100000,72.2
PV01768,83,O72,Obstetrics,95,1-3d,10,0.8005,16.01,2,150000,100000,50000,66.01
PV01769,42,I61,Neurosurgery,98,<2h,30,0.7107,14.21,8,100000,75000,25000,91.41
PV01770,51,K56,General Surgery,85,6-24h,20,0.9038,18.08,6,300000,150000,150000,78.08
PV01771,43,K85,General Surgery,82,6-24h,20,0.8073,16.15,8,150000,10000,140000,76.95
PV01772,20,S36,Trauma,90,6-24h,20,0.8678,17.36,10,500000,100000,400000,83.36
PV01773,44,K85,General Surgery,82,6-24h,20,0.8503,17.01,8,150000,0,150000,77.81
PV01774,35,S36,Trauma,90,1-3d,10,0.8293,16.59,8,400000,10000,390000,70.59
PV01775,50,S32,Orthopedics,82,6-24h,20,0.9229,18.46,6,300000,75000,225000,77.26
PV01776,28,S06,Neurosurgery,95,<2h,30,0.9266,18.53,10,150000,75000,75000,96.53
PV01777,68,I74,Vascular Surgery,92,<2h,30,0.7677,15.35,4,750000,75000,675000,86.15
PV01778,75,K35,General Surgery,70,6-24h,20,0.7277,14.55,2,500000,150000,350000,64.55
PV01779,83,I74,Vascular Surgery,92,6-24h,20,0.5701,11.4,2,300000,150000,150000,70.2
PV01780,23,C50,Oncology,65,>3d,5,0.7854,15.71,10,300000,10000,290000,56.71
PV01781,25,I60,Neurosurgery,98,<2h,30,0.7107,14.21,10,500000,10000,490000,93.41
PV01782,83,K85,General Surgery,82,1-3d,10,0.8619,17.24,2,500000,75000,425000,62.04
PV01783,75,I21,Cardiology,95,1-3d,10,0.7864,15.73,2,500000,200000,300000,65.73
PV01784,58,K92,Gastroenterology,88,1-3d,10,0.7973,15.95,6,75000,75000,0,67.15
PV01785,39,N20,Urology,55,1-3d,10,0.9012,18.02,8,100000,10000,90000,58.02
PV01786,53,J96,Critical Care,98,<2h,30,0.8597,17.19,6,200000,100000,100000,92.39
PV01787,54,K56,General Surgery,85,1-3d,10,0.8083,16.17,6,300000,25000,275000,66.17
PV01788,75,I61,Neurosurgery,98,6-24h,20,0.9886,19.77,2,150000,0,150000,80.97
PV01789,53,O72,Obstetrics,95,1-3d,10,0.8938,17.88,6,750000,100000,650000,71.88
PV01790,19,K80,General Surgery,65,2-6h,25,0.7784,15.57,10,150000,25000,125000,76.57
PV01791,65,J18,Pulmonology,78,1-3d,10,0.7829,15.66,4,300000,150000,150000,60.86
PV01792,70,I20,Cardiology,80,1-3d,10,0.8988,17.98,4,400000,75000,325000,63.98
PV01793,38,K85,General Surgery,82,1-3d,10,0.8403,16.81,8,150000,50000,100000,67.61
PV01794,25,I71,Cardiovascular Surgery,99,2-6h,25,0.7079,14.16,10,300000,10000,290000,88.76
PV01795,27,O72,Obstetrics,95,1-3d,10,0.9095,18.19,10,500000,25000,475000,76.19
PV01796,75,A41,Critical Care,98,1-3d,10,0.9457,18.91,2,150000,25000,125000,70.11
PV01797,48,C22,Oncology,73,6-24h,20,0.9381,18.76,6,1000000,100000,900000,73.96
PV01798,53,K56,General Surgery,85,6-24h,20,0.9743,19.49,6,300000,50000,250000,79.49
PV01799,83,O72,Obstetrics,95,2-6h,25,0.99,19.8,2,500000,0,500000,84.8
PV01800,22,O00,Obstetrics,96,6-24h,20,0.99,19.8,10,500000,0,500000,88.2
PV01801,32,I60,Neurosurgery,98,1-3d,10,0.8541,17.08,8,750000,25000,725000,74.28
PV01802,74,O72,Obstetrics,95,6-24h,20,0.7992,15.98,4,400000,75000,325000,77.98
PV01803,54,S72,Orthopedics,76,1-3d,10,0.637,12.74,6,300000,25000,275000,59.14
PV01804,19,J96,Critical Care,98,1-3d,10,0.8211,16.42,10,500000,200000,300000,75.62
PV01805,65,S06,Neurosurgery,95,1-3d,10,0.8719,17.44,4,200000,10000,190000,69.44
PV01806,27,I60,Neurosurgery,98,1-3d,10,0.8244,16.49,10,750000,50000,700000,75.69
PV01807,71,I21,Cardiology,95,1-3d,10,0.6312,12.62,4,300000,50000,250000,64.62
PV01808,72,O72,Obstetrics,95,6-24h,20,0.7913,15.83,4,500000,25000,475000,77.83
PV01809,74,I61,Neurosurgery,98,2-6h,25,0.8845,17.69,4,100000,100000,0,85.89
PV01810,49,K92,Gastroenterology,88,1-3d,10,0.7174,14.35,6,75000,25000,50000,65.55
PV01811,36,J96,Critical Care,98,>3d,5,0.8366,16.73,8,300000,0,300000,68.93
PV01812,77,C34,Oncology,74,6-24h,20,0.8632,17.26,2,750000,75000,675000,68.86
PV01813,55,C50,Oncology,65,>3d,5,0.9318,18.64,6,500000,100000,400000,55.64
PV01814,61,O72,Obstetrics,95,>3d,5,0.99,19.8,4,150000,50000,100000,66.8
PV01815,27,I20,Cardiology,80,6-24h,20,0.7822,15.64,10,750000,50000,700000,77.64
PV01816,60,S06,Neurosurgery,95,1-3d,10,0.8384,16.77,4,400000,150000,250000,68.77
PV01817,57,J96,Critical Care,98,1-3d,10,0.8415,16.83,6,300000,25000,275000,72.03
PV01818,37,J96,Critical Care,98,6-24h,20,0.8849,17.7,8,1000000,100000,900000,84.9
PV01819,70,K35,General Surgery,70,<2h,30,0.8737,17.47,4,500000,150000,350000,79.47
PV01820,27,I71,Cardiovascular Surgery,99,6-24h,20,0.9625,19.25,10,100000,50000,50000,88.85
PV01821,66,I74,Vascular Surgery,92,1-3d,10,0.5869,11.74,4,50000,50000,0,62.54
PV01822,83,K80,General Surgery,65,6-24h,20,0.8618,17.24,2,100000,50000,50000,65.24
PV01823,56,I74,Vascular Surgery,92,1-3d,10,0.8687,17.37,6,75000,75000,0,70.17
PV01824,25,I20,Cardiology,80,1-3d,10,0.7965,15.93,10,75000,75000,0,67.93
PV01825,55,S32,Orthopedics,82,1-3d,10,0.5936,11.87,6,300000,150000,150000,60.67
PV01826,53,N39,Urology,50,6-24h,20,0.8139,16.28,6,1000000,25000,975000,62.28
PV01827,55,S06,Neurosurgery,95,6-24h,20,0.7489,14.98,6,400000,10000,390000,78.98
PV01828,36,C22,Oncology,73,2-6h,25,0.9878,19.76,8,200000,50000,150000,81.96
PV01829,60,C18,Oncology,72,6-24h,20,0.8575,17.15,4,100000,75000,25000,69.95
PV01830,35,C22,Oncology,73,2-6h,25,0.7405,14.81,8,500000,25000,475000,77.01
PV01831,55,K85,General Surgery,82,2-6h,25,0.6147,12.29,6,300000,200000,100000,76.09
PV01832,58,K92,Gastroenterology,88,2-6h,25,0.8791,17.58,6,50000,50000,0,83.78
PV01833,61,J18,Pulmonology,78,1-3d,10,0.8896,17.79,4,200000,150000,50000,62.99
PV01834,72,I61,Neurosurgery,98,6-24h,20,0.7984,15.97,4,75000,75000,0,79.17
PV01835,78,S27,Trauma,88,6-24h,20,0.8804,17.61,2,200000,50000,150000,74.81
PV01836,70,K35,General Surgery,70,>3d,5,0.7852,15.7,4,50000,50000,0,52.7
PV01837,72,K92,Gastroenterology,88,1-3d,10,0.9267,18.53,4,100000,10000,90000,67.73
PV01838,77,I74,Vascular Surgery,92,>3d,5,0.9193,18.39,2,750000,25000,725000,62.19
PV01839,34,A41,Critical Care,98,1-3d,10,0.6561,13.12,8,75000,75000,0,70.32
PV01840,37,N17,Nephrology,82,<2h,30,0.6805,13.61,8,75000,75000,0,84.41
PV01841,54,S27,Trauma,88,>3d,5,0.99,19.8,6,100000,25000,75000,66.0
PV01842,49,I61,Neurosurgery,98,>3d,5,0.9132,18.26,6,1000000,75000,925000,68.46
PV01843,65,T79,Trauma,92,1-3d,10,0.6938,13.88,4,1000000,50000,950000,64.68
PV01844,18,G93,Neurology,80,1-3d,10,0.663,13.26,10,400000,100000,300000,65.26
PV01845,27,K80,General Surgery,65,6-24h,20,0.8408,16.82,10,500000,50000,450000,72.82
PV01846,68,C18,Oncology,72,6-24h,20,0.7058,14.12,4,1000000,75000,925000,66.92
PV01847,73,S27,Trauma,88,1-3d,10,0.7883,15.77,4,100000,100000,0,64.97
PV01848,38,N17,Nephrology,82,6-24h,20,0.8153,16.31,8,200000,150000,50000,77.11
PV01849,39,O00,Obstetrics,96,2-6h,25,0.811,16.22,8,50000,10000,40000,87.62
PV01850,56,K35,General Surgery,70,<2h,30,0.9327,18.65,6,300000,100000,200000,82.65
PV01851,50,I61,Neurosurgery,98,2-6h,25,0.99,19.8,6,1000000,10000,990000,90.0
PV01852,29,J96,Critical Care,98,6-24h,20,0.7721,15.44,10,50000,0,50000,84.64
PV01853,52,S72,Orthopedics,76,6-24h,20,0.7069,14.14,6,500000,100000,400000,70.54
PV01854,73,K35,General Surgery,70,>3d,5,0.8589,17.18,4,200000,50000,150000,54.18
PV01855,67,S06,Neurosurgery,95,6-24h,20,0.9831,19.66,4,1000000,100000,900000,81.66
PV01856,73,G93,Neurology,80,6-24h,20,0.7797,15.59,4,300000,200000,100000,71.59
PV01857,61,S36,Trauma,90,6-24h,20,0.905,18.1,4,200000,10000,190000,78.1
PV01858,77,J18,Pulmonology,78,1-3d,10,0.7363,14.73,2,75000,50000,25000,57.93
PV01859,34,O00,Obstetrics,96,1-3d,10,0.8221,16.44,8,300000,0,300000,72.84
PV01860,21,K80,General Surgery,65,1-3d,10,0.7038,14.08,10,1000000,150000,850000,60.08
PV01861,25,K80,General Surgery,65,>3d,5,0.8211,16.42,10,50000,50000,0,57.42
PV01862,85,I71,Cardiovascular Surgery,99,>3d,5,0.8084,16.17,2,50000,50000,0,62.77
PV01863,61,G93,Neurology,80,1-3d,10,0.8808,17.62,4,750000,200000,550000,63.62
PV01864,34,S36,Trauma,90,1-3d,10,0.99,19.8,8,100000,25000,75000,73.8
PV01865,76,G93,Neurology,80,6-24h,20,0.7811,15.62,2,400000,25000,375000,69.62
PV01866,39,S27,Trauma,88,1-3d,10,0.62,12.4,8,400000,150000,250000,65.6
PV01867,58,S06,Neurosurgery,95,6-24h,20,0.7998,16.0,6,200000,100000,100000,80.0
PV01868,34,K80,General Surgery,65,1-3d,10,0.8499,17.0,8,200000,50000,150000,61.0
PV01869,24,I21,Cardiology,95,2-6h,25,0.8402,16.8,10,400000,10000,390000,89.8
PV01870,36,S32,Orthopedics,82,2-6h,25,0.8043,16.09,8,100000,0,100000,81.89
PV01871,33,I60,Neurosurgery,98,<2h,30,0.9688,19.38,8,75000,0,75000,96.58
PV01872,55,A41,Critical Care,98,1-3d,10,0.8336,16.67,6,1000000,100000,900000,71.87
PV01873,19,C18,Oncology,72,1-3d,10,0.8095,16.19,10,50000,25000,25000,64.99
PV01874,34,K92,Gastroenterology,88,<2h,30,0.7422,14.84,8,75000,75000,0,88.04
PV01875,56,S27,Trauma,88,6-24h,20,0.6453,12.91,6,500000,150000,350000,74.11
PV01876,44,S06,Neurosurgery,95,6-24h,20,0.8529,17.06,8,300000,50000,250000,83.06
PV01877,61,A41,Critical Care,98,1-3d,10,0.8445,16.89,4,150000,25000,125000,70.09
PV01878,62,I20,Cardiology,80,<2h,30,0.7141,14.28,4,75000,10000,65000,80.28
PV01879,83,N20,Urology,55,<2h,30,0.8156,16.31,2,150000,25000,125000,70.31
PV01880,74,S06,Neurosurgery,95,1-3d,10,0.8056,16.11,4,50000,50000,0,68.11
PV01881,33,S36,Trauma,90,1-3d,10,0.7575,15.15,8,300000,150000,150000,69.15
PV01882,65,J96,Critical Care,98,1-3d,10,0.7407,14.81,4,200000,100000,100000,68.01
PV01883,60,K56,General Surgery,85,1-3d,10,0.8605,17.21,4,1000000,200000,800000,65.21
PV01884,58,G93,Neurology,80,>3d,5,0.7974,15.95,6,750000,100000,650000,58.95
PV01885,72,C18,Oncology,72,6-24h,20,0.7609,15.22,4,200000,75000,125000,68.02
PV01886,28,K56,General Surgery,85,6-24h,20,0.7338,14.68,10,300000,25000,275000,78.68
PV01887,43,C34,Oncology,74,>3d,5,0.807,16.14,8,400000,25000,375000,58.74
PV01888,73,S27,Trauma,88,2-6h,25,0.9124,18.25,4,100000,25000,75000,82.45
PV01889,78,I60,Neurosurgery,98,1-3d,10,0.8407,16.81,2,400000,200000,200000,68.01
PV01890,20,S72,Orthopedics,76,<2h,30,0.7963,15.93,10,50000,50000,0,86.33
PV01891,50,K56,General Surgery,85,6-24h,20,0.8508,17.02,6,1000000,10000,990000,77.02
PV01892,35,J96,Critical Care,98,2-6h,25,0.9564,19.13,8,1000000,10000,990000,91.33
PV01893,29,I20,Cardiology,80,1-3d,10,0.869,17.38,10,750000,0,750000,69.38
PV01894,21,N20,Urology,55,1-3d,10,0.846,16.92,10,100000,100000,0,58.92
PV01895,54,K35,General Surgery,70,<2h,30,0.8839,17.68,6,500000,10000,490000,81.68
PV01896,63,G93,Neurology,80,2-6h,25,0.8042,16.08,4,300000,0,300000,77.08
PV01897,54,J18,Pulmonology,78,6-24h,20,0.8384,16.77,6,1000000,25000,975000,73.97
PV01898,43,I20,Cardiology,80,6-24h,20,0.7711,15.42,8,50000,50000,0,75.42
PV01899,70,K80,General Surgery,65,6-24h,20,0.6649,13.3,4,150000,150000,0,63.3
PV01900,62,K85,General Surgery,82,>3d,5,0.8543,17.09,4,50000,50000,0,58.89
PV01901,79,N17,Nephrology,82,2-6h,25,0.8547,17.09,2,1000000,10000,990000,76.89
PV01902,41,O00,Obstetrics,96,6-24h,20,0.7912,15.82,8,75000,75000,0,82.22
PV01903,34,N20,Urology,55,6-24h,20,0.9236,18.47,8,50000,50000,0,68.47
PV01904,48,J96,Critical Care,98,6-24h,20,0.7478,14.96,6,75000,75000,0,80.16
PV01905,52,I74,Vascular Surgery,92,6-24h,20,0.6429,12.86,6,1000000,50000,950000,75.66
PV01906,49,J96,Critical Care,98,1-3d,10,0.7503,15.01,6,300000,10000,290000,70.21
PV01907,74,I71,Cardiovascular Surgery,99,1-3d,10,0.6659,13.32,4,75000,75000,0,66.92
PV01908,21,K35,General Surgery,70,1-3d,10,0.8538,17.08,10,150000,50000,100000,65.08
PV01909,53,I60,Neurosurgery,98,6-24h,20,0.7448,14.9,6,200000,10000,190000,80.1
PV01910,47,K92,Gastroenterology,88,1-3d,10,0.9185,18.37,6,750000,100000,650000,69.57
PV01911,32,I61,Neurosurgery,98,>3d,5,0.9164,18.33,8,100000,100000,0,70.53
PV01912,61,I20,Cardiology,80,>3d,5,0.7275,14.55,4,75000,75000,0,55.55
PV01913,72,I21,Cardiology,95,>3d,5,0.7392,14.78,4,500000,200000,300000,61.78
PV01914,55,S32,Orthopedics,82,6-24h,20,0.8734,17.47,6,200000,100000,100000,76.27
PV01915,23,I74,Vascular Surgery,92,>3d,5,0.918,18.36,10,75000,75000,0,70.16
PV01916,23,O00,Obstetrics,96,1-3d,10,0.6187,12.37,10,200000,10000,190000,70.77
PV01917,46,I71,Cardiovascular Surgery,99,1-3d,10,0.8482,16.96,6,200000,25000,175000,72.56
PV01918,63,O72,Obstetrics,95,1-3d,10,0.6002,12.0,4,100000,10000,90000,64.0
PV01919,39,S72,Orthopedics,76,>3d,5,0.7651,15.3,8,100000,0,100000,58.7
PV01920,39,O00,Obstetrics,96,6-24h,20,0.9294,18.59,8,50000,50000,0,84.99
PV01921,76,S36,Trauma,90,1-3d,10,0.99,19.8,2,750000,50000,700000,67.8
PV01922,18,N17,Nephrology,82,1-3d,10,0.7961,15.92,10,50000,50000,0,68.72
PV01923,23,T79,Trauma,92,1-3d,10,0.6953,13.91,10,300000,0,300000,70.71
PV01924,28,S72,Orthopedics,76,1-3d,10,0.7687,15.37,10,50000,10000,40000,65.77
PV01925,84,K85,General Surgery,82,2-6h,25,0.8266,16.53,2,750000,0,750000,76.33
PV01926,51,S06,Neurosurgery,95,6-24h,20,0.753,15.06,6,150000,50000,100000,79.06
PV01927,28,K85,General Surgery,82,6-24h,20,0.7275,14.55,10,1000000,75000,925000,77.35
PV01928,39,S06,Neurosurgery,95,1-3d,10,0.7773,15.55,8,50000,10000,40000,71.55
PV01929,83,K56,General Surgery,85,1-3d,10,0.8596,17.19,2,150000,100000,50000,63.19
PV01930,65,K92,Gastroenterology,88,1-3d,10,0.8031,16.06,4,150000,0,150000,65.26
PV01931,33,I61,Neurosurgery,98,1-3d,10,0.7318,14.64,8,50000,50000,0,71.84
PV01932,34,O72,Obstetrics,95,1-3d,10,0.753,15.06,8,200000,200000,0,71.06
PV01933,23,G93,Neurology,80,2-6h,25,0.7786,15.57,10,200000,100000,100000,82.57
PV01934,70,K92,Gastroenterology,88,1-3d,10,0.7201,14.4,4,200000,75000,125000,63.6
PV01935,27,K35,General Surgery,70,>3d,5,0.7493,14.99,10,300000,100000,200000,57.99
PV01936,37,K35,General Surgery,70,1-3d,10,0.8844,17.69,8,75000,10000,65000,63.69
PV01937,41,S36,Trauma,90,>3d,5,0.797,15.94,8,100000,100000,0,64.94
PV01938,60,N17,Nephrology,82,>3d,5,0.6447,12.89,4,200000,200000,0,54.69
PV01939,59,K92,Gastroenterology,88,6-24h,20,0.9225,18.45,6,400000,100000,300000,79.65
PV01940,72,A41,Critical Care,98,1-3d,10,0.8617,17.23,4,150000,150000,0,70.43
PV01941,38,K35,General Surgery,70,1-3d,10,0.6817,13.63,8,200000,25000,175000,59.63
PV01942,44,J96,Critical Care,98,6-24h,20,0.7835,15.67,8,1000000,200000,800000,82.87
PV01943,44,I20,Cardiology,80,6-24h,20,0.7408,14.82,8,400000,0,400000,74.82
PV01944,21,I21,Cardiology,95,6-24h,20,0.8877,17.75,10,50000,50000,0,85.75
PV01945,68,S36,Trauma,90,2-6h,25,0.7828,15.66,4,150000,25000,125000,80.66
PV01946,54,S06,Neurosurgery,95,1-3d,10,0.8127,16.25,6,50000,50000,0,70.25
PV01947,50,K35,General Surgery,70,2-6h,25,0.8011,16.02,6,750000,75000,675000,75.02
PV01948,85,N39,Urology,50,6-24h,20,0.672,13.44,2,750000,10000,740000,55.44
PV01949,30,I21,Cardiology,95,1-3d,10,0.9605,19.21,8,200000,25000,175000,75.21
PV01950,83,I74,Vascular Surgery,92,6-24h,20,0.8862,17.72,2,100000,100000,0,76.52
PV01951,64,N39,Urology,50,>3d,5,0.7453,14.91,4,500000,150000,350000,43.91
PV01952,33,C18,Oncology,72,6-24h,20,0.8392,16.78,8,75000,25000,50000,73.58
PV01953,64,I61,Neurosurgery,98,2-6h,25,0.9174,18.35,4,500000,25000,475000,86.55
PV01954,69,S72,Orthopedics,76,>3d,5,0.8256,16.51,4,750000,0,750000,55.91
PV01955,42,C22,Oncology,73,1-3d,10,0.9757,19.51,8,75000,0,75000,66.71
PV01956,41,S27,Trauma,88,1-3d,10,0.99,19.8,8,300000,0,300000,73.0
PV01957,74,O00,Obstetrics,96,1-3d,10,0.8074,16.15,4,75000,25000,50000,68.55
PV01958,28,O00,Obstetrics,96,2-6h,25,0.7617,15.23,10,400000,10000,390000,88.63
PV01959,18,C34,Oncology,74,1-3d,10,0.7211,14.42,10,400000,0,400000,64.02
PV01960,63,K56,General Surgery,85,2-6h,25,0.5986,11.97,4,50000,50000,0,74.97
PV01961,79,G93,Neurology,80,6-24h,20,0.9448,18.9,2,1000000,200000,800000,72.9
PV01962,52,C22,Oncology,73,2-6h,25,0.7847,15.69,6,100000,100000,0,75.89
PV01963,27,K35,General Surgery,70,1-3d,10,0.9075,18.15,10,200000,150000,50000,66.15
PV01964,54,T79,Trauma,92,6-24h,20,0.9276,18.55,6,100000,10000,90000,81.35
PV01965,35,T79,Trauma,92,6-24h,20,0.7119,14.24,8,1000000,10000,990000,79.04
PV01966,74,K80,General Surgery,65,2-6h,25,0.7269,14.54,4,500000,150000,350000,69.54
PV01967,59,S36,Trauma,90,1-3d,10,0.99,19.8,6,1000000,0,1000000,71.8
PV01968,40,O72,Obstetrics,95,6-24h,20,0.813,16.26,8,150000,150000,0,82.26
PV01969,60,G93,Neurology,80,6-24h,20,0.754,15.08,4,300000,10000,290000,71.08
PV01970,63,K35,General Surgery,70,6-24h,20,0.7155,14.31,4,300000,0,300000,66.31
PV01971,64,T79,Trauma,92,1-3d,10,0.8059,16.12,4,100000,100000,0,66.92
PV01972,42,N39,Urology,50,6-24h,20,0.9708,19.42,8,1000000,100000,900000,67.42
PV01973,56,C50,Oncology,65,>3d,5,0.8885,17.77,6,750000,0,750000,54.77
PV01974,20,K85,General Surgery,82,6-24h,20,0.8382,16.76,10,1000000,0,1000000,79.56
PV01975,45,N17,Nephrology,82,2-6h,25,0.9789,19.58,6,200000,200000,0,83.38
PV01976,43,I60,Neurosurgery,98,6-24h,20,0.9596,19.19,8,75000,25000,50000,86.39
PV01977,54,N39,Urology,50,<2h,30,0.8534,17.07,6,75000,75000,0,73.07
PV01978,82,K85,General Surgery,82,6-24h,20,0.99,19.8,2,300000,75000,225000,74.6
PV01979,82,I60,Neurosurgery,98,6-24h,20,0.7953,15.91,2,750000,200000,550000,77.11
PV01980,50,S32,Orthopedics,82,>3d,5,0.9298,18.6,6,400000,200000,200000,62.4
PV01981,61,C34,Oncology,74,6-24h,20,0.7807,15.61,4,500000,75000,425000,69.21
PV01982,25,C18,Oncology,72,6-24h,20,0.9103,18.21,10,500000,0,500000,77.01
PV01983,50,I60,Neurosurgery,98,6-24h,20,0.7952,15.9,6,750000,200000,550000,81.1
PV01984,64,K80,General Surgery,65,2-6h,25,0.8661,17.32,4,1000000,25000,975000,72.32
PV01985,64,C34,Oncology,74,2-6h,25,0.99,19.8,4,150000,25000,125000,78.4
PV01986,83,S32,Orthopedics,82,6-24h,20,0.9152,18.3,2,500000,75000,425000,73.1
PV01987,49,T79,Trauma,92,2-6h,25,0.8677,17.35,6,100000,25000,75000,85.15
PV01988,79,A41,Critical Care,98,2-6h,25,0.7425,14.85,2,400000,100000,300000,81.05
PV01989,84,A41,Critical Care,98,>3d,5,0.8388,16.78,2,50000,25000,25000,62.98
PV01990,56,N39,Urology,50,1-3d,10,0.7192,14.38,6,50000,50000,0,50.38
PV01991,24,O00,Obstetrics,96,>3d,5,0.9087,18.17,10,75000,0,75000,71.57
PV01992,43,S72,Orthopedics,76,6-24h,20,0.9062,18.12,8,300000,50000,250000,76.52
PV01993,70,I71,Cardiovascular Surgery,99,>3d,5,0.802,16.04,4,1000000,200000,800000,64.64
PV01994,57,C34,Oncology,74,6-24h,20,0.9864,19.73,6,300000,150000,150000,75.33
PV01995,81,K80,General Surgery,65,2-6h,25,0.9723,19.45,2,300000,150000,150000,72.45
PV01996,73,I21,Cardiology,95,1-3d,10,0.835,16.7,4,400000,75000,325000,68.7
PV01997,22,N17,Nephrology,82,<2h,30,0.8766,17.53,10,750000,75000,675000,90.33
PV01998,76,C22,Oncology,73,6-24h,20,0.7612,15.22,2,300000,10000,290000,66.42
PV01999,42,I71,Cardiovascular Surgery,99,1-3d,10,0.7928,15.86,8,500000,25000,475000,73.46
PV02000,73,I71,Cardiovascular Surgery,99,1-3d,10,0.7122,14.24,4,200000,75000,125000,67.84
PV02001,52,I20,Cardiology,80,6-24h,20,0.7722,15.44,6,1000000,25000,975000,73.44
PV02002,48,I60,Neurosurgery,98,6-24h,20,0.8096,16.19,6,200000,25000,175000,81.39
PV02003,22,S36,Trauma,90,<2h,30,0.654,13.08,10,750000,100000,650000,89.08
PV02004,26,S72,Orthopedics,76,>3d,5,0.8777,17.55,10,1000000,100000,900000,62.95
PV02005,58,S32,Orthopedics,82,2-6h,25,0.9222,18.44,6,750000,50000,700000,82.24
PV02006,56,S06,Neurosurgery,95,6-24h,20,0.8192,16.38,6,150000,25000,125000,80.38
PV02007,55,S72,Orthopedics,76,6-24h,20,0.5503,11.01,6,150000,10000,140000,67.41
PV02008,28,K35,General Surgery,70,>3d,5,0.7947,15.89,10,500000,25000,475000,58.89
PV02009,52,S32,Orthopedics,82,1-3d,10,0.6807,13.61,6,1000000,25000,975000,62.41
PV02010,22,C18,Oncology,72,6-24h,20,0.759,15.18,10,400000,200000,200000,73.98
PV02011,27,O72,Obstetrics,95,>3d,5,0.9652,19.3,10,500000,25000,475000,72.3
PV02012,51,S36,Trauma,90,<2h,30,0.5766,11.53,6,200000,200000,0,83.53
PV02013,59,K35,General Surgery,70,>3d,5,0.7384,14.77,6,750000,75000,675000,53.77
PV02014,62,N39,Urology,50,<2h,30,0.903,18.06,4,200000,50000,150000,72.06
PV02015,84,C34,Oncology,74,6-24h,20,0.7498,15.0,2,400000,25000,375000,66.6
PV02016,76,I74,Vascular Surgery,92,<2h,30,0.7422,14.84,2,300000,150000,150000,83.64
PV02017,43,S27,Trauma,88,>3d,5,0.99,19.8,8,750000,150000,600000,68.0
PV02018,71,N20,Urology,55,>3d,5,0.8578,17.16,4,500000,200000,300000,48.16
PV02019,24,N20,Urology,55,1-3d,10,0.9134,18.27,10,750000,150000,600000,60.27
PV02020,76,S72,Orthopedics,76,2-6h,25,0.8695,17.39,2,75000,0,75000,74.79
PV02021,44,I74,Vascular Surgery,92,6-24h,20,0.8362,16.72,8,100000,100000,0,81.52
PV02022,69,C34,Oncology,74,6-24h,20,0.9464,18.93,4,1000000,75000,925000,72.53
PV02023,84,C34,Oncology,74,6-24h,20,0.99,19.8,2,75000,75000,0,71.4
PV02024,65,J18,Pulmonology,78,<2h,30,0.6516,13.03,4,500000,25000,475000,78.23
PV02025,80,I61,Neurosurgery,98,1-3d,10,0.8165,16.33,2,400000,75000,325000,67.53
PV02026,18,O72,Obstetrics,95,1-3d,10,0.8157,16.31,10,150000,150000,0,74.31
PV02027,29,C18,Oncology,72,>3d,5,0.7771,15.54,10,50000,50000,0,59.34
PV02028,60,K92,Gastroenterology,88,6-24h,20,0.9181,18.36,4,50000,0,50000,77.56
PV02029,54,O00,Obstetrics,96,6-24h,20,0.8457,16.91,6,750000,150000,600000,81.31
PV02030,26,K85,General Surgery,82,6-24h,20,0.99,19.8,10,75000,75000,0,82.6
PV02031,66,N17,Nephrology,82,2-6h,25,0.93,18.6,4,500000,100000,400000,80.4
PV02032,21,K56,General Surgery,85,1-3d,10,0.9565,19.13,10,75000,10000,65000,73.13
PV02033,85,I61,Neurosurgery,98,1-3d,10,0.7001,14.0,2,150000,25000,125000,65.2
PV02034,28,C50,Oncology,65,2-6h,25,0.7394,14.79,10,75000,50000,25000,75.79
PV02035,48,C22,Oncology,73,6-24h,20,0.7476,14.95,6,400000,150000,250000,70.15
PV02036,73,G93,Neurology,80,>3d,5,0.9523,19.05,4,75000,75000,0,60.05
PV02037,52,J18,Pulmonology,78,6-24h,20,0.7233,14.47,6,400000,0,400000,71.67
PV02038,68,I60,Neurosurgery,98,1-3d,10,0.7262,14.52,4,1000000,0,1000000,67.72
PV02039,65,C22,Oncology,73,1-3d,10,0.7079,14.16,4,500000,0,500000,57.36
PV02040,82,S72,Orthopedics,76,1-3d,10,0.99,19.8,2,400000,200000,200000,62.2
PV02041,49,I71,Cardiovascular Surgery,99,<2h,30,0.8058,16.12,6,1000000,150000,850000,91.72
PV02042,84,I20,Cardiology,80,1-3d,10,0.873,17.46,2,750000,10000,740000,61.46
PV02043,53,K80,General Surgery,65,>3d,5,0.7059,14.12,6,500000,200000,300000,51.12
PV02044,78,K80,General Surgery,65,<2h,30,0.9159,18.32,2,300000,75000,225000,76.32
PV02045,67,I71,Cardiovascular Surgery,99,2-6h,25,0.6426,12.85,4,150000,25000,125000,81.45
PV02046,27,C22,Oncology,73,1-3d,10,0.7221,14.44,10,400000,100000,300000,63.64
PV02047,61,S72,Orthopedics,76,1-3d,10,0.7469,14.94,4,75000,0,75000,59.34
PV02048,77,O00,Obstetrics,96,6-24h,20,0.8419,16.84,2,750000,0,750000,77.24
PV02049,26,K80,General Surgery,65,1-3d,10,0.7407,14.81,10,750000,25000,725000,60.81
PV02050,75,C34,Oncology,74,1-3d,10,0.9724,19.45,2,100000,75000,25000,61.05
PV02051,25,K56,General Surgery,85,6-24h,20,0.8703,17.41,10,500000,150000,350000,81.41
PV02052,77,I74,Vascular Surgery,92,2-6h,25,0.751,15.02,2,400000,75000,325000,78.82
PV02053,71,K85,General Surgery,82,2-6h,25,0.9198,18.4,4,750000,50000,700000,80.2
PV02054,28,K92,Gastroenterology,88,6-24h,20,0.7807,15.61,10,750000,75000,675000,80.81
PV02055,67,N20,Urology,55,>3d,5,0.761,15.22,4,500000,0,500000,46.22
PV02056,25,K85,General Surgery,82,1-3d,10,0.9096,18.19,10,1000000,100000,900000,70.99
PV02057,56,K80,General Surgery,65,6-24h,20,0.5747,11.49,6,150000,150000,0,63.49
PV02058,80,K80,General Surgery,65,>3d,5,0.8935,17.87,2,200000,50000,150000,50.87
PV02059,32,S36,Trauma,90,6-24h,20,0.7487,14.97,8,75000,75000,0,78.97
PV02060,29,S27,Trauma,88,6-24h,20,0.7485,14.97,10,750000,25000,725000,80.17
PV02061,46,I20,Cardiology,80,2-6h,25,0.99,19.8,6,100000,100000,0,82.8
PV02062,43,N17,Nephrology,82,1-3d,10,0.7669,15.34,8,300000,10000,290000,66.14
PV02063,21,K35,General Surgery,70,1-3d,10,0.9156,18.31,10,75000,10000,65000,66.31
PV02064,49,N20,Urology,55,1-3d,10,0.8479,16.96,6,100000,100000,0,54.96
PV02065,35,J18,Pulmonology,78,6-24h,20,0.8583,17.17,8,400000,75000,325000,76.37
PV02066,26,O00,Obstetrics,96,6-24h,20,0.7949,15.9,10,100000,50000,50000,84.3
PV02067,36,N20,Urology,55,2-6h,25,0.7897,15.79,8,300000,150000,150000,70.79
PV02068,19,N39,Urology,50,>3d,5,0.9728,19.46,10,200000,25000,175000,54.46
PV02069,80,I74,Vascular Surgery,92,2-6h,25,0.913,18.26,2,400000,25000,375000,82.06
PV02070,85,S27,Trauma,88,1-3d,10,0.77,15.4,2,100000,0,100000,62.6
PV02071,42,K56,General Surgery,85,1-3d,10,0.7154,14.31,8,200000,75000,125000,66.31
PV02072,77,C34,Oncology,74,2-6h,25,0.7616,15.23,2,50000,50000,0,71.83
PV02073,49,S27,Trauma,88,6-24h,20,0.9181,18.36,6,300000,200000,100000,79.56
PV02074,80,K85,General Surgery,82,<2h,30,0.9379,18.76,2,75000,75000,0,83.56
PV02075,29,C50,Oncology,65,1-3d,10,0.8755,17.51,10,500000,0,500000,63.51
PV02076,37,S27,Trauma,88,>3d,5,0.6583,13.17,8,750000,10000,740000,61.37
PV02077,68,S72,Orthopedics,76,6-24h,20,0.8954,17.91,4,200000,25000,175000,72.31
PV02078,32,S72,Orthopedics,76,>3d,5,0.9504,19.01,8,750000,200000,550000,62.41
PV02079,74,J96,Critical Care,98,2-6h,25,0.8374,16.75,4,150000,75000,75000,84.95
PV02080,46,S06,Neurosurgery,95,6-24h,20,0.99,19.8,6,750000,200000,550000,83.8
PV02081,45,T79,Trauma,92,>3d,5,0.6879,13.76,6,300000,150000,150000,61.56
PV02082,48,I61,Neurosurgery,98,>3d,5,0.8885,17.77,6,300000,200000,100000,67.97
PV02083,72,I74,Vascular Surgery,92,6-24h,20,0.718,14.36,4,200000,25000,175000,75.16
PV02084,18,C50,Oncology,65,1-3d,10,0.9259,18.52,10,1000000,75000,925000,64.52
PV02085,69,S06,Neurosurgery,95,>3d,5,0.8813,17.63,4,500000,0,500000,64.63
PV02086,70,C34,Oncology,74,1-3d,10,0.99,19.8,4,200000,25000,175000,63.4
PV02087,73,N20,Urology,55,1-3d,10,0.87,17.4,4,500000,25000,475000,53.4
PV02088,85,C34,Oncology,74,2-6h,25,0.7796,15.59,2,200000,10000,190000,72.19
PV02089,71,I74,Vascular Surgery,92,<2h,30,0.7709,15.42,4,750000,0,750000,86.22
PV02090,53,I21,Cardiology,95,1-3d,10,0.795,15.9,6,200000,50000,150000,69.9
PV02091,49,I20,Cardiology,80,6-24h,20,0.7689,15.38,6,750000,0,750000,73.38
PV02092,44,I74,Vascular Surgery,92,6-24h,20,0.9547,19.09,8,100000,75000,25000,83.89
PV02093,74,T79,Trauma,92,6-24h,20,0.9476,18.95,4,300000,25000,275000,79.75
PV02094,44,K56,General Surgery,85,6-24h,20,0.6703,13.41,8,400000,10000,390000,75.41
PV02095,56,K35,General Surgery,70,6-24h,20,0.8238,16.48,6,300000,0,300000,70.48
PV02096,24,S32,Orthopedics,82,6-24h,20,0.8262,16.52,10,200000,50000,150000,79.32
PV02097,39,K92,Gastroenterology,88,6-24h,20,0.7419,14.84,8,50000,10000,40000,78.04
PV02098,36,G93,Neurology,80,2-6h,25,0.8638,17.28,8,1000000,75000,925000,82.28
PV02099,47,K80,General Surgery,65,>3d,5,0.9661,19.32,6,100000,100000,0,56.32
PV02100,52,J96,Critical Care,98,1-3d,10,0.9092,18.18,6,75000,75000,0,73.38
PV02101,66,N39,Urology,50,2-6h,25,0.9547,19.09,4,750000,0,750000,68.09
PV02102,47,C50,Oncology,65,6-24h,20,0.7482,14.96,6,50000,0,50000,66.96
PV02103,28,K56,General Surgery,85,6-24h,20,0.8237,16.47,10,500000,200000,300000,80.47
PV02104,55,S06,Neurosurgery,95,1-3d,10,0.7434,14.87,6,150000,150000,0,68.87
PV02105,21,I20,Cardiology,80,1-3d,10,0.8439,16.88,10,500000,25000,475000,68.88
PV02106,75,I71,Cardiovascular Surgery,99,1-3d,10,0.8529,17.06,2,100000,50000,50000,68.66
PV02107,70,K80,General Surgery,65,1-3d,10,0.916,18.32,4,500000,50000,450000,58.32
PV02108,33,K35,General Surgery,70,2-6h,25,0.9513,19.03,8,1000000,75000,925000,80.03
PV02109,35,I71,Cardiovascular Surgery,99,6-24h,20,0.8889,17.78,8,300000,10000,290000,85.38
PV02110,19,I71,Cardiovascular Surgery,99,<2h,30,0.734,14.68,10,300000,200000,100000,94.28
PV02111,42,I71,Cardiovascular Surgery,99,6-24h,20,0.6848,13.7,8,400000,50000,350000,81.3
PV02112,20,C50,Oncology,65,6-24h,20,0.872,17.44,10,150000,10000,140000,73.44
PV02113,81,N39,Urology,50,1-3d,10,0.9701,19.4,2,300000,25000,275000,51.4
PV02114,27,N39,Urology,50,2-6h,25,0.8175,16.35,10,400000,200000,200000,71.35
PV02115,62,K80,General Surgery,65,1-3d,10,0.6673,13.35,4,50000,25000,25000,53.35
PV02116,56,A41,Critical Care,98,6-24h,20,0.99,19.8,6,200000,150000,50000,85.0
PV02117,34,K92,Gastroenterology,88,6-24h,20,0.8689,17.38,8,300000,150000,150000,80.58
PV02118,72,N17,Nephrology,82,1-3d,10,0.8371,16.74,4,100000,100000,0,63.54
PV02119,25,N17,Nephrology,82,<2h,30,0.7032,14.06,10,200000,10000,190000,86.86
PV02120,78,N20,Urology,55,6-24h,20,0.8216,16.43,2,150000,50000,100000,60.43
PV02121,68,S32,Orthopedics,82,6-24h,20,0.8887,17.77,4,300000,150000,150000,74.57
PV02122,61,K92,Gastroenterology,88,1-3d,10,0.8703,17.41,4,100000,10000,90000,66.61
PV02123,77,J18,Pulmonology,78,2-6h,25,0.752,15.04,2,750000,0,750000,73.24
PV02124,45,C18,Oncology,72,>3d,5,0.8143,16.29,6,400000,0,400000,56.09
PV02125,37,K80,General Surgery,65,>3d,5,0.7584,15.17,8,400000,0,400000,54.17
PV02126,28,J96,Critical Care,98,1-3d,10,0.9864,19.73,10,750000,150000,600000,78.93
PV02127,80,I74,Vascular Surgery,92,6-24h,20,0.9095,18.19,2,50000,25000,25000,76.99
PV02128,45,C18,Oncology,72,1-3d,10,0.7676,15.35,6,100000,10000,90000,60.15
PV02129,74,I60,Neurosurgery,98,2-6h,25,0.7032,14.06,4,75000,75000,0,82.26
PV02130,40,I74,Vascular Surgery,92,>3d,5,0.8478,16.96,8,400000,25000,375000,66.76
PV02131,82,N20,Urology,55,6-24h,20,0.7707,15.41,2,150000,10000,140000,59.41
PV02132,77,C22,Oncology,73,2-6h,25,0.7782,15.56,2,500000,200000,300000,71.76
PV02133,38,O00,Obstetrics,96,6-24h,20,0.7065,14.13,8,1000000,75000,925000,80.53
PV02134,51,S36,Trauma,90,1-3d,10,0.7189,14.38,6,150000,50000,100000,66.38
PV02135,71,S72,Orthopedics,76,>3d,5,0.8363,16.73,4,150000,150000,0,56.13
PV02136,33,C50,Oncology,65,6-24h,20,0.7933,15.87,8,200000,10000,190000,69.87
PV02137,19,N17,Nephrology,82,6-24h,20,0.99,19.8,10,200000,75000,125000,82.6
PV02138,37,I21,Cardiology,95,1-3d,10,0.8794,17.59,8,150000,150000,0,73.59
PV02139,58,N17,Nephrology,82,1-3d,10,0.7048,14.1,6,150000,0,150000,62.9
PV02140,27,S27,Trauma,88,1-3d,10,0.6664,13.33,10,150000,25000,125000,68.53
PV02141,40,N20,Urology,55,6-24h,20,0.8598,17.2,8,200000,0,200000,67.2
PV02142,80,I20,Cardiology,80,1-3d,10,0.7803,15.61,2,200000,75000,125000,59.61
PV02143,23,K92,Gastroenterology,88,>3d,5,0.9531,19.06,10,200000,100000,100000,69.26
PV02144,21,C18,Oncology,72,2-6h,25,0.8482,16.96,10,100000,10000,90000,80.76
PV02145,46,K85,General Surgery,82,6-24h,20,0.6217,12.43,6,400000,10000,390000,71.23
PV02146,18,S72,Orthopedics,76,<2h,30,0.7181,14.36,10,200000,50000,150000,84.76
PV02147,19,K56,General Surgery,85,6-24h,20,0.7525,15.05,10,100000,50000,50000,79.05
PV02148,30,K92,Gastroenterology,88,1-3d,10,0.8642,17.28,8,500000,0,500000,70.48
PV02149,24,G93,Neurology,80,2-6h,25,0.7147,14.29,10,750000,100000,650000,81.29
PV02150,73,G93,Neurology,80,1-3d,10,0.8353,16.71,4,150000,150000,0,62.71
PV02151,26,I74,Vascular Surgery,92,<2h,30,0.6864,13.73,10,300000,50000,250000,90.53
PV02152,53,I74,Vascular Surgery,92,>3d,5,0.8206,16.41,6,1000000,25000,975000,64.21
PV02153,65,G93,Neurology,80,1-3d,10,0.857,17.14,4,150000,10000,140000,63.14
PV02154,60,N17,Nephrology,82,1-3d,10,0.9662,19.32,4,100000,25000,75000,66.12
PV02155,62,N20,Urology,55,1-3d,10,0.8446,16.89,4,150000,75000,75000,52.89
PV02156,42,O72,Obstetrics,95,2-6h,25,0.7383,14.77,8,200000,200000,0,85.77
PV02157,78,S72,Orthopedics,76,1-3d,10,0.9693,19.39,2,200000,10000,190000,61.79
PV02158,22,C18,Oncology,72,1-3d,10,0.8017,16.03,10,400000,150000,250000,64.83
PV02159,25,T79,Trauma,92,2-6h,25,0.8974,17.95,10,100000,75000,25000,89.75
PV02160,76,K85,General Surgery,82,>3d,5,0.7587,15.17,2,300000,75000,225000,54.97
PV02161,22,T79,Trauma,92,<2h,30,0.8291,16.58,10,75000,25000,50000,93.38
PV02162,31,J96,Critical Care,98,1-3d,10,0.7399,14.8,8,1000000,200000,800000,72.0
PV02163,29,S27,Trauma,88,2-6h,25,0.8522,17.04,10,100000,0,100000,87.24
PV02164,20,N39,Urology,50,1-3d,10,0.9004,18.01,10,150000,10000,140000,58.01
PV02165,25,K92,Gastroenterology,88,<2h,30,0.7705,15.41,10,75000,25000,50000,90.61
PV02166,56,N39,Urology,50,2-6h,25,0.7649,15.3,6,150000,75000,75000,66.3
PV02167,62,I74,Vascular Surgery,92,6-24h,20,0.8557,17.11,4,1000000,50000,950000,77.91
PV02168,23,G93,Neurology,80,>3d,5,0.7375,14.75,10,300000,200000,100000,61.75
PV02169,82,K92,Gastroenterology,88,6-24h,20,0.6682,13.36,2,400000,10000,390000,70.56
PV02170,24,C22,Oncology,73,1-3d,10,0.8553,17.11,10,300000,75000,225000,66.31
PV02171,64,I21,Cardiology,95,6-24h,20,0.8092,16.18,4,150000,50000,100000,78.18
PV02172,72,K80,General Surgery,65,1-3d,10,0.8071,16.14,4,500000,25000,475000,56.14
PV02173,53,C22,Oncology,73,6-24h,20,0.8721,17.44,6,150000,0,150000,72.64
PV02174,51,K80,General Surgery,65,1-3d,10,0.8861,17.72,6,500000,150000,350000,59.72
PV02175,25,A41,Critical Care,98,>3d,5,0.8039,16.08,10,1000000,10000,990000,70.28
PV02176,34,K80,General Surgery,65,6-24h,20,0.7077,14.15,8,50000,10000,40000,68.15
PV02177,75,S06,Neurosurgery,95,6-24h,20,0.7561,15.12,2,75000,75000,0,75.12
PV02178,41,O72,Obstetrics,95,>3d,5,0.8785,17.57,8,500000,10000,490000,68.57
PV02179,20,C18,Oncology,72,6-24h,20,0.8336,16.67,10,75000,75000,0,75.47
PV02180,67,S72,Orthopedics,76,6-24h,20,0.765,15.3,4,500000,100000,400000,69.7
PV02181,64,C50,Oncology,65,6-24h,20,0.7416,14.83,4,100000,10000,90000,64.83
PV02182,22,J96,Critical Care,98,1-3d,10,0.8818,17.64,10,300000,0,300000,76.84
PV02183,21,C18,Oncology,72,>3d,5,0.7978,15.96,10,400000,0,400000,59.76
PV02184,25,C34,Oncology,74,1-3d,10,0.8953,17.91,10,150000,0,150000,67.51
PV02185,21,C34,Oncology,74,1-3d,10,0.9079,18.16,10,750000,50000,700000,67.76
PV02186,59,I71,Cardiovascular Surgery,99,6-24h,20,0.7887,15.77,6,1000000,50000,950000,81.37
PV02187,27,I74,Vascular Surgery,92,<2h,30,0.915,18.3,10,100000,100000,0,95.1
PV02188,59,J96,Critical Care,98,2-6h,25,0.8338,16.68,6,500000,50000,450000,86.88
PV02189,29,S72,Orthopedics,76,2-6h,25,0.8468,16.94,10,400000,100000,300000,82.34
PV02190,84,J18,Pulmonology,78,2-6h,25,0.6011,12.02,2,100000,50000,50000,70.22
PV02191,67,K85,General Surgery,82,1-3d,10,0.7229,14.46,4,750000,50000,700000,61.26
PV02192,43,S27,Trauma,88,2-6h,25,0.7283,14.57,8,150000,100000,50000,82.77
PV02193,47,I71,Cardiovascular Surgery,99,2-6h,25,0.7881,15.76,6,100000,75000,25000,86.36
PV02194,22,A41,Critical Care,98,6-24h,20,0.8314,16.63,10,500000,75000,425000,85.83
PV02195,21,C34,Oncology,74,6-24h,20,0.8355,16.71,10,75000,50000,25000,76.31
PV02196,54,T79,Trauma,92,2-6h,25,0.8486,16.97,6,1000000,100000,900000,84.77
PV02197,19,I71,Cardiovascular Surgery,99,2-6h,25,0.7515,15.03,10,150000,25000,125000,89.63
PV02198,61,G93,Neurology,80,6-24h,20,0.8891,17.78,4,200000,0,200000,73.78
PV02199,44,J18,Pulmonology,78,1-3d,10,0.99,19.8,8,400000,50000,350000,69.0
PV02200,27,K56,General Surgery,85,1-3d,10,0.7847,15.69,10,750000,25000,725000,69.69
PV02201,54,K85,General Surgery,82,>3d,5,0.7536,15.07,6,500000,200000,300000,58.87
PV02202,55,I21,Cardiology,95,1-3d,10,0.7515,15.03,6,150000,150000,0,69.03
PV02203,68,I60,Neurosurgery,98,1-3d,10,0.8285,16.57,4,500000,10000,490000,69.77
PV02204,31,K85,General Surgery,82,>3d,5,0.7674,15.35,8,150000,50000,100000,61.15
PV02205,55,S72,Orthopedics,76,6-24h,20,0.647,12.94,6,300000,50000,250000,69.34
PV02206,75,S32,Orthopedics,82,1-3d,10,0.6743,13.49,2,400000,10000,390000,58.29
PV02207,36,K35,General Surgery,70,6-24h,20,0.922,18.44,8,300000,0,300000,74.44
PV02208,74,G93,Neurology,80,6-24h,20,0.9482,18.96,4,50000,50000,0,74.96
PV02209,67,J96,Critical Care,98,6-24h,20,0.98,19.6,4,50000,50000,0,82.8
PV02210,47,K35,General Surgery,70,2-6h,25,0.8426,16.85,6,75000,50000,25000,75.85
PV02211,78,C50,Oncology,65,1-3d,10,0.7209,14.42,2,50000,10000,40000,52.42
PV02212,83,S32,Orthopedics,82,<2h,30,0.7762,15.52,2,500000,50000,450000,80.32
PV02213,34,C18,Oncology,72,1-3d,10,0.6709,13.42,8,75000,25000,50000,60.22
PV02214,84,S06,Neurosurgery,95,>3d,5,0.667,13.34,2,100000,10000,90000,58.34
PV02215,18,S06,Neurosurgery,95,6-24h,20,0.8455,16.91,10,150000,150000,0,84.91
PV02216,26,S36,Trauma,90,<2h,30,0.8739,17.48,10,75000,75000,0,93.48
PV02217,20,S72,Orthopedics,76,6-24h,20,0.99,19.8,10,750000,25000,725000,80.2
PV02218,43,C22,Oncology,73,6-24h,20,0.8117,16.23,8,50000,10000,40000,73.43
PV02219,81,I71,Cardiovascular Surgery,99,>3d,5,0.6842,13.68,2,75000,75000,0,60.28
PV02220,58,K56,General Surgery,85,1-3d,10,0.8078,16.16,6,100000,75000,25000,66.16
PV02221,59,K92,Gastroenterology,88,1-3d,10,0.7918,15.84,6,50000,50000,0,67.04
PV02222,23,K35,General Surgery,70,6-24h,20,0.7709,15.42,10,100000,100000,0,73.42
PV02223,53,I21,Cardiology,95,1-3d,10,0.8544,17.09,6,75000,50000,25000,71.09
PV02224,44,S27,Trauma,88,1-3d,10,0.6986,13.97,8,150000,100000,50000,67.17
PV02225,50,S27,Trauma,88,<2h,30,0.8331,16.66,6,75000,50000,25000,87.86
PV02226,35,C18,Oncology,72,6-24h,20,0.8852,17.7,8,1000000,0,1000000,74.5
PV02227,31,I20,Cardiology,80,<2h,30,0.962,19.24,8,500000,0,500000,89.24
PV02228,82,N39,Urology,50,6-24h,20,0.851,17.02,2,400000,0,400000,59.02
PV02229,55,I71,Cardiovascular Surgery,99,>3d,5,0.9243,18.49,6,300000,200000,100000,69.09
PV02230,45,C22,Oncology,73,1-3d,10,0.7756,15.51,6,400000,150000,250000,60.71
PV02231,23,C18,Oncology,72,6-24h,20,0.7896,15.79,10,1000000,50000,950000,74.59
PV02232,69,I61,Neurosurgery,98,>3d,5,0.9548,19.1,4,75000,75000,0,67.3
PV02233,50,K92,Gastroenterology,88,2-6h,25,0.6828,13.66,6,300000,100000,200000,79.86
PV02234,44,K35,General Surgery,70,<2h,30,0.7797,15.59,8,75000,10000,65000,81.59
PV02235,63,J18,Pulmonology,78,>3d,5,0.9328,18.66,4,200000,10000,190000,58.86
PV02236,26,S32,Orthopedics,82,>3d,5,0.7989,15.98,10,750000,50000,700000,63.78
PV02237,54,J96,Critical Care,98,1-3d,10,0.7914,15.83,6,400000,150000,250000,71.03
PV02238,76,I71,Cardiovascular Surgery,99,6-24h,20,0.7935,15.87,2,400000,100000,300000,77.47
PV02239,49,O72,Obstetrics,95,>3d,5,0.8317,16.63,6,50000,50000,0,65.63
PV02240,18,I20,Cardiology,80,1-3d,10,0.9286,18.57,10,750000,150000,600000,70.57
PV02241,33,A41,Critical Care,98,1-3d,10,0.9124,18.25,8,500000,25000,475000,75.45
PV02242,21,C34,Oncology,74,6-24h,20,0.8211,16.42,10,150000,150000,0,76.02
PV02243,52,S72,Orthopedics,76,6-24h,20,0.9292,18.58,6,150000,100000,50000,74.98
PV02244,42,S06,Neurosurgery,95,1-3d,10,0.8542,17.08,8,300000,100000,200000,73.08
PV02245,27,N20,Urology,55,>3d,5,0.9059,18.12,10,500000,0,500000,55.12
PV02246,64,T79,Trauma,92,1-3d,10,0.7172,14.34,4,300000,10000,290000,65.14
PV02247,30,J18,Pulmonology,78,1-3d,10,0.99,19.8,8,750000,200000,550000,69.0
PV02248,41,K56,General Surgery,85,1-3d,10,0.842,16.84,8,100000,100000,0,68.84
PV02249,85,K35,General Surgery,70,1-3d,10,0.5452,10.9,2,400000,25000,375000,50.9
PV02250,22,S27,Trauma,88,6-24h,20,0.986,19.72,10,750000,150000,600000,84.92
PV02251,34,O00,Obstetrics,96,2-6h,25,0.8205,16.41,8,500000,25000,475000,87.81
PV02252,39,N17,Nephrology,82,2-6h,25,0.7805,15.61,8,150000,25000,125000,81.41
PV02253,52,J96,Critical Care,98,1-3d,10,0.7594,15.19,6,200000,25000,175000,70.39
PV02254,34,O00,Obstetrics,96,<2h,30,0.864,17.28,8,200000,50000,150000,93.68
PV02255,83,I71,Cardiovascular Surgery,99,<2h,30,0.7312,14.62,2,150000,150000,0,86.22
PV02256,18,C50,Oncology,65,>3d,5,0.7623,15.25,10,75000,10000,65000,56.25
PV02257,82,S32,Orthopedics,82,1-3d,10,0.7647,15.29,2,75000,75000,0,60.09
PV02258,54,C34,Oncology,74,<2h,30,0.7908,15.82,6,400000,25000,375000,81.42
PV02259,20,I21,Cardiology,95,6-24h,20,0.7685,15.37,10,100000,100000,0,83.37
PV02260,25,C22,Oncology,73,1-3d,10,0.9053,18.11,10,500000,150000,350000,67.31
PV02261,25,I21,Cardiology,95,6-24h,20,0.8471,16.94,10,500000,75000,425000,84.94
PV02262,37,C22,Oncology,73,6-24h,20,0.8593,17.19,8,200000,0,200000,74.39
PV02263,40,I21,Cardiology,95,6-24h,20,0.8811,17.62,8,150000,75000,75000,83.62
PV02264,61,O00,Obstetrics,96,2-6h,25,0.8107,16.21,4,1000000,150000,850000,83.61
PV02265,39,S06,Neurosurgery,95,1-3d,10,0.718,14.36,8,50000,50000,0,70.36
PV02266,67,I61,Neurosurgery,98,2-6h,25,0.99,19.8,4,100000,0,100000,88.0
PV02267,37,C50,Oncology,65,6-24h,20,0.9128,18.26,8,400000,100000,300000,72.26
PV02268,35,N20,Urology,55,2-6h,25,0.9813,19.63,8,750000,25000,725000,74.63
PV02269,36,S06,Neurosurgery,95,<2h,30,0.9235,18.47,8,200000,100000,100000,94.47
PV02270,40,C22,Oncology,73,2-6h,25,0.774,15.48,8,500000,75000,425000,77.68
PV02271,74,I74,Vascular Surgery,92,>3d,5,0.5852,11.7,4,100000,100000,0,57.5
PV02272,34,I74,Vascular Surgery,92,2-6h,25,0.6971,13.94,8,1000000,0,1000000,83.74
PV02273,36,I71,Cardiovascular Surgery,99,6-24h,20,0.8837,17.67,8,300000,75000,225000,85.27
PV02274,83,S72,Orthopedics,76,2-6h,25,0.8098,16.2,2,500000,100000,400000,73.6
PV02275,62,K56,General Surgery,85,1-3d,10,0.778,15.56,4,75000,50000,25000,63.56
PV02276,30,S27,Trauma,88,6-24h,20,0.5704,11.41,8,200000,25000,175000,74.61
PV02277,77,A41,Critical Care,98,>3d,5,0.8187,16.37,2,500000,25000,475000,62.57
PV02278,30,I60,Neurosurgery,98,1-3d,10,0.7118,14.24,8,200000,100000,100000,71.44
PV02279,29,S36,Trauma,90,1-3d,10,0.7476,14.95,10,1000000,10000,990000,70.95
PV02280,48,C50,Oncology,65,1-3d,10,0.905,18.1,6,750000,200000,550000,60.1
PV02281,65,K80,General Surgery,65,<2h,30,0.7171,14.34,4,75000,10000,65000,74.34
PV02282,30,K85,General Surgery,82,>3d,5,0.7266,14.53,8,750000,50000,700000,60.33
PV02283,69,I74,Vascular Surgery,92,>3d,5,0.8386,16.77,4,150000,150000,0,62.57
PV02284,28,S32,Orthopedics,82,6-24h,20,0.9072,18.14,10,300000,0,300000,80.94
PV02285,71,C50,Oncology,65,1-3d,10,0.7797,15.59,4,200000,25000,175000,55.59
PV02286,24,T79,Trauma,92,2-6h,25,0.9667,19.33,10,500000,150000,350000,91.13
PV02287,49,N39,Urology,50,1-3d,10,0.6921,13.84,6,200000,25000,175000,49.84
PV02288,61,T79,Trauma,92,1-3d,10,0.6746,13.49,4,200000,25000,175000,64.29
PV02289,36,K92,Gastroenterology,88,>3d,5,0.6661,13.32,8,300000,0,300000,61.52
PV02290,59,S27,Trauma,88,6-24h,20,0.6548,13.1,6,100000,10000,90000,74.3
PV02291,64,S36,Trauma,90,1-3d,10,0.8537,17.07,4,200000,10000,190000,67.07
PV02292,62,I74,Vascular Surgery,92,1-3d,10,0.7222,14.44,4,50000,50000,0,65.24
PV02293,44,J96,Critical Care,98,6-24h,20,0.679,13.58,8,50000,50000,0,80.78
PV02294,70,K80,General Surgery,65,1-3d,10,0.858,17.16,4,400000,10000,390000,57.16
PV02295,67,N20,Urology,55,1-3d,10,0.9024,18.05,4,100000,100000,0,54.05
PV02296,40,T79,Trauma,92,1-3d,10,0.9251,18.5,8,400000,75000,325000,73.3
PV02297,67,K56,General Surgery,85,>3d,5,0.9075,18.15,4,500000,25000,475000,61.15
PV02298,80,O72,Obstetrics,95,<2h,30,0.7282,14.56,2,400000,25000,375000,84.56
PV02299,73,A41,Critical Care,98,2-6h,25,0.8476,16.95,4,200000,10000,190000,85.15
PV02300,67,I20,Cardiology,80,2-6h,25,0.8697,17.39,4,300000,100000,200000,78.39
PV02301,70,I71,Cardiovascular Surgery,99,2-6h,25,0.7725,15.45,4,500000,100000,400000,84.05
PV02302,72,K35,General Surgery,70,6-24h,20,0.8365,16.73,4,150000,100000,50000,68.73
PV02303,37,J18,Pulmonology,78,>3d,5,0.6948,13.9,8,200000,50000,150000,58.1
PV02304,67,I20,Cardiology,80,6-24h,20,0.7572,15.14,4,100000,75000,25000,71.14
PV02305,31,N39,Urology,50,1-3d,10,0.8572,17.14,8,100000,100000,0,55.14
PV02306,42,I61,Neurosurgery,98,6-24h,20,0.9708,19.42,8,50000,50000,0,86.62
PV02307,81,I74,Vascular Surgery,92,6-24h,20,0.9351,18.7,2,50000,50000,0,77.5
PV02308,37,K35,General Surgery,70,1-3d,10,0.8861,17.72,8,75000,10000,65000,63.72
PV02309,75,I74,Vascular Surgery,92,1-3d,10,0.828,16.56,2,500000,50000,450000,65.36
PV02310,46,N17,Nephrology,82,6-24h,20,0.8125,16.25,6,400000,0,400000,75.05
PV02311,32,I71,Cardiovascular Surgery,99,>3d,5,0.6752,13.5,8,50000,50000,0,66.1
PV02312,24,I61,Neurosurgery,98,6-24h,20,0.7364,14.73,10,500000,150000,350000,83.93
PV02313,55,O00,Obstetrics,96,2-6h,25,0.7397,14.79,6,500000,100000,400000,84.19
PV02314,48,I60,Neurosurgery,98,6-24h,20,0.8775,17.55,6,1000000,200000,800000,82.75
PV02315,52,A41,Critical Care,98,1-3d,10,0.9145,18.29,6,1000000,25000,975000,73.49
PV02316,20,I21,Cardiology,95,6-24h,20,0.8937,17.87,10,50000,50000,0,85.87
PV02317,36,I61,Neurosurgery,98,1-3d,10,0.9383,18.77,8,300000,100000,200000,75.97
PV02318,18,S72,Orthopedics,76,1-3d,10,0.8272,16.54,10,750000,100000,650000,66.94
PV02319,38,G93,Neurology,80,6-24h,20,0.7217,14.43,8,100000,100000,0,74.43
PV02320,81,S32,Orthopedics,82,>3d,5,0.815,16.3,2,300000,50000,250000,56.1
PV02321,28,I61,Neurosurgery,98,6-24h,20,0.7475,14.95,10,50000,25000,25000,84.15
PV02322,64,I60,Neurosurgery,98,6-24h,20,0.8858,17.72,4,150000,75000,75000,80.92
PV02323,18,K85,General Surgery,82,2-6h,25,0.7841,15.68,10,1000000,50000,950000,83.48
PV02324,56,C34,Oncology,74,6-24h,20,0.8101,16.2,6,500000,100000,400000,71.8
PV02325,80,K80,General Surgery,65,6-24h,20,0.8894,17.79,2,100000,100000,0,65.79
PV02326,41,T79,Trauma,92,2-6h,25,0.7459,14.92,8,1000000,0,1000000,84.72
PV02327,31,K85,General Surgery,82,1-3d,10,0.9164,18.33,8,100000,75000,25000,69.13
PV02328,56,K56,General Surgery,85,2-6h,25,0.6852,13.7,6,150000,50000,100000,78.7
PV02329,36,I21,Cardiology,95,6-24h,20,0.8507,17.01,8,200000,0,200000,83.01
PV02330,78,K35,General Surgery,70,1-3d,10,0.8109,16.22,2,400000,10000,390000,56.22
PV02331,75,I60,Neurosurgery,98,6-24h,20,0.9027,18.05,2,100000,100000,0,79.25
PV02332,62,G93,Neurology,80,1-3d,10,0.6826,13.65,4,100000,25000,75000,59.65
PV02333,61,I71,Cardiovascular Surgery,99,1-3d,10,0.6669,13.34,4,400000,0,400000,66.94
PV02334,58,T79,Trauma,92,6-24h,20,0.895,17.9,6,100000,100000,0,80.7
PV02335,67,N17,Nephrology,82,2-6h,25,0.7809,15.62,4,75000,10000,65000,77.42
PV02336,49,N17,Nephrology,82,6-24h,20,0.8109,16.22,6,75000,25000,50000,75.02
PV02337,83,S72,Orthopedics,76,2-6h,25,0.754,15.08,2,150000,10000,140000,72.48
PV02338,41,T79,Trauma,92,6-24h,20,0.9113,18.23,8,50000,50000,0,83.03
PV02339,18,I60,Neurosurgery,98,1-3d,10,0.8499,17.0,10,50000,50000,0,76.2
PV02340,65,I61,Neurosurgery,98,1-3d,10,0.8441,16.88,4,500000,200000,300000,70.08
PV02341,63,S27,Trauma,88,6-24h,20,0.703,14.06,4,300000,0,300000,73.26
PV02342,84,S36,Trauma,90,>3d,5,0.8702,17.4,2,75000,75000,0,60.4
PV02343,44,N17,Nephrology,82,2-6h,25,0.7208,14.42,8,100000,100000,0,80.22
PV02344,46,K80,General Surgery,65,>3d,5,0.7541,15.08,6,400000,150000,250000,52.08
PV02345,56,J18,Pulmonology,78,1-3d,10,0.6835,13.67,6,750000,0,750000,60.87
PV02346,44,J96,Critical Care,98,6-24h,20,0.8043,16.09,8,750000,150000,600000,83.29
PV02347,71,I74,Vascular Surgery,92,2-6h,25,0.9264,18.53,4,100000,25000,75000,84.33
PV02348,47,K80,General Surgery,65,2-6h,25,0.8427,16.85,6,750000,50000,700000,73.85
PV02349,71,A41,Critical Care,98,>3d,5,0.7758,15.52,4,200000,200000,0,63.72
PV02350,46,O00,Obstetrics,96,6-24h,20,0.8309,16.62,6,100000,100000,0,81.02
PV02351,33,N17,Nephrology,82,>3d,5,0.8304,16.61,8,300000,75000,225000,62.41
PV02352,85,K80,General Surgery,65,6-24h,20,0.8266,16.53,2,75000,75000,0,64.53
PV02353,53,N20,Urology,55,6-24h,20,0.8377,16.75,6,200000,25000,175000,64.75
PV02354,66,S72,Orthopedics,76,1-3d,10,0.716,14.32,4,200000,200000,0,58.72
PV02355,58,I74,Vascular Surgery,92,2-6h,25,0.8307,16.61,6,300000,0,300000,84.41
PV02356,42,S36,Trauma,90,6-24h,20,0.6445,12.89,8,75000,75000,0,76.89
PV02357,84,S27,Trauma,88,>3d,5,0.8776,17.55,2,50000,0,50000,59.75
PV02358,43,A41,Critical Care,98,6-24h,20,0.7097,14.19,8,150000,50000,100000,81.39
PV02359,85,C18,Oncology,72,>3d,5,0.9378,18.76,2,1000000,75000,925000,54.56
PV02360,47,A41,Critical Care,98,>3d,5,0.5755,11.51,6,300000,150000,150000,61.71
PV02361,19,C34,Oncology,74,<2h,30,0.9874,19.75,10,300000,200000,100000,89.35
PV02362,20,K80,General Surgery,65,1-3d,10,0.6561,13.12,10,400000,100000,300000,59.12
PV02363,84,K92,Gastroenterology,88,2-6h,25,0.7,14.0,2,300000,200000,100000,76.2
PV02364,53,S06,Neurosurgery,95,1-3d,10,0.8499,17.0,6,100000,0,100000,71.0
PV02365,44,K80,General Surgery,65,>3d,5,0.8819,17.64,8,1000000,75000,925000,56.64
PV02366,73,I61,Neurosurgery,98,>3d,5,0.7917,15.83,4,100000,75000,25000,64.03
PV02367,59,K85,General Surgery,82,>3d,5,0.9093,18.19,6,400000,0,400000,61.99
PV02368,62,K56,General Surgery,85,2-6h,25,0.7403,14.81,4,750000,75000,675000,77.81
PV02369,64,K35,General Surgery,70,1-3d,10,0.78,15.6,4,400000,0,400000,57.6
PV02370,31,K56,General Surgery,85,6-24h,20,0.7898,15.8,8,1000000,100000,900000,77.8
PV02371,24,I60,Neurosurgery,98,>3d,5,0.7662,15.32,10,75000,10000,65000,69.52
PV02372,67,T79,Trauma,92,2-6h,25,0.6266,12.53,4,400000,200000,200000,78.33
PV02373,19,I60,Neurosurgery,98,2-6h,25,0.8175,16.35,10,50000,25000,25000,90.55
PV02374,66,S36,Trauma,90,<2h,30,0.8085,16.17,4,300000,75000,225000,86.17
PV02375,26,C50,Oncology,65,2-6h,25,0.9278,18.56,10,75000,75000,0,79.56
PV02376,35,C22,Oncology,73,2-6h,25,0.6914,13.83,8,400000,150000,250000,76.03
PV02377,66,G93,Neurology,80,<2h,30,0.7561,15.12,4,150000,25000,125000,81.12
PV02378,60,K35,General Surgery,70,>3d,5,0.9403,18.81,4,75000,25000,50000,55.81
PV02379,71,C22,Oncology,73,1-3d,10,0.8493,16.99,4,750000,100000,650000,60.19
PV02380,59,C34,Oncology,74,6-24h,20,0.8749,17.5,6,750000,0,750000,73.1
PV02381,21,K56,General Surgery,85,1-3d,10,0.8653,17.31,10,75000,75000,0,71.31
PV02382,75,S72,Orthopedics,76,6-24h,20,0.8658,17.32,2,100000,50000,50000,69.72
PV02383,32,N39,Urology,50,1-3d,10,0.99,19.8,8,50000,50000,0,57.8
PV02384,27,S36,Trauma,90,6-24h,20,0.8292,16.58,10,400000,75000,325000,82.58
PV02385,77,K56,General Surgery,85,1-3d,10,0.7189,14.38,2,750000,150000,600000,60.38
PV02386,31,I20,Cardiology,80,6-24h,20,0.8839,17.68,8,100000,100000,0,77.68
PV02387,54,K92,Gastroenterology,88,2-6h,25,0.7633,15.27,6,200000,10000,190000,81.47
PV02388,51,C22,Oncology,73,1-3d,10,0.809,16.18,6,500000,100000,400000,61.38
PV02389,70,K92,Gastroenterology,88,1-3d,10,0.857,17.14,4,200000,100000,100000,66.34
PV02390,21,I20,Cardiology,80,1-3d,10,0.7379,14.76,10,500000,50000,450000,66.76
PV02391,25,S72,Orthopedics,76,6-24h,20,0.769,15.38,10,500000,10000,490000,75.78
PV02392,46,K56,General Surgery,85,6-24h,20,0.8676,17.35,6,500000,50000,450000,77.35
PV02393,50,C18,Oncology,72,1-3d,10,0.7651,15.3,6,500000,0,500000,60.1
PV02394,71,A41,Critical Care,98,<2h,30,0.9173,18.35,4,200000,200000,0,91.55
PV02395,59,O72,Obstetrics,95,<2h,30,0.7214,14.43,6,150000,0,150000,88.43
PV02396,28,C34,Oncology,74,6-24h,20,0.721,14.42,10,400000,10000,390000,74.02
PV02397,84,K92,Gastroenterology,88,6-24h,20,0.99,19.8,2,75000,10000,65000,77.0
PV02398,49,I71,Cardiovascular Surgery,99,6-24h,20,0.667,13.34,6,300000,10000,290000,78.94
PV02399,83,J96,Critical Care,98,2-6h,25,0.8173,16.35,2,50000,10000,40000,82.55
PV02400,85,K80,General Surgery,65,1-3d,10,0.99,19.8,2,500000,100000,400000,57.8
PV02401,21,I21,Cardiology,95,1-3d,10,0.8171,16.34,10,400000,0,400000,74.34
PV02402,52,N17,Nephrology,82,1-3d,10,0.9547,19.09,6,200000,100000,100000,67.89
PV02403,46,K80,General Surgery,65,1-3d,10,0.8852,17.7,6,150000,50000,100000,59.7
PV02404,51,N17,Nephrology,82,6-24h,20,0.8193,16.39,6,300000,50000,250000,75.19
PV02405,39,S36,Trauma,90,>3d,5,0.8069,16.14,8,400000,75000,325000,65.14
PV02406,55,T79,Trauma,92,1-3d,10,0.6081,12.16,6,400000,0,400000,64.96
PV02407,51,S36,Trauma,90,1-3d,10,0.7881,15.76,6,1000000,75000,925000,67.76
PV02408,30,N20,Urology,55,2-6h,25,0.8432,16.86,8,75000,75000,0,71.86
PV02409,37,S72,Orthopedics,76,1-3d,10,0.8432,16.86,8,50000,50000,0,65.26
PV02410,28,I21,Cardiology,95,1-3d,10,0.99,19.8,10,400000,10000,390000,77.8
PV02411,75,O00,Obstetrics,96,1-3d,10,0.8481,16.96,2,75000,0,75000,67.36
PV02412,64,I60,Neurosurgery,98,1-3d,10,0.883,17.66,4,75000,0,75000,70.86
PV02413,44,N39,Urology,50,>3d,5,0.9365,18.73,8,100000,100000,0,51.73
PV02414,44,C18,Oncology,72,>3d,5,0.8741,17.48,8,500000,25000,475000,59.28
PV02415,23,S36,Trauma,90,1-3d,10,0.8114,16.23,10,50000,10000,40000,72.23
PV02416,37,O72,Obstetrics,95,>3d,5,0.8119,16.24,8,150000,10000,140000,67.24
PV02417,80,C18,Oncology,72,>3d,5,0.7849,15.7,2,75000,25000,50000,51.5
PV02418,20,J96,Critical Care,98,<2h,30,0.8644,17.29,10,750000,50000,700000,96.49
PV02419,27,I71,Cardiovascular Surgery,99,1-3d,10,0.803,16.06,10,500000,200000,300000,75.66
PV02420,75,S27,Trauma,88,2-6h,25,0.8825,17.65,2,50000,50000,0,79.85
PV02421,53,J96,Critical Care,98,6-24h,20,0.7191,14.38,6,100000,100000,0,79.58
PV02422,20,K80,General Surgery,65,6-24h,20,0.8347,16.69,10,200000,0,200000,72.69
PV02423,51,S06,Neurosurgery,95,6-24h,20,0.9752,19.5,6,200000,75000,125000,83.5
PV02424,68,T79,Trauma,92,<2h,30,0.7975,15.95,4,75000,50000,25000,86.75
PV02425,41,K85,General Surgery,82,6-24h,20,0.99,19.8,8,200000,10000,190000,80.6
PV02426,43,N17,Nephrology,82,<2h,30,0.8364,16.73,8,750000,50000,700000,87.53
PV02427,60,K35,General Surgery,70,1-3d,10,0.8143,16.29,4,100000,75000,25000,58.29
PV02428,58,S36,Trauma,90,>3d,5,0.8317,16.63,6,75000,0,75000,63.63
PV02429,79,K80,General Surgery,65,>3d,5,0.7889,15.78,2,150000,150000,0,48.78
PV02430,34,I71,Cardiovascular Surgery,99,6-24h,20,0.6219,12.44,8,200000,100000,100000,80.04
PV02431,36,S06,Neurosurgery,95,6-24h,20,0.908,18.16,8,100000,100000,0,84.16
PV02432,28,O00,Obstetrics,96,>3d,5,0.99,19.8,10,75000,0,75000,73.2
PV02433,63,K35,General Surgery,70,2-6h,25,0.868,17.36,4,50000,0,50000,74.36
PV02434,54,I74,Vascular Surgery,92,>3d,5,0.8741,17.48,6,500000,200000,300000,65.28
PV02435,41,S72,Orthopedics,76,1-3d,10,0.8017,16.03,8,75000,75000,0,64.43
PV02436,65,N17,Nephrology,82,6-24h,20,0.9358,18.72,4,100000,100000,0,75.52
PV02437,43,C34,Oncology,74,2-6h,25,0.8161,16.32,8,500000,10000,490000,78.92
PV02438,31,C50,Oncology,65,<2h,30,0.8467,16.93,8,300000,25000,275000,80.93
PV02439,54,G93,Neurology,80,1-3d,10,0.6635,13.27,6,50000,50000,0,61.27
PV02440,47,I60,Neurosurgery,98,6-24h,20,0.7671,15.34,6,75000,75000,0,80.54
PV02441,45,K85,General Surgery,82,1-3d,10,0.8567,17.13,6,200000,100000,100000,65.93
PV02442,48,I21,Cardiology,95,1-3d,10,0.9107,18.21,6,150000,50000,100000,72.21
PV02443,80,I21,Cardiology,95,6-24h,20,0.9135,18.27,2,1000000,150000,850000,78.27
PV02444,32,A41,Critical Care,98,6-24h,20,0.6621,13.24,8,75000,25000,50000,80.44
PV02445,36,J18,Pulmonology,78,6-24h,20,0.6722,13.44,8,50000,10000,40000,72.64
PV02446,56,I20,Cardiology,80,2-6h,25,0.8784,17.57,6,300000,50000,250000,80.57
PV02447,21,S32,Orthopedics,82,1-3d,10,0.7453,14.91,10,1000000,50000,950000,67.71
PV02448,27,C34,Oncology,74,1-3d,10,0.9095,18.19,10,50000,50000,0,67.79
PV02449,56,S32,Orthopedics,82,1-3d,10,0.657,13.14,6,750000,100000,650000,61.94
PV02450,52,K56,General Surgery,85,6-24h,20,0.8102,16.2,6,1000000,100000,900000,76.2
PV02451,62,G93,Neurology,80,6-24h,20,0.8166,16.33,4,200000,10000,190000,72.33
PV02452,25,I20,Cardiology,80,1-3d,10,0.868,17.36,10,200000,100000,100000,69.36
PV02453,76,I61,Neurosurgery,98,1-3d,10,0.7169,14.34,2,1000000,0,1000000,65.54
PV02454,51,O72,Obstetrics,95,1-3d,10,0.6233,12.47,6,400000,200000,200000,66.47
PV02455,28,T79,Trauma,92,1-3d,10,0.8371,16.74,10,300000,50000,250000,73.54
PV02456,39,O72,Obstetrics,95,>3d,5,0.8726,17.45,8,100000,100000,0,68.45
PV02457,33,G93,Neurology,80,6-24h,20,0.9207,18.41,8,1000000,150000,850000,78.41
PV02458,48,K92,Gastroenterology,88,6-24h,20,0.7841,15.68,6,100000,10000,90000,76.88
PV02459,49,O72,Obstetrics,95,1-3d,10,0.8976,17.95,6,150000,0,150000,71.95
PV02460,47,I60,Neurosurgery,98,2-6h,25,0.8686,17.37,6,750000,200000,550000,87.57
PV02461,49,K85,General Surgery,82,1-3d,10,0.9522,19.04,6,300000,50000,250000,67.84
PV02462,79,A41,Critical Care,98,6-24h,20,0.8145,16.29,2,500000,0,500000,77.49
PV02463,83,O72,Obstetrics,95,2-6h,25,0.647,12.94,2,1000000,75000,925000,77.94
PV02464,51,J18,Pulmonology,78,<2h,30,0.8132,16.26,6,400000,200000,200000,83.46
PV02465,83,S72,Orthopedics,76,1-3d,10,0.8288,16.58,2,75000,75000,0,58.98
PV02466,73,K56,General Surgery,85,1-3d,10,0.8718,17.44,4,500000,25000,475000,65.44
PV02467,73,I74,Vascular Surgery,92,6-24h,20,0.6667,13.33,4,300000,25000,275000,74.13
PV02468,33,C50,Oncology,65,2-6h,25,0.7888,15.78,8,75000,25000,50000,74.78
PV02469,47,I21,Cardiology,95,6-24h,20,0.9068,18.14,6,75000,75000,0,82.14
PV02470,41,A41,Critical Care,98,2-6h,25,0.8096,16.19,8,1000000,50000,950000,88.39
PV02471,24,I20,Cardiology,80,1-3d,10,0.7894,15.79,10,75000,25000,50000,67.79
PV02472,23,I61,Neurosurgery,98,2-6h,25,0.99,19.8,10,200000,10000,190000,94.0
PV02473,60,S27,Trauma,88,2-6h,25,0.713,14.26,4,1000000,0,1000000,78.46
PV02474,46,A41,Critical Care,98,<2h,30,0.9433,18.87,6,750000,150000,600000,94.07
PV02475,74,S06,Neurosurgery,95,1-3d,10,0.9221,18.44,4,750000,150000,600000,70.44
PV02476,63,S27,Trauma,88,1-3d,10,0.7975,15.95,4,500000,0,500000,65.15
PV02477,23,O00,Obstetrics,96,1-3d,10,0.8167,16.33,10,200000,10000,190000,74.73
PV02478,74,K56,General Surgery,85,1-3d,10,0.8164,16.33,4,100000,50000,50000,64.33
PV02479,51,I61,Neurosurgery,98,>3d,5,0.8382,16.76,6,750000,75000,675000,66.96
PV02480,56,K35,General Surgery,70,6-24h,20,0.7605,15.21,6,300000,200000,100000,69.21
PV02481,83,C34,Oncology,74,>3d,5,0.7772,15.54,2,150000,100000,50000,52.14
PV02482,61,G93,Neurology,80,1-3d,10,0.7845,15.69,4,1000000,100000,900000,61.69
PV02483,19,K56,General Surgery,85,2-6h,25,0.7877,15.75,10,150000,100000,50000,84.75
PV02484,30,I74,Vascular Surgery,92,1-3d,10,0.7889,15.78,8,50000,50000,0,70.58
PV02485,46,K85,General Surgery,82,1-3d,10,0.5959,11.92,6,400000,200000,200000,60.72
PV02486,20,K85,General Surgery,82,1-3d,10,0.8298,16.6,10,200000,200000,0,69.4
PV02487,29,J96,Critical Care,98,2-6h,25,0.7673,15.35,10,400000,50000,350000,89.55
PV02488,71,I60,Neurosurgery,98,6-24h,20,0.6333,12.67,4,400000,0,400000,75.87
PV02489,27,O00,Obstetrics,96,>3d,5,0.785,15.7,10,400000,200000,200000,69.1
PV02490,29,K85,General Surgery,82,2-6h,25,0.7819,15.64,10,150000,25000,125000,83.44
PV02491,52,K85,General Surgery,82,<2h,30,0.9475,18.95,6,100000,25000,75000,87.75
PV02492,24,J96,Critical Care,98,6-24h,20,0.7661,15.32,10,150000,10000,140000,84.52
PV02493,35,N39,Urology,50,6-24h,20,0.8868,17.74,8,1000000,150000,850000,65.74
PV02494,81,C18,Oncology,72,1-3d,10,0.9583,19.17,2,500000,10000,490000,59.97
PV02495,60,S27,Trauma,88,1-3d,10,0.7572,15.14,4,150000,150000,0,64.34
PV02496,83,A41,Critical Care,98,>3d,5,0.8153,16.31,2,1000000,10000,990000,62.51
PV02497,42,T79,Trauma,92,6-24h,20,0.99,19.8,8,500000,0,500000,84.6
PV02498,59,I20,Cardiology,80,6-24h,20,0.8429,16.86,6,300000,100000,200000,74.86
PV02499,34,I21,Cardiology,95,6-24h,20,0.8574,17.15,8,750000,10000,740000,83.15
PV02500,43,N39,Urology,50,2-6h,25,0.7793,15.59,8,1000000,25000,975000,68.59
PV02501,29,C50,Oncology,65,1-3d,10,0.8887,17.77,10,300000,0,300000,63.77
PV02502,74,I61,Neurosurgery,98,2-6h,25,0.816,16.32,4,75000,75000,0,84.52
PV02503,30,K80,General Surgery,65,6-24h,20,0.6368,12.74,8,200000,10000,190000,66.74
PV02504,31,S06,Neurosurgery,95,>3d,5,0.7845,15.69,8,100000,100000,0,66.69
PV02505,49,I60,Neurosurgery,98,1-3d,10,0.7017,14.03,6,400000,25000,375000,69.23
PV02506,47,S06,Neurosurgery,95,<2h,30,0.8312,16.62,6,50000,50000,0,90.62
PV02507,39,S72,Orthopedics,76,1-3d,10,0.7283,14.57,8,200000,50000,150000,62.97
PV02508,42,C18,Oncology,72,6-24h,20,0.8678,17.36,8,200000,75000,125000,74.16
PV02509,38,S27,Trauma,88,>3d,5,0.8245,16.49,8,150000,150000,0,64.69
PV02510,80,S06,Neurosurgery,95,1-3d,10,0.6952,13.9,2,400000,10000,390000,63.9
PV02511,57,K56,General Surgery,85,<2h,30,0.7707,15.41,6,300000,10000,290000,85.41
PV02512,80,G93,Neurology,80,2-6h,25,0.8821,17.64,2,100000,100000,0,76.64
PV02513,85,K92,Gastroenterology,88,6-24h,20,0.9348,18.7,2,750000,150000,600000,75.9
PV02514,62,K80,General Surgery,65,1-3d,10,0.7298,14.6,4,200000,50000,150000,54.6
PV02515,74,S06,Neurosurgery,95,6-24h,20,0.7103,14.21,4,75000,0,75000,76.21
PV02516,25,T79,Trauma,92,1-3d,10,0.99,19.8,10,400000,150000,250000,76.6
PV02517,82,C50,Oncology,65,6-24h,20,0.819,16.38,2,150000,75000,75000,64.38
PV02518,50,O00,Obstetrics,96,6-24h,20,0.8291,16.58,6,400000,75000,325000,80.98
PV02519,66,K35,General Surgery,70,2-6h,25,0.7461,14.92,4,500000,50000,450000,71.92
PV02520,34,C22,Oncology,73,2-6h,25,0.8415,16.83,8,400000,100000,300000,79.03
PV02521,24,S72,Orthopedics,76,6-24h,20,0.99,19.8,10,1000000,25000,975000,80.2
PV02522,78,I60,Neurosurgery,98,1-3d,10,0.8454,16.91,2,400000,25000,375000,68.11
PV02523,48,A41,Critical Care,98,>3d,5,0.9265,18.53,6,150000,150000,0,68.73
PV02524,27,S27,Trauma,88,6-24h,20,0.8229,16.46,10,1000000,25000,975000,81.66
PV02525,62,I60,Neurosurgery,98,1-3d,10,0.7174,14.35,4,300000,200000,100000,67.55
PV02526,21,I74,Vascular Surgery,92,2-6h,25,0.7517,15.03,10,500000,50000,450000,86.83
PV02527,48,O72,Obstetrics,95,1-3d,10,0.7082,14.16,6,150000,75000,75000,68.16
PV02528,65,K92,Gastroenterology,88,<2h,30,0.8418,16.84,4,1000000,100000,900000,86.04
PV02529,66,I61,Neurosurgery,98,1-3d,10,0.9424,18.85,4,1000000,100000,900000,72.05
PV02530,48,J18,Pulmonology,78,2-6h,25,0.8361,16.72,6,1000000,75000,925000,78.92
PV02531,43,N39,Urology,50,2-6h,25,0.7892,15.78,8,150000,25000,125000,68.78
PV02532,75,T79,Trauma,92,1-3d,10,0.741,14.82,2,750000,150000,600000,63.62
PV02533,30,N39,Urology,50,6-24h,20,0.8555,17.11,8,400000,100000,300000,65.11
PV02534,23,K56,General Surgery,85,6-24h,20,0.6962,13.92,10,50000,0,50000,77.92
PV02535,28,T79,Trauma,92,6-24h,20,0.7066,14.13,10,1000000,100000,900000,80.93
PV02536,72,C22,Oncology,73,>3d,5,0.91,18.2,4,300000,200000,100000,56.4
PV02537,49,I74,Vascular Surgery,92,6-24h,20,0.7922,15.84,6,300000,75000,225000,78.64
PV02538,20,O72,Obstetrics,95,1-3d,10,0.7903,15.81,10,150000,150000,0,73.81
PV02539,29,O00,Obstetrics,96,>3d,5,0.8031,16.06,10,750000,50000,700000,69.46
PV02540,19,O72,Obstetrics,95,1-3d,10,0.8926,17.85,10,50000,10000,40000,75.85
PV02541,73,I71,Cardiovascular Surgery,99,6-24h,20,0.8366,16.73,4,150000,50000,100000,80.33
PV02542,49,C22,Oncology,73,1-3d,10,0.7457,14.91,6,300000,0,300000,60.11
PV02543,22,K92,Gastroenterology,88,2-6h,25,0.7493,14.99,10,75000,0,75000,85.19
PV02544,33,S36,Trauma,90,1-3d,10,0.8005,16.01,8,100000,75000,25000,70.01
PV02545,59,T79,Trauma,92,6-24h,20,0.8502,17.0,6,400000,0,400000,79.8
PV02546,58,S36,Trauma,90,1-3d,10,0.8164,16.33,6,300000,0,300000,68.33
PV02547,73,S32,Orthopedics,82,1-3d,10,0.8076,16.15,4,750000,50000,700000,62.95
PV02548,19,J18,Pulmonology,78,2-6h,25,0.8246,16.49,10,750000,10000,740000,82.69
PV02549,22,O72,Obstetrics,95,2-6h,25,0.8164,16.33,10,50000,10000,40000,89.33
PV02550,20,S06,Neurosurgery,95,6-24h,20,0.742,14.84,10,150000,75000,75000,82.84
PV02551,44,C34,Oncology,74,1-3d,10,0.9307,18.61,8,750000,25000,725000,66.21
PV02552,67,I74,Vascular Surgery,92,6-24h,20,0.7718,15.44,4,1000000,75000,925000,76.24
PV02553,63,A41,Critical Care,98,1-3d,10,0.8329,16.66,4,50000,50000,0,69.86
PV02554,32,K56,General Surgery,85,6-24h,20,0.614,12.28,8,500000,10000,490000,74.28
PV02555,62,C22,Oncology,73,>3d,5,0.7985,15.97,4,100000,100000,0,54.17
PV02556,62,S06,Neurosurgery,95,6-24h,20,0.71,14.2,4,750000,200000,550000,76.2
PV02557,31,S32,Orthopedics,82,2-6h,25,0.7221,14.44,8,200000,100000,100000,80.24
PV02558,68,G93,Neurology,80,6-24h,20,0.99,19.8,4,75000,10000,65000,75.8
PV02559,46,I21,Cardiology,95,1-3d,10,0.845,16.9,6,100000,75000,25000,70.9
PV02560,22,J18,Pulmonology,78,6-24h,20,0.9426,18.85,10,1000000,10000,990000,80.05
PV02561,44,J18,Pulmonology,78,6-24h,20,0.9055,18.11,8,500000,0,500000,77.31
PV02562,70,K85,General Surgery,82,6-24h,20,0.9183,18.37,4,50000,10000,40000,75.17
PV02563,65,C50,Oncology,65,1-3d,10,0.8001,16.0,4,1000000,150000,850000,56.0
PV02564,36,S27,Trauma,88,>3d,5,0.9806,19.61,8,750000,200000,550000,67.81
PV02565,69,S72,Orthopedics,76,6-24h,20,0.9047,18.09,4,300000,75000,225000,72.49
PV02566,44,S27,Trauma,88,2-6h,25,0.8241,16.48,8,50000,50000,0,84.68
PV02567,49,T79,Trauma,92,6-24h,20,0.8463,16.93,6,200000,50000,150000,79.73
PV02568,23,C18,Oncology,72,6-24h,20,0.8063,16.13,10,75000,0,75000,74.93
PV02569,85,S36,Trauma,90,>3d,5,0.8252,16.5,2,150000,150000,0,59.5
PV02570,75,N39,Urology,50,6-24h,20,0.8156,16.31,2,150000,100000,50000,58.31
PV02571,31,T79,Trauma,92,1-3d,10,0.8582,17.16,8,500000,100000,400000,71.96
PV02572,56,N39,Urology,50,>3d,5,0.99,19.8,6,500000,0,500000,50.8
PV02573,71,N20,Urology,55,1-3d,10,0.6995,13.99,4,75000,75000,0,49.99
PV02574,52,S36,Trauma,90,6-24h,20,0.9342,18.68,6,750000,0,750000,80.68
PV02575,32,S32,Orthopedics,82,1-3d,10,0.7832,15.66,8,400000,0,400000,66.46
PV02576,83,I74,Vascular Surgery,92,6-24h,20,0.947,18.94,2,400000,0,400000,77.74
PV02577,36,I71,Cardiovascular Surgery,99,6-24h,20,0.7867,15.73,8,500000,200000,300000,83.33
PV02578,40,S72,Orthopedics,76,>3d,5,0.8613,17.23,8,500000,150000,350000,60.63
PV02579,43,C22,Oncology,73,6-24h,20,0.8041,16.08,8,500000,0,500000,73.28
PV02580,78,J18,Pulmonology,78,6-24h,20,0.6469,12.94,2,100000,50000,50000,66.14
PV02581,52,S36,Trauma,90,2-6h,25,0.99,19.8,6,400000,75000,325000,86.8
PV02582,66,S72,Orthopedics,76,2-6h,25,0.7257,14.51,4,1000000,75000,925000,73.91
PV02583,79,I71,Cardiovascular Surgery,99,1-3d,10,0.8284,16.57,2,500000,10000,490000,68.17
PV02584,81,C34,Oncology,74,1-3d,10,0.7148,14.3,2,200000,0,200000,55.9
PV02585,76,K85,General Surgery,82,1-3d,10,0.6863,13.73,2,400000,0,400000,58.53
PV02586,79,N17,Nephrology,82,6-24h,20,0.7995,15.99,2,1000000,200000,800000,70.79
PV02587,82,S36,Trauma,90,<2h,30,0.7606,15.21,2,400000,75000,325000,83.21
PV02588,85,I74,Vascular Surgery,92,6-24h,20,0.7031,14.06,2,500000,200000,300000,72.86
PV02589,61,C22,Oncology,73,6-24h,20,0.8165,16.33,4,750000,150000,600000,69.53
PV02590,26,K85,General Surgery,82,1-3d,10,0.6718,13.44,10,150000,10000,140000,66.24
PV02591,25,I61,Neurosurgery,98,1-3d,10,0.8325,16.65,10,150000,0,150000,75.85
PV02592,72,S36,Trauma,90,>3d,5,0.8073,16.15,4,150000,100000,50000,61.15
PV02593,39,O00,Obstetrics,96,1-3d,10,0.572,11.44,8,150000,10000,140000,67.84
PV02594,72,I61,Neurosurgery,98,6-24h,20,0.7677,15.35,4,400000,100000,300000,78.55
PV02595,81,I74,Vascular Surgery,92,1-3d,10,0.8668,17.34,2,200000,200000,0,66.14
PV02596,61,K35,General Surgery,70,1-3d,10,0.7136,14.27,4,1000000,200000,800000,56.27
PV02597,69,O00,Obstetrics,96,>3d,5,0.8712,17.42,4,400000,25000,375000,64.82
PV02598,36,N20,Urology,55,6-24h,20,0.8633,17.27,8,400000,50000,350000,67.27
PV02599,47,C22,Oncology,73,1-3d,10,0.7182,14.36,6,1000000,100000,900000,59.56
PV02600,83,S36,Trauma,90,6-24h,20,0.8188,16.38,2,750000,10000,740000,74.38
PV02601,73,G93,Neurology,80,1-3d,10,0.9025,18.05,4,50000,50000,0,64.05
PV02602,31,A41,Critical Care,98,>3d,5,0.7324,14.65,8,1000000,25000,975000,66.85
PV02603,81,S32,Orthopedics,82,>3d,5,0.7994,15.99,2,750000,75000,675000,55.79
PV02604,51,N17,Nephrology,82,2-6h,25,0.935,18.7,6,150000,100000,50000,82.5
PV02605,75,K80,General Surgery,65,2-6h,25,0.7342,14.68,2,100000,100000,0,67.68
PV02606,53,K80,General Surgery,65,1-3d,10,0.8659,17.32,6,300000,50000,250000,59.32
PV02607,59,O00,Obstetrics,96,1-3d,10,0.7121,14.24,6,1000000,25000,975000,68.64
PV02608,29,J96,Critical Care,98,>3d,5,0.8039,16.08,10,400000,0,400000,70.28
PV02609,41,O00,Obstetrics,96,6-24h,20,0.8647,17.29,8,300000,100000,200000,83.69
PV02610,67,T79,Trauma,92,1-3d,10,0.5795,11.59,4,100000,100000,0,62.39
PV02611,75,C22,Oncology,73,1-3d,10,0.7666,15.33,2,750000,50000,700000,56.53
PV02612,24,N39,Urology,50,2-6h,25,0.8629,17.26,10,500000,150000,350000,72.26
PV02613,23,K56,General Surgery,85,2-6h,25,0.8426,16.85,10,50000,50000,0,85.85
PV02614,65,J18,Pulmonology,78,1-3d,10,0.7678,15.36,4,100000,50000,50000,60.56
PV02615,48,S06,Neurosurgery,95,2-6h,25,0.7095,14.19,6,750000,0,750000,83.19
PV02616,75,C50,Oncology,65,1-3d,10,0.8828,17.66,2,500000,75000,425000,55.66
PV02617,22,C22,Oncology,73,1-3d,10,0.7878,15.76,10,200000,75000,125000,64.96
PV02618,41,I60,Neurosurgery,98,6-24h,20,0.8745,17.49,8,300000,50000,250000,84.69
PV02619,20,C34,Oncology,74,6-24h,20,0.858,17.16,10,75000,75000,0,76.76
PV02620,66,K92,Gastroenterology,88,>3d,5,0.7753,15.51,4,750000,75000,675000,59.71
PV02621,76,G93,Neurology,80,1-3d,10,0.9273,18.55,2,400000,100000,300000,62.55
PV02622,28,S36,Trauma,90,1-3d,10,0.7606,15.21,10,300000,0,300000,71.21
PV02623,40,S06,Neurosurgery,95,1-3d,10,0.939,18.78,8,400000,75000,325000,74.78
PV02624,75,N39,Urology,50,1-3d,10,0.9521,19.04,2,300000,50000,250000,51.04
PV02625,20,N39,Urology,50,>3d,5,0.925,18.5,10,200000,25000,175000,53.5
PV02626,82,J18,Pulmonology,78,1-3d,10,0.8019,16.04,2,75000,50000,25000,59.24
PV02627,78,C22,Oncology,73,1-3d,10,0.99,19.8,2,200000,100000,100000,61.0
PV02628,28,I21,Cardiology,95,6-24h,20,0.8352,16.7,10,750000,200000,550000,84.7
PV02629,27,C18,Oncology,72,6-24h,20,0.8441,16.88,10,50000,10000,40000,75.68
PV02630,65,I60,Neurosurgery,98,1-3d,10,0.8178,16.36,4,200000,0,200000,69.56
PV02631,18,K92,Gastroenterology,88,6-24h,20,0.707,14.14,10,750000,25000,725000,79.34
PV02632,52,C50,Oncology,65,1-3d,10,0.9495,18.99,6,300000,25000,275000,60.99
PV02633,22,N39,Urology,50,>3d,5,0.7628,15.26,10,50000,0,50000,50.26
PV02634,54,N17,Nephrology,82,6-24h,20,0.912,18.24,6,750000,50000,700000,77.04
PV02635,41,I61,Neurosurgery,98,2-6h,25,0.936,18.72,8,50000,50000,0,90.92
PV02636,66,I21,Cardiology,95,1-3d,10,0.8803,17.61,4,200000,150000,50000,69.61
PV02637,77,K85,General Surgery,82,<2h,30,0.7508,15.02,2,75000,75000,0,79.82
PV02638,51,K80,General Surgery,65,1-3d,10,0.7859,15.72,6,100000,50000,50000,57.72
PV02639,61,K35,General Surgery,70,1-3d,10,0.5523,11.05,4,150000,100000,50000,53.05
PV02640,58,G93,Neurology,80,6-24h,20,0.8084,16.17,6,100000,25000,75000,74.17
PV02641,84,J96,Critical Care,98,1-3d,10,0.9003,18.01,2,750000,10000,740000,69.21
PV02642,33,O72,Obstetrics,95,6-24h,20,0.7962,15.92,8,300000,75000,225000,81.92
PV02643,34,A41,Critical Care,98,6-24h,20,0.761,15.22,8,150000,50000,100000,82.42
PV02644,43,S72,Orthopedics,76,6-24h,20,0.7902,15.8,8,100000,25000,75000,74.2
PV02645,68,S72,Orthopedics,76,6-24h,20,0.9415,18.83,4,200000,200000,0,73.23
PV02646,76,I21,Cardiology,95,>3d,5,0.8146,16.29,2,150000,75000,75000,61.29
PV02647,36,J18,Pulmonology,78,2-6h,25,0.99,19.8,8,750000,75000,675000,84.0
PV02648,25,S32,Orthopedics,82,6-24h,20,0.7629,15.26,10,100000,100000,0,78.06
PV02649,59,K92,Gastroenterology,88,2-6h,25,0.8417,16.83,6,400000,25000,375000,83.03
PV02650,58,I74,Vascular Surgery,92,6-24h,20,0.7767,15.53,6,200000,75000,125000,78.33
PV02651,43,I20,Cardiology,80,2-6h,25,0.99,19.8,8,100000,100000,0,84.8
PV02652,30,I20,Cardiology,80,1-3d,10,0.838,16.76,8,200000,75000,125000,66.76
PV02653,75,C22,Oncology,73,2-6h,25,0.99,19.8,2,75000,75000,0,76.0
PV02654,75,S36,Trauma,90,1-3d,10,0.778,15.56,2,300000,0,300000,63.56
PV02655,68,G93,Neurology,80,6-24h,20,0.9728,19.46,4,500000,100000,400000,75.46
PV02656,57,N17,Nephrology,82,6-24h,20,0.8318,16.64,6,300000,100000,200000,75.44
PV02657,35,I60,Neurosurgery,98,2-6h,25,0.9037,18.07,8,50000,50000,0,90.27
PV02658,45,I71,Cardiovascular Surgery,99,1-3d,10,0.698,13.96,6,300000,200000,100000,69.56
PV02659,22,C50,Oncology,65,>3d,5,0.8548,17.1,10,50000,10000,40000,58.1
PV02660,34,K35,General Surgery,70,6-24h,20,0.7131,14.26,8,150000,50000,100000,70.26
PV02661,48,S72,Orthopedics,76,>3d,5,0.8457,16.91,6,400000,200000,200000,58.31
PV02662,47,S32,Orthopedics,82,6-24h,20,0.6682,13.36,6,1000000,150000,850000,72.16
PV02663,23,K35,General Surgery,70,1-3d,10,0.8106,16.21,10,1000000,0,1000000,64.21
PV02664,83,O72,Obstetrics,95,1-3d,10,0.9296,18.59,2,300000,75000,225000,68.59
PV02665,36,A41,Critical Care,98,2-6h,25,0.8748,17.5,8,100000,25000,75000,89.7
PV02666,52,N17,Nephrology,82,6-24h,20,0.6966,13.93,6,750000,100000,650000,72.73
PV02667,49,J96,Critical Care,98,<2h,30,0.6302,12.6,6,150000,75000,75000,87.8
PV02668,49,K92,Gastroenterology,88,1-3d,10,0.8697,17.39,6,300000,25000,275000,68.59
PV02669,75,I61,Neurosurgery,98,6-24h,20,0.9781,19.56,2,75000,50000,25000,80.76
PV02670,68,K92,Gastroenterology,88,>3d,5,0.7236,14.47,4,150000,150000,0,58.67
PV02671,76,S32,Orthopedics,82,6-24h,20,0.99,19.8,2,200000,25000,175000,74.6
PV02672,43,G93,Neurology,80,>3d,5,0.8194,16.39,8,500000,10000,490000,61.39
PV02673,36,G93,Neurology,80,2-6h,25,0.6241,12.48,8,750000,0,750000,77.48
PV02674,47,K56,General Surgery,85,1-3d,10,0.6639,13.28,6,75000,10000,65000,63.28
PV02675,56,N39,Urology,50,6-24h,20,0.897,17.94,6,300000,0,300000,63.94
PV02676,40,J18,Pulmonology,78,2-6h,25,0.833,16.66,8,1000000,0,1000000,80.86
PV02677,49,K92,Gastroenterology,88,2-6h,25,0.9682,19.36,6,50000,50000,0,85.56
PV02678,28,I20,Cardiology,80,1-3d,10,0.7002,14.0,10,300000,75000,225000,66.0
PV02679,57,J18,Pulmonology,78,6-24h,20,0.8318,16.64,6,500000,150000,350000,73.84
PV02680,66,S36,Trauma,90,1-3d,10,0.8207,16.41,4,75000,75000,0,66.41
PV02681,53,S06,Neurosurgery,95,>3d,5,0.8057,16.11,6,400000,10000,390000,65.11
PV02682,77,S06,Neurosurgery,95,6-24h,20,0.7817,15.63,2,200000,100000,100000,75.63
PV02683,85,S36,Trauma,90,<2h,30,0.7837,15.67,2,400000,50000,350000,83.67
PV02684,79,T79,Trauma,92,2-6h,25,0.8375,16.75,2,500000,10000,490000,80.55
PV02685,24,O00,Obstetrics,96,2-6h,25,0.8503,17.01,10,75000,75000,0,90.41
PV02686,77,O72,Obstetrics,95,6-24h,20,0.8453,16.91,2,50000,50000,0,76.91
PV02687,40,J96,Critical Care,98,1-3d,10,0.9406,18.81,8,150000,50000,100000,76.01
PV02688,48,N17,Nephrology,82,6-24h,20,0.6999,14.0,6,100000,10000,90000,72.8
PV02689,46,C34,Oncology,74,2-6h,25,0.6388,12.78,6,100000,0,100000,73.38
PV02690,37,C22,Oncology,73,1-3d,10,0.9217,18.43,8,1000000,150000,850000,65.63
PV02691,77,N20,Urology,55,6-24h,20,0.7256,14.51,2,400000,10000,390000,58.51
PV02692,61,C18,Oncology,72,1-3d,10,0.7821,15.64,4,150000,25000,125000,58.44
PV02693,83,N39,Urology,50,>3d,5,0.7588,15.18,2,400000,100000,300000,42.18
PV02694,82,S27,Trauma,88,6-24h,20,0.7566,15.13,2,75000,50000,25000,72.33
PV02695,46,K92,Gastroenterology,88,6-24h,20,0.6742,13.48,6,75000,75000,0,74.68
PV02696,67,S36,Trauma,90,1-3d,10,0.763,15.26,4,50000,25000,25000,65.26
PV02697,52,S06,Neurosurgery,95,1-3d,10,0.8849,17.7,6,200000,200000,0,71.7
PV02698,51,S27,Trauma,88,1-3d,10,0.8196,16.39,6,400000,25000,375000,67.59
PV02699,68,S06,Neurosurgery,95,1-3d,10,0.8705,17.41,4,300000,0,300000,69.41
PV02700,64,S06,Neurosurgery,95,1-3d,10,0.7704,15.41,4,300000,100000,200000,67.41
PV02701,79,I20,Cardiology,80,1-3d,10,0.9103,18.21,2,75000,75000,0,62.21
PV02702,70,S32,Orthopedics,82,1-3d,10,0.7692,15.38,4,400000,200000,200000,62.18
PV02703,60,A41,Critical Care,98,1-3d,10,0.6091,12.18,4,300000,0,300000,65.38
PV02704,80,G93,Neurology,80,1-3d,10,0.8517,17.03,2,1000000,75000,925000,61.03
PV02705,24,I61,Neurosurgery,98,6-24h,20,0.8967,17.93,10,100000,100000,0,87.13
PV02706,69,I71,Cardiovascular Surgery,99,1-3d,10,0.7641,15.28,4,50000,50000,0,68.88
PV02707,44,N20,Urology,55,6-24h,20,0.9399,18.8,8,200000,25000,175000,68.8
PV02708,47,I74,Vascular Surgery,92,2-6h,25,0.7349,14.7,6,75000,25000,50000,82.5
PV02709,71,N20,Urology,55,6-24h,20,0.8871,17.74,4,75000,0,75000,63.74
PV02710,36,I20,Cardiology,80,6-24h,20,0.99,19.8,8,100000,75000,25000,79.8
PV02711,78,I60,Neurosurgery,98,1-3d,10,0.8237,16.47,2,400000,150000,250000,67.67
PV02712,51,I21,Cardiology,95,6-24h,20,0.7974,15.95,6,200000,50000,150000,79.95
PV02713,41,K92,Gastroenterology,88,1-3d,10,0.8094,16.19,8,750000,0,750000,69.39
PV02714,40,O00,Obstetrics,96,6-24h,20,0.9828,19.66,8,75000,75000,0,86.06
PV02715,46,O00,Obstetrics,96,2-6h,25,0.8603,17.21,6,1000000,200000,800000,86.61
PV02716,82,S72,Orthopedics,76,6-24h,20,0.99,19.8,2,200000,75000,125000,72.2
PV02717,24,S72,Orthopedics,76,1-3d,10,0.8479,16.96,10,300000,0,300000,67.36
PV02718,52,C50,Oncology,65,1-3d,10,0.7546,15.09,6,750000,50000,700000,57.09
PV02719,74,J18,Pulmonology,78,6-24h,20,0.7616,15.23,4,200000,75000,125000,70.43
PV02720,50,K35,General Surgery,70,6-24h,20,0.8262,16.52,6,75000,75000,0,70.52
PV02721,56,C18,Oncology,72,6-24h,20,0.6159,12.32,6,100000,50000,50000,67.12
PV02722,41,C50,Oncology,65,2-6h,25,0.7725,15.45,8,1000000,0,1000000,74.45
PV02723,27,S06,Neurosurgery,95,<2h,30,0.7747,15.49,10,50000,50000,0,93.49
PV02724,61,S36,Trauma,90,>3d,5,0.844,16.88,4,1000000,100000,900000,61.88
PV02725,80,S32,Orthopedics,82,2-6h,25,0.99,19.8,2,400000,10000,390000,79.6
PV02726,53,C18,Oncology,72,2-6h,25,0.8255,16.51,6,300000,50000,250000,76.31
PV02727,47,K35,General Surgery,70,>3d,5,0.6277,12.55,6,150000,0,150000,51.55
PV02728,26,I60,Neurosurgery,98,1-3d,10,0.7286,14.57,10,750000,0,750000,73.77
PV02729,82,J18,Pulmonology,78,6-24h,20,0.8462,16.92,2,50000,25000,25000,70.12
PV02730,77,S72,Orthopedics,76,1-3d,10,0.8293,16.59,2,500000,0,500000,58.99
PV02731,79,K92,Gastroenterology,88,>3d,5,0.9824,19.65,2,100000,25000,75000,61.85
PV02732,42,O00,Obstetrics,96,2-6h,25,0.916,18.32,8,150000,100000,50000,89.72
PV02733,60,N39,Urology,50,6-24h,20,0.913,18.26,4,50000,50000,0,62.26
PV02734,47,A41,Critical Care,98,>3d,5,0.7983,15.97,6,300000,10000,290000,66.17
PV02735,33,S72,Orthopedics,76,1-3d,10,0.9299,18.6,8,75000,75000,0,67.0
PV02736,31,K35,General Surgery,70,>3d,5,0.7304,14.61,8,75000,75000,0,55.61
PV02737,44,J18,Pulmonology,78,6-24h,20,0.9168,18.34,8,150000,75000,75000,77.54
PV02738,55,K56,General Surgery,85,>3d,5,0.7918,15.84,6,200000,25000,175000,60.84
PV02739,26,O72,Obstetrics,95,6-24h,20,0.6752,13.5,10,1000000,150000,850000,81.5
PV02740,65,K85,General Surgery,82,1-3d,10,0.8793,17.59,4,750000,25000,725000,64.39
PV02741,49,K56,General Surgery,85,>3d,5,0.9598,19.2,6,200000,0,200000,64.2
PV02742,77,I61,Neurosurgery,98,2-6h,25,0.7793,15.59,2,300000,100000,200000,81.79
PV02743,36,O00,Obstetrics,96,2-6h,25,0.9763,19.53,8,500000,100000,400000,90.93
PV02744,21,K92,Gastroenterology,88,1-3d,10,0.6544,13.09,10,150000,10000,140000,68.29
PV02745,39,K56,General Surgery,85,1-3d,10,0.7003,14.01,8,500000,50000,450000,66.01
PV02746,84,S27,Trauma,88,<2h,30,0.8053,16.11,2,400000,0,400000,83.31
PV02747,39,A41,Critical Care,98,>3d,5,0.7829,15.66,8,500000,50000,450000,67.86
PV02748,65,T79,Trauma,92,6-24h,20,0.7533,15.07,4,1000000,50000,950000,75.87
PV02749,75,S27,Trauma,88,6-24h,20,0.8334,16.67,2,150000,25000,125000,73.87
PV02750,37,C22,Oncology,73,6-24h,20,0.7671,15.34,8,50000,50000,0,72.54
PV02751,61,J96,Critical Care,98,>3d,5,0.7841,15.68,4,300000,100000,200000,63.88
PV02752,31,I61,Neurosurgery,98,2-6h,25,0.8478,16.96,8,150000,50000,100000,89.16
PV02753,42,J18,Pulmonology,78,1-3d,10,0.7532,15.06,8,50000,50000,0,64.26
PV02754,38,C34,Oncology,74,2-6h,25,0.8094,16.19,8,75000,50000,25000,78.79
PV02755,63,C22,Oncology,73,>3d,5,0.7554,15.11,4,300000,50000,250000,53.31
PV02756,77,I20,Cardiology,80,1-3d,10,0.6994,13.99,2,1000000,100000,900000,57.99
PV02757,35,I20,Cardiology,80,6-24h,20,0.8964,17.93,8,150000,10000,140000,77.93
PV02758,37,C34,Oncology,74,6-24h,20,0.99,19.8,8,300000,150000,150000,77.4
PV02759,73,K85,General Surgery,82,6-24h,20,0.9265,18.53,4,75000,75000,0,75.33
PV02760,49,S27,Trauma,88,6-24h,20,0.8532,17.06,6,75000,25000,50000,78.26
PV02761,52,K35,General Surgery,70,1-3d,10,0.7558,15.12,6,500000,10000,490000,59.12
PV02762,65,S27,Trauma,88,1-3d,10,0.7913,15.83,4,400000,150000,250000,65.03
PV02763,27,K85,General Surgery,82,6-24h,20,0.9257,18.51,10,75000,0,75000,81.31
PV02764,77,I60,Neurosurgery,98,1-3d,10,0.5919,11.84,2,300000,0,300000,63.04
PV02765,42,A41,Critical Care,98,6-24h,20,0.7837,15.67,8,300000,75000,225000,82.87
PV02766,62,N17,Nephrology,82,2-6h,25,0.8934,17.87,4,50000,50000,0,79.67
PV02767,47,S36,Trauma,90,2-6h,25,0.7062,14.12,6,150000,10000,140000,81.12
PV02768,69,C22,Oncology,73,6-24h,20,0.8623,17.25,4,750000,50000,700000,70.45
PV02769,59,O72,Obstetrics,95,1-3d,10,0.8577,17.15,6,150000,150000,0,71.15
PV02770,29,K92,Gastroenterology,88,2-6h,25,0.6746,13.49,10,500000,50000,450000,83.69
PV02771,30,C34,Oncology,74,1-3d,10,0.8287,16.57,8,400000,75000,325000,64.17
PV02772,77,I60,Neurosurgery,98,6-24h,20,0.7583,15.17,2,50000,0,50000,76.37
PV02773,53,A41,Critical Care,98,1-3d,10,0.8616,17.23,6,1000000,100000,900000,72.43
PV02774,36,N20,Urology,55,<2h,30,0.887,17.74,8,1000000,10000,990000,77.74
PV02775,27,N17,Nephrology,82,6-24h,20,0.8599,17.2,10,400000,10000,390000,80.0
PV02776,26,I74,Vascular Surgery,92,<2h,30,0.8273,16.55,10,75000,25000,50000,93.35
PV02777,80,O00,Obstetrics,96,6-24h,20,0.8489,16.98,2,750000,50000,700000,77.38
PV02778,84,N39,Urology,50,<2h,30,0.7024,14.05,2,50000,25000,25000,66.05
PV02779,44,S36,Trauma,90,6-24h,20,0.8169,16.34,8,300000,150000,150000,80.34
PV02780,31,I60,Neurosurgery,98,1-3d,10,0.7404,14.81,8,200000,50000,150000,72.01
PV02781,46,I74,Vascular Surgery,92,2-6h,25,0.9232,18.46,6,400000,0,400000,86.26
PV02782,27,K92,Gastroenterology,88,1-3d,10,0.8883,17.77,10,75000,50000,25000,72.97
PV02783,55,K80,General Surgery,65,1-3d,10,0.888,17.76,6,750000,0,750000,59.76
PV02784,60,G93,Neurology,80,6-24h,20,0.99,19.8,4,300000,10000,290000,75.8
PV02785,84,N39,Urology,50,1-3d,10,0.787,15.74,2,100000,75000,25000,47.74
PV02786,39,S06,Neurosurgery,95,6-24h,20,0.7651,15.3,8,150000,75000,75000,81.3
PV02787,31,I71,Cardiovascular Surgery,99,1-3d,10,0.7846,15.69,8,400000,100000,300000,73.29
PV02788,27,I60,Neurosurgery,98,1-3d,10,0.6598,13.2,10,75000,50000,25000,72.4
PV02789,43,I21,Cardiology,95,1-3d,10,0.6676,13.35,8,100000,100000,0,69.35
PV02790,58,G93,Neurology,80,6-24h,20,0.8821,17.64,6,1000000,0,1000000,75.64
PV02791,22,K92,Gastroenterology,88,1-3d,10,0.6805,13.61,10,750000,50000,700000,68.81
PV02792,69,K35,General Surgery,70,2-6h,25,0.7125,14.25,4,150000,10000,140000,71.25
PV02793,49,N20,Urology,55,6-24h,20,0.8098,16.2,6,300000,0,300000,64.2
PV02794,71,N17,Nephrology,82,<2h,30,0.7788,15.58,4,200000,75000,125000,82.38
PV02795,49,I61,Neurosurgery,98,2-6h,25,0.9086,18.17,6,100000,0,100000,88.37
PV02796,28,N39,Urology,50,1-3d,10,0.826,16.52,10,100000,75000,25000,56.52
PV02797,19,I20,Cardiology,80,>3d,5,0.7402,14.8,10,75000,75000,0,61.8
PV02798,55,J18,Pulmonology,78,<2h,30,0.9172,18.34,6,750000,150000,600000,85.54
PV02799,54,N20,Urology,55,1-3d,10,0.8929,17.86,6,100000,100000,0,55.86
PV02800,73,S36,Trauma,90,1-3d,10,0.6789,13.58,4,75000,10000,65000,63.58
PV02801,77,S32,Orthopedics,82,>3d,5,0.8452,16.9,2,400000,100000,300000,56.7
PV02802,28,S72,Orthopedics,76,1-3d,10,0.7485,14.97,10,75000,75000,0,65.37
PV02803,39,C22,Oncology,73,2-6h,25,0.7459,14.92,8,1000000,50000,950000,77.12
PV02804,32,I60,Neurosurgery,98,2-6h,25,0.99,19.8,8,750000,50000,700000,92.0
PV02805,25,K56,General Surgery,85,1-3d,10,0.8324,16.65,10,200000,10000,190000,70.65
PV02806,18,C22,Oncology,73,2-6h,25,0.7982,15.96,10,75000,75000,0,80.16
PV02807,23,I71,Cardiovascular Surgery,99,>3d,5,0.8285,16.57,10,75000,75000,0,71.17
PV02808,53,I74,Vascular Surgery,92,>3d,5,0.9074,18.15,6,750000,100000,650000,65.95
PV02809,28,S32,Orthopedics,82,>3d,5,0.7498,15.0,10,200000,75000,125000,62.8
PV02810,31,K56,General Surgery,85,6-24h,20,0.7669,15.34,8,300000,10000,290000,77.34
PV02811,26,O00,Obstetrics,96,1-3d,10,0.8857,17.71,10,75000,75000,0,76.11
PV02812,67,I71,Cardiovascular Surgery,99,1-3d,10,0.6684,13.37,4,750000,200000,550000,66.97
PV02813,61,K56,General Surgery,85,<2h,30,0.9191,18.38,4,300000,10000,290000,86.38
PV02814,83,K92,Gastroenterology,88,6-24h,20,0.6595,13.19,2,50000,25000,25000,70.39
PV02815,25,K56,General Surgery,85,2-6h,25,0.7954,15.91,10,50000,50000,0,84.91
PV02816,32,I61,Neurosurgery,98,6-24h,20,0.6601,13.2,8,1000000,200000,800000,80.4
PV02817,48,C50,Oncology,65,>3d,5,0.7144,14.29,6,50000,50000,0,51.29
PV02818,62,I20,Cardiology,80,1-3d,10,0.9498,19.0,4,100000,25000,75000,65.0
PV02819,26,S06,Neurosurgery,95,6-24h,20,0.9244,18.49,10,50000,25000,25000,86.49
PV02820,32,N20,Urology,55,1-3d,10,0.9351,18.7,8,50000,50000,0,58.7
PV02821,46,N17,Nephrology,82,2-6h,25,0.6751,13.5,6,750000,25000,725000,77.3
PV02822,19,T79,Trauma,92,6-24h,20,0.7149,14.3,10,500000,75000,425000,81.1
PV02823,44,S06,Neurosurgery,95,<2h,30,0.854,17.08,8,150000,0,150000,93.08
PV02824,69,C22,Oncology,73,1-3d,10,0.8915,17.83,4,75000,0,75000,61.03
PV02825,53,C18,Oncology,72,1-3d,10,0.74,14.8,6,100000,0,100000,59.6
PV02826,47,G93,Neurology,80,1-3d,10,0.7621,15.24,6,150000,100000,50000,63.24
PV02827,51,K85,General Surgery,82,>3d,5,0.7069,14.14,6,500000,200000,300000,57.94
PV02828,82,K92,Gastroenterology,88,2-6h,25,0.9858,19.72,2,300000,0,300000,81.92
PV02829,53,C18,Oncology,72,1-3d,10,0.7725,15.45,6,200000,200000,0,60.25
PV02830,54,S06,Neurosurgery,95,2-6h,25,0.8231,16.46,6,50000,10000,40000,85.46
PV02831,81,N39,Urology,50,6-24h,20,0.8284,16.57,2,75000,0,75000,58.57
PV02832,28,S32,Orthopedics,82,6-24h,20,0.9306,18.61,10,100000,25000,75000,81.41
PV02833,24,I74,Vascular Surgery,92,<2h,30,0.7248,14.5,10,100000,25000,75000,91.3
PV02834,48,N17,Nephrology,82,2-6h,25,0.9368,18.74,6,200000,200000,0,82.54
PV02835,39,S36,Trauma,90,6-24h,20,0.6921,13.84,8,750000,0,750000,77.84
PV02836,31,N17,Nephrology,82,2-6h,25,0.9366,18.73,8,200000,200000,0,84.53
PV02837,26,K92,Gastroenterology,88,>3d,5,0.6485,12.97,10,150000,150000,0,63.17
PV02838,77,I20,Cardiology,80,6-24h,20,0.8095,16.19,2,300000,50000,250000,70.19
PV02839,59,A41,Critical Care,98,6-24h,20,0.9825,19.65,6,50000,50000,0,84.85
PV02840,64,C22,Oncology,73,>3d,5,0.8897,17.79,4,500000,75000,425000,55.99
PV02841,26,S72,Orthopedics,76,1-3d,10,0.8621,17.24,10,50000,50000,0,67.64
PV02842,41,N20,Urology,55,6-24h,20,0.7152,14.3,8,150000,10000,140000,64.3
PV02843,60,K80,General Surgery,65,>3d,5,0.7465,14.93,4,1000000,200000,800000,49.93
PV02844,53,O72,Obstetrics,95,6-24h,20,0.9544,19.09,6,200000,50000,150000,83.09
PV02845,65,S72,Orthopedics,76,2-6h,25,0.8672,17.34,4,500000,200000,300000,76.74
PV02846,63,S72,Orthopedics,76,1-3d,10,0.909,18.18,4,100000,100000,0,62.58
PV02847,46,G93,Neurology,80,6-24h,20,0.8274,16.55,6,750000,150000,600000,74.55
PV02848,71,S36,Trauma,90,1-3d,10,0.7918,15.84,4,150000,150000,0,65.84
PV02849,35,I71,Cardiovascular Surgery,99,<2h,30,0.8967,17.93,8,100000,50000,50000,95.53
PV02850,23,K85,General Surgery,82,1-3d,10,0.8459,16.92,10,50000,50000,0,69.72
PV02851,80,K56,General Surgery,85,1-3d,10,0.803,16.06,2,150000,10000,140000,62.06
PV02852,19,S36,Trauma,90,>3d,5,0.6786,13.57,10,300000,25000,275000,64.57
PV02853,37,S06,Neurosurgery,95,2-6h,25,0.9154,18.31,8,50000,50000,0,89.31
PV02854,25,I61,Neurosurgery,98,6-24h,20,0.864,17.28,10,75000,75000,0,86.48
PV02855,33,N20,Urology,55,>3d,5,0.7594,15.19,8,150000,25000,125000,50.19
PV02856,44,I61,Neurosurgery,98,1-3d,10,0.9379,18.76,8,500000,200000,300000,75.96
PV02857,26,J18,Pulmonology,78,<2h,30,0.8444,16.89,10,300000,100000,200000,88.09
PV02858,49,S32,Orthopedics,82,<2h,30,0.8463,16.93,6,50000,50000,0,85.73
PV02859,81,N20,Urology,55,1-3d,10,0.9084,18.17,2,50000,50000,0,52.17
PV02860,27,S72,Orthopedics,76,1-3d,10,0.8869,17.74,10,50000,50000,0,68.14
PV02861,81,K56,General Surgery,85,1-3d,10,0.8494,16.99,2,150000,100000,50000,62.99
PV02862,45,N39,Urology,50,>3d,5,0.8011,16.02,6,100000,10000,90000,47.02
PV02863,58,G93,Neurology,80,6-24h,20,0.99,19.8,6,75000,25000,50000,77.8
PV02864,48,C18,Oncology,72,2-6h,25,0.7466,14.93,6,200000,200000,0,74.73
PV02865,39,I61,Neurosurgery,98,1-3d,10,0.8946,17.89,8,300000,100000,200000,75.09
PV02866,25,I60,Neurosurgery,98,>3d,5,0.8116,16.23,10,400000,75000,325000,70.43
PV02867,58,I74,Vascular Surgery,92,6-24h,20,0.8655,17.31,6,1000000,0,1000000,80.11
PV02868,80,K35,General Surgery,70,1-3d,10,0.9433,18.87,2,400000,0,400000,58.87
PV02869,53,G93,Neurology,80,2-6h,25,0.7888,15.78,6,1000000,75000,925000,78.78
PV02870,58,A41,Critical Care,98,2-6h,25,0.8802,17.6,6,1000000,0,1000000,87.8
PV02871,61,I71,Cardiovascular Surgery,99,>3d,5,0.8466,16.93,4,750000,10000,740000,65.53
PV02872,44,C22,Oncology,73,2-6h,25,0.7559,15.12,8,150000,75000,75000,77.32
PV02873,26,T79,Trauma,92,<2h,30,0.9458,18.92,10,50000,50000,0,95.72
PV02874,52,A41,Critical Care,98,1-3d,10,0.8911,17.82,6,50000,50000,0,73.02
PV02875,77,S36,Trauma,90,6-24h,20,0.7765,15.53,2,750000,50000,700000,73.53
PV02876,39,O00,Obstetrics,96,6-24h,20,0.9304,18.61,8,750000,200000,550000,85.01
PV02877,77,C34,Oncology,74,1-3d,10,0.7369,14.74,2,150000,75000,75000,56.34
PV02878,76,K92,Gastroenterology,88,2-6h,25,0.8171,16.34,2,500000,200000,300000,78.54
PV02879,34,I20,Cardiology,80,1-3d,10,0.7771,15.54,8,200000,10000,190000,65.54
PV02880,57,C22,Oncology,73,6-24h,20,0.8951,17.9,6,50000,50000,0,73.1
PV02881,68,I60,Neurosurgery,98,2-6h,25,0.772,15.44,4,400000,200000,200000,83.64
PV02882,51,J96,Critical Care,98,1-3d,10,0.8958,17.92,6,50000,50000,0,73.12
PV02883,65,N17,Nephrology,82,6-24h,20,0.8794,17.59,4,75000,75000,0,74.39
PV02884,79,I60,Neurosurgery,98,>3d,5,0.7825,15.65,2,200000,10000,190000,61.85
PV02885,60,K85,General Surgery,82,>3d,5,0.99,19.8,4,50000,50000,0,61.6
PV02886,74,K35,General Surgery,70,1-3d,10,0.7455,14.91,4,150000,0,150000,56.91
PV02887,72,N39,Urology,50,6-24h,20,0.6791,13.58,4,500000,50000,450000,57.58
PV02888,73,I60,Neurosurgery,98,6-24h,20,0.9056,18.11,4,300000,0,300000,81.31
PV02889,75,K35,General Surgery,70,>3d,5,0.6051,12.1,2,50000,50000,0,47.1
PV02890,33,K56,General Surgery,85,6-24h,20,0.9692,19.38,8,100000,100000,0,81.38
PV02891,19,K35,General Surgery,70,1-3d,10,0.8302,16.6,10,1000000,0,1000000,64.6
PV02892,28,J18,Pulmonology,78,1-3d,10,0.6773,13.55,10,1000000,200000,800000,64.75
PV02893,34,K85,General Surgery,82,6-24h,20,0.7252,14.5,8,1000000,150000,850000,75.3
PV02894,64,N39,Urology,50,2-6h,25,0.6566,13.13,4,300000,150000,150000,62.13
PV02895,52,J96,Critical Care,98,1-3d,10,0.8583,17.17,6,200000,50000,150000,72.37
PV02896,49,N17,Nephrology,82,1-3d,10,0.6873,13.75,6,500000,200000,300000,62.55
PV02897,18,C34,Oncology,74,6-24h,20,0.8702,17.4,10,1000000,200000,800000,77.0
PV02898,64,C18,Oncology,72,1-3d,10,0.7895,15.79,4,75000,75000,0,58.59
PV02899,42,S32,Orthopedics,82,1-3d,10,0.7725,15.45,8,750000,50000,700000,66.25
PV02900,69,A41,Critical Care,98,6-24h,20,0.8709,17.42,4,400000,150000,250000,80.62
PV02901,25,O00,Obstetrics,96,6-24h,20,0.8824,17.65,10,75000,0,75000,86.05
PV02902,38,T79,Trauma,92,1-3d,10,0.9346,18.69,8,750000,25000,725000,73.49
PV02903,21,G93,Neurology,80,1-3d,10,0.7566,15.13,10,50000,0,50000,67.13
PV02904,37,C18,Oncology,72,>3d,5,0.817,16.34,8,50000,50000,0,58.14
PV02905,80,C34,Oncology,74,2-6h,25,0.7565,15.13,2,150000,0,150000,71.73
PV02906,51,G93,Neurology,80,>3d,5,0.8363,16.73,6,300000,150000,150000,59.73
PV02907,47,C18,Oncology,72,1-3d,10,0.7422,14.84,6,200000,75000,125000,59.64
PV02908,36,K92,Gastroenterology,88,1-3d,10,0.7776,15.55,8,100000,50000,50000,68.75
PV02909,36,S06,Neurosurgery,95,6-24h,20,0.7781,15.56,8,400000,100000,300000,81.56
PV02910,63,K85,General Surgery,82,<2h,30,0.8493,16.99,4,200000,0,200000,83.79
PV02911,84,S06,Neurosurgery,95,6-24h,20,0.8203,16.41,2,75000,75000,0,76.41
PV02912,68,I61,Neurosurgery,98,6-24h,20,0.8706,17.41,4,750000,25000,725000,80.61
PV02913,68,O72,Obstetrics,95,6-24h,20,0.8093,16.19,4,150000,150000,0,78.19
PV02914,50,A41,Critical Care,98,>3d,5,0.762,15.24,6,400000,200000,200000,65.44
PV02915,24,S27,Trauma,88,2-6h,25,0.8391,16.78,10,150000,75000,75000,86.98
PV02916,67,S72,Orthopedics,76,>3d,5,0.7283,14.57,4,500000,75000,425000,53.97
PV02917,72,C18,Oncology,72,6-24h,20,0.8769,17.54,4,100000,100000,0,70.34
PV02918,52,K92,Gastroenterology,88,1-3d,10,0.7915,15.83,6,100000,50000,50000,67.03
PV02919,24,G93,Neurology,80,6-24h,20,0.8405,16.81,10,50000,50000,0,78.81
PV02920,66,S36,Trauma,90,1-3d,10,0.842,16.84,4,750000,200000,550000,66.84
PV02921,80,I74,Vascular Surgery,92,1-3d,10,0.9802,19.6,2,500000,50000,450000,68.4
PV02922,33,S32,Orthopedics,82,>3d,5,0.8582,17.16,8,400000,25000,375000,62.96
PV02923,28,S06,Neurosurgery,95,2-6h,25,0.8273,16.55,10,400000,0,400000,89.55
PV02924,68,N17,Nephrology,82,2-6h,25,0.7508,15.02,4,50000,25000,25000,76.82
PV02925,40,S27,Trauma,88,>3d,5,0.9002,18.0,8,200000,10000,190000,66.2
PV02926,66,K56,General Surgery,85,2-6h,25,0.793,15.86,4,750000,150000,600000,78.86
PV02927,65,C18,Oncology,72,1-3d,10,0.6675,13.35,4,100000,75000,25000,56.15
PV02928,36,I74,Vascular Surgery,92,<2h,30,0.8005,16.01,8,50000,25000,25000,90.81
PV02929,20,K56,General Surgery,85,<2h,30,0.8391,16.78,10,750000,200000,550000,90.78
PV02930,55,C34,Oncology,74,1-3d,10,0.7381,14.76,6,50000,50000,0,60.36
PV02931,45,K56,General Surgery,85,1-3d,10,0.8082,16.16,6,400000,50000,350000,66.16
PV02932,76,C50,Oncology,65,1-3d,10,0.8129,16.26,2,750000,100000,650000,54.26
PV02933,42,K35,General Surgery,70,6-24h,20,0.8144,16.29,8,500000,25000,475000,72.29
PV02934,34,S72,Orthopedics,76,1-3d,10,0.9435,18.87,8,50000,50000,0,67.27
PV02935,76,T79,Trauma,92,>3d,5,0.6888,13.78,2,750000,100000,650000,57.58
PV02936,68,A41,Critical Care,98,6-24h,20,0.99,19.8,4,50000,25000,25000,83.0
PV02937,60,S32,Orthopedics,82,6-24h,20,0.8167,16.33,4,750000,50000,700000,73.13
PV02938,82,N20,Urology,55,6-24h,20,0.878,17.56,2,50000,0,50000,61.56
PV02939,71,N39,Urology,50,1-3d,10,0.8328,16.66,4,200000,150000,50000,50.66
PV02940,76,K56,General Surgery,85,6-24h,20,0.6474,12.95,2,750000,150000,600000,68.95
PV02941,72,N20,Urology,55,1-3d,10,0.7143,14.29,4,100000,100000,0,50.29
PV02942,45,K92,Gastroenterology,88,6-24h,20,0.7676,15.35,6,50000,50000,0,76.55
PV02943,22,K80,General Surgery,65,1-3d,10,0.9194,18.39,10,50000,50000,0,64.39
PV02944,59,K56,General Surgery,85,1-3d,10,0.6816,13.63,6,150000,150000,0,63.63
PV02945,70,T79,Trauma,92,6-24h,20,0.7344,14.69,4,150000,50000,100000,75.49
PV02946,85,S06,Neurosurgery,95,6-24h,20,0.8365,16.73,2,100000,75000,25000,76.73
PV02947,64,J18,Pulmonology,78,6-24h,20,0.8673,17.35,4,200000,200000,0,72.55
PV02948,56,O72,Obstetrics,95,6-24h,20,0.8643,17.29,6,150000,10000,140000,81.29
PV02949,57,O00,Obstetrics,96,6-24h,20,0.7216,14.43,6,300000,150000,150000,78.83
PV02950,25,O00,Obstetrics,96,1-3d,10,0.6602,13.2,10,100000,25000,75000,71.6
PV02951,18,I21,Cardiology,95,6-24h,20,0.8739,17.48,10,150000,0,150000,85.48
PV02952,21,O00,Obstetrics,96,2-6h,25,0.9633,19.27,10,750000,50000,700000,92.67
PV02953,79,K92,Gastroenterology,88,6-24h,20,0.7855,15.71,2,500000,75000,425000,72.91
PV02954,71,S72,Orthopedics,76,1-3d,10,0.7055,14.11,4,500000,100000,400000,58.51
PV02955,35,I71,Cardiovascular Surgery,99,>3d,5,0.777,15.54,8,150000,10000,140000,68.14
PV02956,46,C22,Oncology,73,6-24h,20,0.8594,17.19,6,750000,75000,675000,72.39
PV02957,50,I61,Neurosurgery,98,6-24h,20,0.7967,15.93,6,150000,100000,50000,81.13
PV02958,34,O72,Obstetrics,95,6-24h,20,0.9607,19.21,8,500000,100000,400000,85.21
PV02959,46,O00,Obstetrics,96,>3d,5,0.9125,18.25,6,500000,150000,350000,67.65
PV02960,41,O72,Obstetrics,95,1-3d,10,0.8384,16.77,8,150000,150000,0,72.77
PV02961,65,N39,Urology,50,2-6h,25,0.6246,12.49,4,400000,50000,350000,61.49
PV02962,69,S27,Trauma,88,1-3d,10,0.7508,15.02,4,75000,25000,50000,64.22
PV02963,24,C22,Oncology,73,1-3d,10,0.7652,15.3,10,150000,150000,0,64.5
PV02964,49,I61,Neurosurgery,98,1-3d,10,0.7453,14.91,6,300000,200000,100000,70.11
PV02965,85,K80,General Surgery,65,6-24h,20,0.8391,16.78,2,400000,10000,390000,64.78
PV02966,77,J18,Pulmonology,78,1-3d,10,0.8411,16.82,2,150000,50000,100000,60.02
PV02967,71,J96,Critical Care,98,1-3d,10,0.6526,13.05,4,500000,150000,350000,66.25
PV02968,67,A41,Critical Care,98,2-6h,25,0.9005,18.01,4,400000,100000,300000,86.21
PV02969,18,N20,Urology,55,<2h,30,0.8216,16.43,10,750000,150000,600000,78.43
PV02970,84,C34,Oncology,74,6-24h,20,0.8558,17.12,2,50000,10000,40000,68.72
PV02971,67,C18,Oncology,72,<2h,30,0.8945,17.89,4,300000,200000,100000,80.69
PV02972,78,I60,Neurosurgery,98,6-24h,20,0.7433,14.87,2,500000,10000,490000,76.07
PV02973,79,J18,Pulmonology,78,1-3d,10,0.9459,18.92,2,200000,0,200000,62.12
PV02974,35,C22,Oncology,73,1-3d,10,0.8058,16.12,8,100000,100000,0,63.32
PV02975,18,I21,Cardiology,95,<2h,30,0.9713,19.43,10,300000,200000,100000,97.43
PV02976,62,O72,Obstetrics,95,<2h,30,0.7306,14.61,4,200000,25000,175000,86.61
PV02977,49,O72,Obstetrics,95,1-3d,10,0.9638,19.28,6,200000,10000,190000,73.28
PV02978,19,I20,Cardiology,80,6-24h,20,0.7296,14.59,10,1000000,200000,800000,76.59
PV02979,36,I71,Cardiovascular Surgery,99,2-6h,25,0.99,19.8,8,200000,0,200000,92.4
PV02980,85,O72,Obstetrics,95,1-3d,10,0.7248,14.5,2,100000,100000,0,64.5
PV02981,42,N20,Urology,55,2-6h,25,0.9257,18.51,8,50000,10000,40000,73.51
PV02982,35,I60,Neurosurgery,98,<2h,30,0.7838,15.68,8,75000,75000,0,92.88
PV02983,62,T79,Trauma,92,1-3d,10,0.8915,17.83,4,300000,0,300000,68.63
PV02984,63,T79,Trauma,92,1-3d,10,0.8159,16.32,4,100000,50000,50000,67.12
PV02985,40,N20,Urology,55,6-24h,20,0.7109,14.22,8,75000,50000,25000,64.22
PV02986,75,C34,Oncology,74,1-3d,10,0.5403,10.81,2,150000,150000,0,52.41
PV02987,57,K80,General Surgery,65,>3d,5,0.99,19.8,6,100000,100000,0,56.8
PV02988,28,S32,Orthopedics,82,<2h,30,0.8273,16.55,10,300000,200000,100000,89.35
PV02989,40,N39,Urology,50,1-3d,10,0.5256,10.51,8,50000,50000,0,48.51
PV02990,75,S27,Trauma,88,2-6h,25,0.8503,17.01,2,1000000,25000,975000,79.21
PV02991,24,S72,Orthopedics,76,6-24h,20,0.889,17.78,10,1000000,50000,950000,78.18
PV02992,18,C34,Oncology,74,6-24h,20,0.7485,14.97,10,750000,75000,675000,74.57
PV02993,62,K56,General Surgery,85,6-24h,20,0.7492,14.98,4,75000,75000,0,72.98
PV02994,48,G93,Neurology,80,2-6h,25,0.818,16.36,6,500000,200000,300000,79.36
PV02995,35,S32,Orthopedics,82,1-3d,10,0.9403,18.81,8,50000,50000,0,69.61
PV02996,50,C18,Oncology,72,6-24h,20,0.83,16.6,6,500000,0,500000,71.4
PV02997,30,I74,Vascular Surgery,92,>3d,5,0.9663,19.33,8,500000,150000,350000,69.13
PV02998,43,K85,General Surgery,82,6-24h,20,0.9331,18.66,8,100000,25000,75000,79.46
PV02999,33,S72,Orthopedics,76,1-3d,10,0.7971,15.94,8,200000,75000,125000,64.34
PV03000,57,C34,Oncology,74,1-3d,10,0.6629,13.26,6,1000000,200000,800000,58.86
PV03001,63,S32,Orthopedics,82,6-24h,20,0.7973,15.95,4,75000,75000,0,72.75
PV03002,80,C50,Oncology,65,1-3d,10,0.8726,17.45,2,300000,50000,250000,55.45
PV03003,22,N39,Urology,50,1-3d,10,0.826,16.52,10,150000,0,150000,56.52
PV03004,40,K92,Gastroenterology,88,6-24h,20,0.8834,17.67,8,75000,75000,0,80.87
PV03005,35,N20,Urology,55,6-24h,20,0.9063,18.13,8,400000,200000,200000,68.13
PV03006,57,S36,Trauma,90,1-3d,10,0.8731,17.46,6,1000000,50000,950000,69.46
PV03007,54,J18,Pulmonology,78,1-3d,10,0.7925,15.85,6,300000,10000,290000,63.05
PV03008,77,S27,Trauma,88,6-24h,20,0.872,17.44,2,300000,75000,225000,74.64
PV03009,80,C18,Oncology,72,1-3d,10,0.99,19.8,2,300000,150000,150000,60.6
PV03010,70,T79,Trauma,92,6-24h,20,0.671,13.42,4,75000,50000,25000,74.22
PV03011,31,S36,Trauma,90,6-24h,20,0.8687,17.37,8,100000,0,100000,81.37
PV03012,20,O00,Obstetrics,96,1-3d,10,0.99,19.8,10,500000,50000,450000,78.2
PV03013,79,I60,Neurosurgery,98,>3d,5,0.7025,14.05,2,300000,75000,225000,60.25
PV03014,82,K80,General Surgery,65,6-24h,20,0.9201,18.4,2,100000,100000,0,66.4
PV03015,35,O72,Obstetrics,95,6-24h,20,0.9335,18.67,8,50000,50000,0,84.67
PV03016,21,S72,Orthopedics,76,2-6h,25,0.6723,13.45,10,75000,75000,0,78.85
PV03017,64,O00,Obstetrics,96,1-3d,10,0.8912,17.82,4,300000,50000,250000,70.22
PV03018,58,A41,Critical Care,98,6-24h,20,0.7929,15.86,6,100000,100000,0,81.06
PV03019,78,J18,Pulmonology,78,6-24h,20,0.814,16.28,2,500000,10000,490000,69.48
PV03020,57,K80,General Surgery,65,2-6h,25,0.7875,15.75,6,300000,25000,275000,72.75
PV03021,69,K85,General Surgery,82,>3d,5,0.9513,19.03,4,75000,75000,0,60.83
PV03022,71,S06,Neurosurgery,95,6-24h,20,0.8088,16.18,4,100000,100000,0,78.18
PV03023,18,S36,Trauma,90,1-3d,10,0.7737,15.47,10,50000,50000,0,71.47
PV03024,28,K56,General Surgery,85,2-6h,25,0.7754,15.51,10,50000,50000,0,84.51
PV03025,71,S36,Trauma,90,2-6h,25,0.7859,15.72,4,500000,200000,300000,80.72
PV03026,30,C18,Oncology,72,<2h,30,0.712,14.24,8,150000,10000,140000,81.04
PV03027,32,S06,Neurosurgery,95,6-24h,20,0.7728,15.46,8,750000,100000,650000,81.46
PV03028,69,K80,General Surgery,65,6-24h,20,0.8318,16.64,4,100000,50000,50000,66.64
PV03029,31,A41,Critical Care,98,6-24h,20,0.8604,17.21,8,150000,75000,75000,84.41
PV03030,28,I20,Cardiology,80,6-24h,20,0.9404,18.81,10,300000,10000,290000,80.81
PV03031,18,N20,Urology,55,<2h,30,0.8441,16.88,10,100000,50000,50000,78.88
PV03032,49,I71,Cardiovascular Surgery,99,6-24h,20,0.7726,15.45,6,200000,10000,190000,81.05
PV03033,61,N17,Nephrology,82,2-6h,25,0.7189,14.38,4,75000,75000,0,76.18
PV03034,67,S06,Neurosurgery,95,2-6h,25,0.8494,16.99,4,50000,50000,0,83.99
PV03035,79,I61,Neurosurgery,98,<2h,30,0.8083,16.17,2,750000,0,750000,87.37
PV03036,62,K92,Gastroenterology,88,1-3d,10,0.8116,16.23,4,100000,100000,0,65.43
PV03037,69,T79,Trauma,92,>3d,5,0.8463,16.93,4,75000,75000,0,62.73
PV03038,32,K35,General Surgery,70,1-3d,10,0.8719,17.44,8,100000,0,100000,63.44
PV03039,41,I71,Cardiovascular Surgery,99,2-6h,25,0.847,16.94,8,200000,75000,125000,89.54
PV03040,38,K56,General Surgery,85,>3d,5,0.8029,16.06,8,200000,10000,190000,63.06
PV03041,22,S36,Trauma,90,>3d,5,0.7399,14.8,10,500000,150000,350000,65.8
PV03042,83,I71,Cardiovascular Surgery,99,6-24h,20,0.7587,15.17,2,750000,25000,725000,76.77
PV03043,34,I74,Vascular Surgery,92,2-6h,25,0.9048,18.1,8,100000,0,100000,87.9
PV03044,48,O00,Obstetrics,96,1-3d,10,0.7776,15.55,6,100000,100000,0,69.95
PV03045,42,K56,General Surgery,85,>3d,5,0.6854,13.71,8,75000,75000,0,60.71
PV03046,21,I20,Cardiology,80,1-3d,10,0.936,18.72,10,75000,75000,0,70.72
PV03047,79,N20,Urology,55,1-3d,10,0.7258,14.52,2,50000,50000,0,48.52
PV03048,32,K80,General Surgery,65,1-3d,10,0.8235,16.47,8,50000,50000,0,60.47
PV03049,24,K56,General Surgery,85,>3d,5,0.8691,17.38,10,200000,150000,50000,66.38
PV03050,41,N20,Urology,55,<2h,30,0.8203,16.41,8,400000,75000,325000,76.41
PV03051,27,G93,Neurology,80,2-6h,25,0.5722,11.44,10,750000,0,750000,78.44
PV03052,85,K56,General Surgery,85,1-3d,10,0.859,17.18,2,150000,150000,0,63.18
PV03053,30,K80,General Surgery,65,2-6h,25,0.9526,19.05,8,100000,100000,0,78.05
PV03054,38,K85,General Surgery,82,6-24h,20,0.8987,17.97,8,400000,25000,375000,78.77
PV03055,36,S32,Orthopedics,82,6-24h,20,0.6076,12.15,8,400000,100000,300000,72.95
PV03056,19,O72,Obstetrics,95,6-24h,20,0.99,19.8,10,400000,0,400000,87.8
PV03057,18,T79,Trauma,92,<2h,30,0.6874,13.75,10,75000,25000,50000,90.55
PV03058,52,K35,General Surgery,70,1-3d,10,0.7122,14.24,6,50000,50000,0,58.24
PV03059,33,S36,Trauma,90,6-24h,20,0.8982,17.96,8,300000,25000,275000,81.96
PV03060,23,I71,Cardiovascular Surgery,99,1-3d,10,0.8653,17.31,10,200000,200000,0,76.91
PV03061,37,J96,Critical Care,98,6-24h,20,0.828,16.56,8,100000,0,100000,83.76
PV03062,36,I74,Vascular Surgery,92,>3d,5,0.7631,15.26,8,1000000,100000,900000,65.06
PV03063,46,S36,Trauma,90,1-3d,10,0.9531,19.06,6,75000,75000,0,71.06
PV03064,85,S06,Neurosurgery,95,>3d,5,0.8161,16.32,2,100000,100000,0,61.32
PV03065,38,N20,Urology,55,6-24h,20,0.6634,13.27,8,500000,150000,350000,63.27
PV03066,65,N17,Nephrology,82,<2h,30,0.9432,18.86,4,300000,200000,100000,85.66
PV03067,70,T79,Trauma,92,1-3d,10,0.8419,16.84,4,100000,100000,0,67.64
PV03068,21,N20,Urology,55,1-3d,10,0.9315,18.63,10,300000,10000,290000,60.63
PV03069,52,K35,General Surgery,70,<2h,30,0.8773,17.55,6,200000,50000,150000,81.55
PV03070,48,I61,Neurosurgery,98,1-3d,10,0.99,19.8,6,100000,100000,0,75.0
PV03071,52,S27,Trauma,88,1-3d,10,0.789,15.78,6,400000,200000,200000,66.98
PV03072,29,O72,Obstetrics,95,2-6h,25,0.8216,16.43,10,500000,150000,350000,89.43
PV03073,49,J96,Critical Care,98,1-3d,10,0.892,17.84,6,50000,50000,0,73.04
PV03074,26,S32,Orthopedics,82,6-24h,20,0.7896,15.79,10,50000,0,50000,78.59
PV03075,82,J18,Pulmonology,78,<2h,30,0.9003,18.01,2,1000000,50000,950000,81.21
PV03076,57,K80,General Surgery,65,>3d,5,0.5253,10.51,6,100000,100000,0,47.51
PV03077,20,S06,Neurosurgery,95,6-24h,20,0.8127,16.25,10,50000,50000,0,84.25
PV03078,52,T79,Trauma,92,1-3d,10,0.8097,16.19,6,300000,25000,275000,68.99
PV03079,80,A41,Critical Care,98,1-3d,10,0.8061,16.12,2,150000,50000,100000,67.32
PV03080,68,S72,Orthopedics,76,>3d,5,0.7323,14.65,4,1000000,150000,850000,54.05
PV03081,36,S72,Orthopedics,76,6-24h,20,0.9106,18.21,8,1000000,150000,850000,76.61
PV03082,78,T79,Trauma,92,6-24h,20,0.7696,15.39,2,50000,10000,40000,74.19
PV03083,30,I71,Cardiovascular Surgery,99,6-24h,20,0.84,16.8,8,75000,25000,50000,84.4
PV03084,34,J96,Critical Care,98,1-3d,10,0.8163,16.33,8,400000,25000,375000,73.53
PV03085,28,K85,General Surgery,82,6-24h,20,0.87,17.4,10,150000,100000,50000,80.2
PV03086,80,K85,General Surgery,82,1-3d,10,0.9631,19.26,2,50000,50000,0,64.06
PV03087,66,K56,General Surgery,85,6-24h,20,0.8395,16.79,4,200000,150000,50000,74.79
PV03088,53,K56,General Surgery,85,2-6h,25,0.9041,18.08,6,400000,75000,325000,83.08
PV03089,63,A41,Critical Care,98,>3d,5,0.8345,16.69,4,1000000,200000,800000,64.89
PV03090,35,O72,Obstetrics,95,1-3d,10,0.7694,15.39,8,200000,0,200000,71.39
PV03091,22,K85,General Surgery,82,6-24h,20,0.8058,16.12,10,500000,75000,425000,78.92
PV03092,75,S36,Trauma,90,1-3d,10,0.7916,15.83,2,200000,10000,190000,63.83
PV03093,83,N20,Urology,55,6-24h,20,0.8768,17.54,2,400000,75000,325000,61.54
PV03094,20,J96,Critical Care,98,1-3d,10,0.8307,16.61,10,1000000,200000,800000,75.81
PV03095,21,N39,Urology,50,6-24h,20,0.7406,14.81,10,750000,200000,550000,64.81
PV03096,56,K80,General Surgery,65,1-3d,10,0.7978,15.96,6,400000,200000,200000,57.96
PV03097,20,K56,General Surgery,85,<2h,30,0.6674,13.35,10,750000,50000,700000,87.35
PV03098,67,I74,Vascular Surgery,92,2-6h,25,0.8015,16.03,4,75000,75000,0,81.83
PV03099,82,K56,General Surgery,85,1-3d,10,0.8201,16.4,2,500000,50000,450000,62.4
PV03100,37,I71,Cardiovascular Surgery,99,6-24h,20,0.99,19.8,8,1000000,0,1000000,87.4
PV03101,38,K85,General Surgery,82,<2h,30,0.9548,19.1,8,1000000,25000,975000,89.9
PV03102,76,S06,Neurosurgery,95,2-6h,25,0.7166,14.33,2,100000,100000,0,79.33
PV03103,42,I21,Cardiology,95,6-24h,20,0.8402,16.8,8,200000,0,200000,82.8
PV03104,34,S72,Orthopedics,76,1-3d,10,0.8419,16.84,8,400000,100000,300000,65.24
PV03105,23,N20,Urology,55,6-24h,20,0.797,15.94,10,50000,50000,0,67.94
PV03106,75,I74,Vascular Surgery,92,1-3d,10,0.8033,16.07,2,400000,50000,350000,64.87
PV03107,80,G93,Neurology,80,>3d,5,0.7846,15.69,2,100000,100000,0,54.69
PV03108,23,S36,Trauma,90,6-24h,20,0.99,19.8,10,750000,10000,740000,85.8
PV03109,72,N39,Urology,50,1-3d,10,0.7784,15.57,4,400000,25000,375000,49.57
PV03110,28,J96,Critical Care,98,2-6h,25,0.8541,17.08,10,150000,10000,140000,91.28
PV03111,27,N17,Nephrology,82,6-24h,20,0.5671,11.34,10,50000,0,50000,74.14
PV03112,43,K80,General Surgery,65,2-6h,25,0.9024,18.05,8,400000,0,400000,77.05
PV03113,47,I60,Neurosurgery,98,<2h,30,0.9384,18.77,6,300000,0,300000,93.97
PV03114,76,N39,Urology,50,<2h,30,0.7148,14.3,2,400000,100000,300000,66.3
PV03115,65,K85,General Surgery,82,2-6h,25,0.7688,15.38,4,50000,25000,25000,77.18
PV03116,27,O72,Obstetrics,95,1-3d,10,0.8652,17.3,10,200000,25000,175000,75.3
PV03117,57,C18,Oncology,72,1-3d,10,0.8219,16.44,6,500000,150000,350000,61.24
PV03118,77,C34,Oncology,74,>3d,5,0.8666,17.33,2,1000000,75000,925000,53.93
PV03119,63,I21,Cardiology,95,1-3d,10,0.7913,15.83,4,150000,0,150000,67.83
PV03120,33,I20,Cardiology,80,1-3d,10,0.99,19.8,8,100000,75000,25000,69.8
PV03121,26,C18,Oncology,72,2-6h,25,0.753,15.06,10,500000,100000,400000,78.86
PV03122,48,C22,Oncology,73,1-3d,10,0.99,19.8,6,100000,75000,25000,65.0
PV03123,50,O72,Obstetrics,95,6-24h,20,0.9442,18.88,6,750000,150000,600000,82.88
PV03124,41,C18,Oncology,72,>3d,5,0.9032,18.06,8,400000,75000,325000,59.86
PV03125,25,S72,Orthopedics,76,>3d,5,0.716,14.32,10,1000000,150000,850000,59.72
PV03126,26,I20,Cardiology,80,2-6h,25,0.911,18.22,10,75000,75000,0,85.22
PV03127,53,T79,Trauma,92,1-3d,10,0.8804,17.61,6,50000,50000,0,70.41
PV03128,82,N39,Urology,50,1-3d,10,0.608,12.16,2,750000,10000,740000,44.16
PV03129,58,O00,Obstetrics,96,1-3d,10,0.6795,13.59,6,100000,100000,0,67.99
PV03130,47,S32,Orthopedics,82,2-6h,25,0.8558,17.12,6,150000,0,150000,80.92
PV03131,81,K85,General Surgery,82,1-3d,10,0.8067,16.13,2,100000,100000,0,60.93
PV03132,64,S72,Orthopedics,76,1-3d,10,0.7684,15.37,4,200000,75000,125000,59.77
PV03133,66,K80,General Surgery,65,6-24h,20,0.9279,18.56,4,750000,25000,725000,68.56
PV03134,57,I61,Neurosurgery,98,6-24h,20,0.7316,14.63,6,400000,50000,350000,79.83
PV03135,69,N20,Urology,55,2-6h,25,0.7745,15.49,4,50000,0,50000,66.49
PV03136,52,I21,Cardiology,95,>3d,5,0.7553,15.11,6,750000,50000,700000,64.11
PV03137,60,J18,Pulmonology,78,2-6h,25,0.871,17.42,4,200000,0,200000,77.62
PV03138,59,O72,Obstetrics,95,2-6h,25,0.6481,12.96,6,400000,50000,350000,81.96
PV03139,69,O72,Obstetrics,95,6-24h,20,0.7702,15.4,4,150000,10000,140000,77.4
PV03140,79,O72,Obstetrics,95,1-3d,10,0.6477,12.95,2,50000,0,50000,62.95
PV03141,38,O72,Obstetrics,95,1-3d,10,0.7887,15.77,8,200000,100000,100000,71.77
PV03142,65,S27,Trauma,88,<2h,30,0.8923,17.85,4,150000,10000,140000,87.05
PV03143,20,S72,Orthopedics,76,2-6h,25,0.8941,17.88,10,50000,25000,25000,83.28
PV03144,54,J18,Pulmonology,78,1-3d,10,0.7472,14.94,6,500000,100000,400000,62.14
PV03145,79,K80,General Surgery,65,6-24h,20,0.8733,17.47,2,750000,75000,675000,65.47
PV03146,61,N17,Nephrology,82,<2h,30,0.8015,16.03,4,1000000,75000,925000,82.83
PV03147,36,C34,Oncology,74,>3d,5,0.9561,19.12,8,100000,50000,50000,61.72
PV03148,59,G93,Neurology,80,2-6h,25,0.807,16.14,6,400000,75000,325000,79.14
PV03149,42,C22,Oncology,73,6-24h,20,0.5227,10.45,8,300000,100000,200000,67.65
PV03150,47,S06,Neurosurgery,95,6-24h,20,0.9095,18.19,6,300000,10000,290000,82.19
PV03151,33,N20,Urology,55,1-3d,10,0.7741,15.48,8,500000,200000,300000,55.48
PV03152,60,A41,Critical Care,98,1-3d,10,0.7926,15.85,4,150000,150000,0,69.05
PV03153,31,K56,General Surgery,85,6-24h,20,0.8536,17.07,8,100000,50000,50000,79.07
PV03154,48,S32,Orthopedics,82,1-3d,10,0.6775,13.55,6,200000,25000,175000,62.35
PV03155,81,I61,Neurosurgery,98,>3d,5,0.8275,16.55,2,400000,100000,300000,62.75
PV03156,69,G93,Neurology,80,1-3d,10,0.8734,17.47,4,200000,75000,125000,63.47
PV03157,46,S32,Orthopedics,82,6-24h,20,0.8564,17.13,6,150000,150000,0,75.93
PV03158,83,C22,Oncology,73,6-24h,20,0.7601,15.2,2,50000,50000,0,66.4
PV03159,18,C50,Oncology,65,>3d,5,0.9192,18.38,10,300000,50000,250000,59.38
PV03160,83,I20,Cardiology,80,<2h,30,0.7203,14.41,2,50000,50000,0,78.41
PV03161,41,S06,Neurosurgery,95,<2h,30,0.7574,15.15,8,200000,25000,175000,91.15
PV03162,73,I20,Cardiology,80,2-6h,25,0.8064,16.13,4,400000,150000,250000,77.13
PV03163,82,K35,General Surgery,70,1-3d,10,0.8495,16.99,2,200000,150000,50000,56.99
PV03164,58,I74,Vascular Surgery,92,2-6h,25,0.7875,15.75,6,300000,0,300000,83.55
PV03165,59,S06,Neurosurgery,95,6-24h,20,0.9429,18.86,6,100000,0,100000,82.86
PV03166,68,S27,Trauma,88,1-3d,10,0.8495,16.99,4,100000,0,100000,66.19
PV03167,34,K80,General Surgery,65,2-6h,25,0.8276,16.55,8,750000,25000,725000,75.55
PV03168,30,I71,Cardiovascular Surgery,99,6-24h,20,0.846,16.92,8,750000,0,750000,84.52
PV03169,41,T79,Trauma,92,6-24h,20,0.8933,17.87,8,75000,75000,0,82.67
PV03170,50,C18,Oncology,72,6-24h,20,0.8441,16.88,6,100000,100000,0,71.68
PV03171,68,C18,Oncology,72,>3d,5,0.639,12.78,4,150000,100000,50000,50.58
PV03172,35,K92,Gastroenterology,88,2-6h,25,0.929,18.58,8,500000,200000,300000,86.78
PV03173,56,S27,Trauma,88,1-3d,10,0.832,16.64,6,50000,10000,40000,67.84
PV03174,18,K85,General Surgery,82,6-24h,20,0.8885,17.77,10,500000,100000,400000,80.57
PV03175,20,C22,Oncology,73,2-6h,25,0.7794,15.59,10,50000,50000,0,79.79
PV03176,83,N17,Nephrology,82,2-6h,25,0.6373,12.75,2,750000,50000,700000,72.55
PV03177,75,C18,Oncology,72,6-24h,20,0.5921,11.84,2,50000,50000,0,62.64
PV03178,76,I71,Cardiovascular Surgery,99,6-24h,20,0.7256,14.51,2,750000,0,750000,76.11
PV03179,40,A41,Critical Care,98,6-24h,20,0.8717,17.43,8,1000000,75000,925000,84.63
PV03180,52,K56,General Surgery,85,>3d,5,0.9498,19.0,6,500000,150000,350000,64.0
PV03181,63,A41,Critical Care,98,6-24h,20,0.8502,17.0,4,1000000,50000,950000,80.2
PV03182,35,K56,General Surgery,85,>3d,5,0.7148,14.3,8,200000,10000,190000,61.3
PV03183,68,K80,General Surgery,65,2-6h,25,0.7416,14.83,4,400000,0,400000,69.83
PV03184,65,I60,Neurosurgery,98,2-6h,25,0.9561,19.12,4,400000,25000,375000,87.32
PV03185,45,C18,Oncology,72,1-3d,10,0.6889,13.78,6,50000,50000,0,58.58
PV03186,47,K92,Gastroenterology,88,6-24h,20,0.99,19.8,6,750000,150000,600000,81.0
PV03187,38,K80,General Surgery,65,2-6h,25,0.99,19.8,8,500000,75000,425000,78.8
PV03188,72,S27,Trauma,88,2-6h,25,0.99,19.8,4,200000,25000,175000,84.0
PV03189,85,I60,Neurosurgery,98,<2h,30,0.8581,17.16,2,100000,25000,75000,88.36
PV03190,85,G93,Neurology,80,1-3d,10,0.7858,15.72,2,400000,150000,250000,59.72
PV03191,70,I21,Cardiology,95,6-24h,20,0.8556,17.11,4,1000000,75000,925000,79.11
PV03192,41,C50,Oncology,65,>3d,5,0.9109,18.22,8,75000,75000,0,57.22
PV03193,71,C50,Oncology,65,2-6h,25,0.7549,15.1,4,1000000,25000,975000,70.1
PV03194,34,K56,General Surgery,85,6-24h,20,0.7099,14.2,8,300000,150000,150000,76.2
PV03195,78,K80,General Surgery,65,6-24h,20,0.7916,15.83,2,500000,50000,450000,63.83
PV03196,36,K56,General Surgery,85,6-24h,20,0.7428,14.86,8,75000,75000,0,76.86
PV03197,45,A41,Critical Care,98,>3d,5,0.9441,18.88,6,75000,75000,0,69.08
PV03198,24,T79,Trauma,92,1-3d,10,0.7584,15.17,10,400000,25000,375000,71.97
PV03199,23,C22,Oncology,73,<2h,30,0.8296,16.59,10,100000,100000,0,85.79
PV03200,44,J96,Critical Care,98,6-24h,20,0.9183,18.37,8,150000,100000,50000,85.57
PV03201,55,N39,Urology,50,1-3d,10,0.948,18.96,6,400000,50000,350000,54.96
PV03202,19,N39,Urology,50,<2h,30,0.8409,16.82,10,100000,100000,0,76.82
PV03203,75,S32,Orthopedics,82,1-3d,10,0.8584,17.17,2,150000,50000,100000,61.97
PV03204,25,K35,General Surgery,70,6-24h,20,0.7183,14.37,10,150000,100000,50000,72.37
PV03205,85,I71,Cardiovascular Surgery,99,6-24h,20,0.9223,18.45,2,150000,0,150000,80.05
PV03206,36,C50,Oncology,65,6-24h,20,0.9464,18.93,8,500000,150000,350000,72.93
PV03207,43,C22,Oncology,73,6-24h,20,0.633,12.66,8,75000,75000,0,69.86
PV03208,28,T79,Trauma,92,>3d,5,0.99,19.8,10,1000000,200000,800000,71.6
PV03209,74,S27,Trauma,88,1-3d,10,0.7499,15.0,4,500000,150000,350000,64.2
PV03210,67,J96,Critical Care,98,>3d,5,0.8795,17.59,4,50000,50000,0,65.79
PV03211,23,K92,Gastroenterology,88,1-3d,10,0.8278,16.56,10,300000,100000,200000,71.76
PV03212,25,I71,Cardiovascular Surgery,99,6-24h,20,0.814,16.28,10,75000,75000,0,85.88
PV03213,59,K85,General Surgery,82,6-24h,20,0.7993,15.99,6,75000,75000,0,74.79
PV03214,76,K92,Gastroenterology,88,6-24h,20,0.7207,14.41,2,500000,25000,475000,71.61
PV03215,25,N17,Nephrology,82,1-3d,10,0.8724,17.45,10,100000,10000,90000,70.25
PV03216,33,J96,Critical Care,98,2-6h,25,0.7914,15.83,8,300000,200000,100000,88.03
PV03217,55,I21,Cardiology,95,>3d,5,0.6891,13.78,6,100000,10000,90000,62.78
PV03218,25,S27,Trauma,88,1-3d,10,0.7165,14.33,10,150000,150000,0,69.53
PV03219,38,C22,Oncology,73,1-3d,10,0.6908,13.82,8,400000,200000,200000,61.02
PV03220,18,S27,Trauma,88,6-24h,20,0.7675,15.35,10,400000,0,400000,80.55
PV03221,51,C50,Oncology,65,1-3d,10,0.8685,17.37,6,50000,50000,0,59.37
PV03222,66,J96,Critical Care,98,1-3d,10,0.7489,14.98,4,750000,75000,675000,68.18
PV03223,46,S32,Orthopedics,82,1-3d,10,0.9175,18.35,6,300000,50000,250000,67.15
PV03224,35,S32,Orthopedics,82,2-6h,25,0.8081,16.16,8,100000,75000,25000,81.96
PV03225,46,C18,Oncology,72,1-3d,10,0.7911,15.82,6,75000,50000,25000,60.62
PV03226,52,S32,Orthopedics,82,6-24h,20,0.8217,16.43,6,200000,150000,50000,75.23
PV03227,29,J18,Pulmonology,78,1-3d,10,0.9595,19.19,10,400000,50000,350000,70.39
PV03228,25,S36,Trauma,90,1-3d,10,0.6829,13.66,10,50000,10000,40000,69.66
PV03229,30,K80,General Surgery,65,2-6h,25,0.9856,19.71,8,100000,50000,50000,78.71
PV03230,85,G93,Neurology,80,1-3d,10,0.916,18.32,2,1000000,75000,925000,62.32
PV03231,67,G93,Neurology,80,6-24h,20,0.8178,16.36,4,75000,50000,25000,72.36
PV03232,26,A41,Critical Care,98,1-3d,10,0.9383,18.77,10,750000,75000,675000,77.97
PV03233,38,C50,Oncology,65,1-3d,10,0.7878,15.76,8,100000,100000,0,59.76
PV03234,46,I21,Cardiology,95,1-3d,10,0.8486,16.97,6,300000,50000,250000,70.97
PV03235,30,J18,Pulmonology,78,1-3d,10,0.7659,15.32,8,500000,150000,350000,64.52
PV03236,75,J18,Pulmonology,78,2-6h,25,0.9166,18.33,2,1000000,200000,800000,76.53
PV03237,81,K85,General Surgery,82,2-6h,25,0.7493,14.99,2,400000,150000,250000,74.79
PV03238,34,C22,Oncology,73,1-3d,10,0.8149,16.3,8,100000,75000,25000,63.5
PV03239,19,I20,Cardiology,80,6-24h,20,0.8879,17.76,10,50000,50000,0,79.76
PV03240,36,I60,Neurosurgery,98,2-6h,25,0.9248,18.5,8,500000,50000,450000,90.7
PV03241,57,A41,Critical Care,98,2-6h,25,0.7379,14.76,6,300000,25000,275000,84.96
PV03242,72,A41,Critical Care,98,6-24h,20,0.8953,17.91,4,500000,150000,350000,81.11
PV03243,41,I20,Cardiology,80,>3d,5,0.7218,14.44,8,1000000,200000,800000,59.44
PV03244,36,O00,Obstetrics,96,2-6h,25,0.605,12.1,8,750000,10000,740000,83.5
PV03245,34,N20,Urology,55,6-24h,20,0.7452,14.9,8,300000,25000,275000,64.9
PV03246,18,T79,Trauma,92,>3d,5,0.9035,18.07,10,400000,25000,375000,69.87
PV03247,18,S32,Orthopedics,82,>3d,5,0.8188,16.38,10,400000,150000,250000,64.18
PV03248,47,I61,Neurosurgery,98,6-24h,20,0.7665,15.33,6,75000,25000,50000,80.53
PV03249,59,K35,General Surgery,70,>3d,5,0.8255,16.51,6,150000,100000,50000,55.51
PV03250,18,S36,Trauma,90,2-6h,25,0.8222,16.44,10,50000,50000,0,87.44
PV03251,31,K85,General Surgery,82,1-3d,10,0.8822,17.64,8,150000,150000,0,68.44
PV03252,79,K80,General Surgery,65,<2h,30,0.6588,13.18,2,75000,75000,0,71.18
PV03253,85,K35,General Surgery,70,6-24h,20,0.8098,16.2,2,750000,75000,675000,66.2
PV03254,61,S36,Trauma,90,6-24h,20,0.8324,16.65,4,750000,75000,675000,76.65
PV03255,53,J96,Critical Care,98,1-3d,10,0.6835,13.67,6,500000,100000,400000,68.87
PV03256,57,K56,General Surgery,85,<2h,30,0.6821,13.64,6,200000,25000,175000,83.64
PV03257,43,K56,General Surgery,85,6-24h,20,0.7835,15.67,8,50000,50000,0,77.67
PV03258,31,K56,General Surgery,85,1-3d,10,0.8209,16.42,8,300000,50000,250000,68.42
PV03259,43,N17,Nephrology,82,<2h,30,0.8212,16.42,8,50000,50000,0,87.22
PV03260,65,S27,Trauma,88,>3d,5,0.7644,15.29,4,50000,50000,0,59.49
PV03261,63,S72,Orthopedics,76,6-24h,20,0.7603,15.21,4,75000,50000,25000,69.61
PV03262,64,O72,Obstetrics,95,2-6h,25,0.7805,15.61,4,200000,75000,125000,82.61
PV03263,59,K80,General Surgery,65,6-24h,20,0.8499,17.0,6,500000,10000,490000,69.0
PV03264,22,G93,Neurology,80,6-24h,20,0.9445,18.89,10,200000,25000,175000,80.89
PV03265,60,O00,Obstetrics,96,2-6h,25,0.598,11.96,4,500000,150000,350000,79.36
PV03266,77,C34,Oncology,74,6-24h,20,0.8823,17.65,2,300000,10000,290000,69.25
PV03267,62,K80,General Surgery,65,1-3d,10,0.8089,16.18,4,750000,100000,650000,56.18
PV03268,57,C50,Oncology,65,6-24h,20,0.8726,17.45,6,150000,150000,0,69.45
PV03269,33,K35,General Surgery,70,6-24h,20,0.9386,18.77,8,150000,100000,50000,74.77
PV03270,71,C22,Oncology,73,1-3d,10,0.7445,14.89,4,50000,50000,0,58.09
PV03271,48,K35,General Surgery,70,6-24h,20,0.9144,18.29,6,100000,100000,0,72.29
PV03272,35,S27,Trauma,88,1-3d,10,0.6946,13.89,8,50000,10000,40000,67.09
PV03273,51,C34,Oncology,74,>3d,5,0.8328,16.66,6,75000,10000,65000,57.26
PV03274,26,S27,Trauma,88,6-24h,20,0.7957,15.91,10,1000000,200000,800000,81.11
PV03275,80,J96,Critical Care,98,1-3d,10,0.8246,16.49,2,300000,50000,250000,67.69
PV03276,65,N39,Urology,50,>3d,5,0.7211,14.42,4,400000,50000,350000,43.42
PV03277,40,I61,Neurosurgery,98,1-3d,10,0.8637,17.27,8,150000,10000,140000,74.47
PV03278,71,J96,Critical Care,98,>3d,5,0.9786,19.57,4,400000,100000,300000,67.77
PV03279,21,C22,Oncology,73,6-24h,20,0.7228,14.46,10,300000,0,300000,73.66
PV03280,44,N20,Urology,55,1-3d,10,0.839,16.78,8,1000000,10000,990000,56.78
PV03281,62,I61,Neurosurgery,98,6-24h,20,0.9056,18.11,4,500000,10000,490000,81.31
PV03282,19,K80,General Surgery,65,<2h,30,0.7903,15.81,10,300000,200000,100000,81.81
PV03283,66,C22,Oncology,73,>3d,5,0.956,19.12,4,500000,200000,300000,57.32
PV03284,73,I61,Neurosurgery,98,6-24h,20,0.777,15.54,4,400000,0,400000,78.74
PV03285,58,S27,Trauma,88,>3d,5,0.8084,16.17,6,1000000,10000,990000,62.37
PV03286,32,O72,Obstetrics,95,1-3d,10,0.7207,14.41,8,300000,200000,100000,70.41
PV03287,68,S06,Neurosurgery,95,>3d,5,0.8327,16.65,4,750000,100000,650000,63.65
PV03288,41,A41,Critical Care,98,>3d,5,0.8203,16.41,8,75000,75000,0,68.61
PV03289,68,K56,General Surgery,85,1-3d,10,0.8836,17.67,4,75000,75000,0,65.67
PV03290,60,K56,General Surgery,85,>3d,5,0.7564,15.13,4,150000,10000,140000,58.13
PV03291,24,S27,Trauma,88,1-3d,10,0.7518,15.04,10,750000,100000,650000,70.24
PV03292,24,S72,Orthopedics,76,1-3d,10,0.8662,17.32,10,750000,10000,740000,67.72
PV03293,19,J96,Critical Care,98,1-3d,10,0.9597,19.19,10,200000,0,200000,78.39
PV03294,22,I71,Cardiovascular Surgery,99,2-6h,25,0.8829,17.66,10,200000,150000,50000,92.26
PV03295,38,K56,General Surgery,85,<2h,30,0.99,19.8,8,200000,50000,150000,91.8
PV03296,19,S32,Orthopedics,82,6-24h,20,0.8755,17.51,10,100000,0,100000,80.31
PV03297,81,A41,Critical Care,98,6-24h,20,0.8719,17.44,2,300000,50000,250000,78.64
PV03298,80,N39,Urology,50,6-24h,20,0.8879,17.76,2,750000,0,750000,59.76
PV03299,29,N17,Nephrology,82,6-24h,20,0.9688,19.38,10,500000,50000,450000,82.18
PV03300,39,T79,Trauma,92,1-3d,10,0.9438,18.88,8,50000,50000,0,73.68
PV03301,68,C34,Oncology,74,1-3d,10,0.7115,14.23,4,150000,25000,125000,57.83
PV03302,62,J96,Critical Care,98,>3d,5,0.9001,18.0,4,400000,0,400000,66.2
PV03303,57,C18,Oncology,72,>3d,5,0.8465,16.93,6,300000,200000,100000,56.73
PV03304,85,I71,Cardiovascular Surgery,99,>3d,5,0.8006,16.01,2,500000,75000,425000,62.61
PV03305,60,S06,Neurosurgery,95,1-3d,10,0.6427,12.85,4,500000,0,500000,64.85
PV03306,63,J96,Critical Care,98,2-6h,25,0.666,13.32,4,150000,75000,75000,81.52
PV03307,52,I71,Cardiovascular Surgery,99,>3d,5,0.7836,15.67,6,200000,200000,0,66.27
PV03308,53,K35,General Surgery,70,2-6h,25,0.6735,13.47,6,75000,0,75000,72.47
PV03309,37,I21,Cardiology,95,2-6h,25,0.7856,15.71,8,500000,150000,350000,86.71
PV03310,53,K92,Gastroenterology,88,6-24h,20,0.8914,17.83,6,200000,50000,150000,79.03
PV03311,80,O00,Obstetrics,96,1-3d,10,0.7619,15.24,2,150000,100000,50000,65.64
PV03312,43,S27,Trauma,88,1-3d,10,0.8283,16.57,8,500000,0,500000,69.77
PV03313,27,N39,Urology,50,<2h,30,0.713,14.26,10,1000000,200000,800000,74.26
PV03314,58,A41,Critical Care,98,1-3d,10,0.8499,17.0,6,750000,200000,550000,72.2
PV03315,71,S27,Trauma,88,2-6h,25,0.8708,17.42,4,75000,75000,0,81.62
PV03316,83,G93,Neurology,80,6-24h,20,0.6777,13.55,2,750000,10000,740000,67.55
PV03317,54,C18,Oncology,72,6-24h,20,0.7448,14.9,6,300000,10000,290000,69.7
PV03318,71,S36,Trauma,90,6-24h,20,0.6933,13.87,4,75000,75000,0,73.87
PV03319,35,J96,Critical Care,98,1-3d,10,0.8709,17.42,8,150000,150000,0,74.62
PV03320,46,I60,Neurosurgery,98,<2h,30,0.8364,16.73,6,100000,100000,0,91.93
PV03321,46,I61,Neurosurgery,98,2-6h,25,0.815,16.3,6,100000,50000,50000,86.5
PV03322,40,K35,General Surgery,70,<2h,30,0.8072,16.14,8,400000,150000,250000,82.14
PV03323,66,S32,Orthopedics,82,1-3d,10,0.8523,17.05,4,200000,100000,100000,63.85
PV03324,78,C34,Oncology,74,>3d,5,0.8543,17.09,2,500000,25000,475000,53.69
PV03325,40,S72,Orthopedics,76,1-3d,10,0.7704,15.41,8,750000,150000,600000,63.81
PV03326,27,S32,Orthopedics,82,1-3d,10,0.7564,15.13,10,50000,10000,40000,67.93
PV03327,74,K35,General Surgery,70,>3d,5,0.8141,16.28,4,750000,150000,600000,53.28
PV03328,75,A41,Critical Care,98,6-24h,20,0.801,16.02,2,75000,75000,0,77.22
PV03329,81,S36,Trauma,90,<2h,30,0.99,19.8,2,50000,50000,0,87.8
PV03330,35,N39,Urology,50,6-24h,20,0.7816,15.63,8,50000,50000,0,63.63
PV03331,66,C18,Oncology,72,6-24h,20,0.849,16.98,4,50000,0,50000,69.78
PV03332,66,G93,Neurology,80,6-24h,20,0.8666,17.33,4,150000,150000,0,73.33
PV03333,71,J96,Critical Care,98,6-24h,20,0.9601,19.2,4,750000,150000,600000,82.4
PV03334,72,G93,Neurology,80,6-24h,20,0.7389,14.78,4,400000,0,400000,70.78
PV03335,82,I61,Neurosurgery,98,6-24h,20,0.954,19.08,2,200000,10000,190000,80.28
PV03336,50,A41,Critical Care,98,6-24h,20,0.8053,16.11,6,1000000,150000,850000,81.31
PV03337,23,O00,Obstetrics,96,2-6h,25,0.99,19.8,10,200000,25000,175000,93.2
PV03338,31,I60,Neurosurgery,98,>3d,5,0.8563,17.13,8,50000,0,50000,69.33
PV03339,78,G93,Neurology,80,1-3d,10,0.6971,13.94,2,50000,50000,0,57.94
PV03340,75,I20,Cardiology,80,<2h,30,0.8003,16.01,2,300000,75000,225000,80.01
PV03341,18,N17,Nephrology,82,2-6h,25,0.9536,19.07,10,100000,50000,50000,86.87
PV03342,42,I74,Vascular Surgery,92,2-6h,25,0.8282,16.56,8,150000,75000,75000,86.36
PV03343,34,I61,Neurosurgery,98,<2h,30,0.814,16.28,8,150000,50000,100000,93.48
PV03344,39,C18,Oncology,72,<2h,30,0.8919,17.84,8,150000,10000,140000,84.64
PV03345,61,N17,Nephrology,82,2-6h,25,0.7855,15.71,4,1000000,75000,925000,77.51
PV03346,52,K80,General Surgery,65,1-3d,10,0.7989,15.98,6,50000,50000,0,57.98
PV03347,50,C18,Oncology,72,1-3d,10,0.7255,14.51,6,75000,75000,0,59.31
PV03348,47,S06,Neurosurgery,95,1-3d,10,0.99,19.8,6,100000,100000,0,73.8
PV03349,61,S06,Neurosurgery,95,1-3d,10,0.6977,13.95,4,500000,10000,490000,65.95
PV03350,64,S32,Orthopedics,82,1-3d,10,0.8369,16.74,4,100000,10000,90000,63.54
PV03351,20,K35,General Surgery,70,1-3d,10,0.868,17.36,10,100000,25000,75000,65.36
PV03352,27,K92,Gastroenterology,88,>3d,5,0.8186,16.37,10,500000,0,500000,66.57
PV03353,41,S06,Neurosurgery,95,1-3d,10,0.6946,13.89,8,400000,10000,390000,69.89
PV03354,47,N20,Urology,55,1-3d,10,0.7201,14.4,6,400000,150000,250000,52.4
PV03355,85,C22,Oncology,73,1-3d,10,0.8723,17.45,2,400000,50000,350000,58.65
PV03356,78,S72,Orthopedics,76,1-3d,10,0.742,14.84,2,400000,150000,250000,57.24
PV03357,62,I60,Neurosurgery,98,2-6h,25,0.6128,12.26,4,300000,0,300000,80.46
PV03358,20,I20,Cardiology,80,2-6h,25,0.8587,17.17,10,300000,0,300000,84.17
PV03359,24,K56,General Surgery,85,6-24h,20,0.7328,14.66,10,500000,100000,400000,78.66
PV03360,49,O00,Obstetrics,96,2-6h,25,0.8831,17.66,6,150000,25000,125000,87.06
PV03361,57,C22,Oncology,73,2-6h,25,0.7998,16.0,6,150000,10000,140000,76.2
PV03362,62,K80,General Surgery,65,<2h,30,0.795,15.9,4,100000,100000,0,75.9
PV03363,27,I60,Neurosurgery,98,6-24h,20,0.8252,16.5,10,750000,200000,550000,85.7
PV03364,78,T79,Trauma,92,>3d,5,0.7062,14.12,2,50000,50000,0,57.92
PV03365,51,K35,General Surgery,70,6-24h,20,0.7375,14.75,6,100000,100000,0,68.75
PV03366,58,K80,General Surgery,65,6-24h,20,0.794,15.88,6,75000,25000,50000,67.88
PV03367,20,C18,Oncology,72,6-24h,20,0.7056,14.11,10,150000,150000,0,72.91
PV03368,74,I71,Cardiovascular Surgery,99,6-24h,20,0.8914,17.83,4,100000,50000,50000,81.43
PV03369,54,S27,Trauma,88,1-3d,10,0.7893,15.79,6,300000,10000,290000,66.99
PV03370,33,S06,Neurosurgery,95,1-3d,10,0.6751,13.5,8,1000000,75000,925000,69.5
PV03371,39,C22,Oncology,73,<2h,30,0.7641,15.28,8,200000,25000,175000,82.48
PV03372,41,J96,Critical Care,98,6-24h,20,0.8301,16.6,8,1000000,10000,990000,83.8
PV03373,19,I74,Vascular Surgery,92,<2h,30,0.7754,15.51,10,150000,10000,140000,92.31
PV03374,82,O00,Obstetrics,96,1-3d,10,0.86,17.2,2,500000,50000,450000,67.6
PV03375,72,C50,Oncology,65,>3d,5,0.8774,17.55,4,75000,0,75000,52.55
PV03376,78,O00,Obstetrics,96,>3d,5,0.99,19.8,2,400000,0,400000,65.2
PV03377,42,O00,Obstetrics,96,2-6h,25,0.9351,18.7,8,500000,75000,425000,90.1
PV03378,55,J18,Pulmonology,78,1-3d,10,0.6564,13.13,6,400000,0,400000,60.33
PV03379,49,G93,Neurology,80,1-3d,10,0.784,15.68,6,1000000,150000,850000,63.68
PV03380,50,S36,Trauma,90,>3d,5,0.7933,15.87,6,400000,200000,200000,62.87
PV03381,58,T79,Trauma,92,6-24h,20,0.8775,17.55,6,300000,10000,290000,80.35
PV03382,48,S32,Orthopedics,82,6-24h,20,0.7266,14.53,6,400000,0,400000,73.33
PV03383,70,K92,Gastroenterology,88,6-24h,20,0.7669,15.34,4,150000,10000,140000,74.54
PV03384,21,N39,Urology,50,<2h,30,0.6956,13.91,10,100000,0,100000,73.91
PV03385,31,S32,Orthopedics,82,1-3d,10,0.7598,15.2,8,1000000,25000,975000,66.0
PV03386,78,J96,Critical Care,98,6-24h,20,0.7635,15.27,2,1000000,200000,800000,76.47
PV03387,77,S32,Orthopedics,82,6-24h,20,0.7887,15.77,2,1000000,150000,850000,70.57
PV03388,73,K80,General Surgery,65,1-3d,10,0.7013,14.03,4,500000,200000,300000,54.03
PV03389,43,I71,Cardiovascular Surgery,99,6-24h,20,0.9182,18.36,8,100000,100000,0,85.96
PV03390,49,C50,Oncology,65,>3d,5,0.8672,17.34,6,100000,100000,0,54.34
PV03391,19,J96,Critical Care,98,1-3d,10,0.6751,13.5,10,150000,75000,75000,72.7
PV03392,37,O00,Obstetrics,96,>3d,5,0.8226,16.45,8,300000,10000,290000,67.85
PV03393,67,S32,Orthopedics,82,1-3d,10,0.6635,13.27,4,100000,100000,0,60.07
PV03394,41,K56,General Surgery,85,2-6h,25,0.9542,19.08,8,500000,100000,400000,86.08
PV03395,50,K85,General Surgery,82,<2h,30,0.9814,19.63,6,50000,50000,0,88.43
PV03396,26,S32,Orthopedics,82,>3d,5,0.8144,16.29,10,1000000,100000,900000,64.09
PV03397,51,S72,Orthopedics,76,2-6h,25,0.7347,14.69,6,200000,75000,125000,76.09
PV03398,67,K92,Gastroenterology,88,6-24h,20,0.7536,15.07,4,150000,150000,0,74.27
PV03399,56,I21,Cardiology,95,1-3d,10,0.7746,15.49,6,200000,100000,100000,69.49
PV03400,55,N20,Urology,55,2-6h,25,0.8093,16.19,6,200000,0,200000,69.19
PV03401,80,T79,Trauma,92,6-24h,20,0.957,19.14,2,300000,75000,225000,77.94
PV03402,33,N39,Urology,50,6-24h,20,0.9156,18.31,8,150000,50000,100000,66.31
PV03403,38,K35,General Surgery,70,6-24h,20,0.9171,18.34,8,150000,10000,140000,74.34
PV03404,60,C22,Oncology,73,1-3d,10,0.8371,16.74,4,150000,25000,125000,59.94
PV03405,50,S36,Trauma,90,<2h,30,0.7046,14.09,6,75000,75000,0,86.09
PV03406,84,K85,General Surgery,82,6-24h,20,0.743,14.86,2,100000,100000,0,69.66
PV03407,22,K85,General Surgery,82,2-6h,25,0.8261,16.52,10,200000,0,200000,84.32
PV03408,26,C34,Oncology,74,1-3d,10,0.6999,14.0,10,50000,25000,25000,63.6
PV03409,41,C34,Oncology,74,2-6h,25,0.8504,17.01,8,200000,100000,100000,79.61
PV03410,49,O72,Obstetrics,95,2-6h,25,0.9005,18.01,6,200000,75000,125000,87.01
PV03411,78,I61,Neurosurgery,98,1-3d,10,0.8745,17.49,2,50000,50000,0,68.69
PV03412,51,C22,Oncology,73,6-24h,20,0.8705,17.41,6,200000,100000,100000,72.61
PV03413,47,A41,Critical Care,98,1-3d,10,0.6334,12.67,6,400000,0,400000,67.87
PV03414,29,I61,Neurosurgery,98,6-24h,20,0.9533,19.07,10,500000,150000,350000,88.27
PV03415,47,J18,Pulmonology,78,6-24h,20,0.6633,13.27,6,150000,75000,75000,70.47
PV03416,54,S27,Trauma,88,6-24h,20,0.8047,16.09,6,300000,200000,100000,77.29
PV03417,57,C18,Oncology,72,>3d,5,0.8819,17.64,6,50000,10000,40000,57.44
PV03418,59,I20,Cardiology,80,6-24h,20,0.8559,17.12,6,150000,100000,50000,75.12
PV03419,47,I61,Neurosurgery,98,6-24h,20,0.6922,13.84,6,400000,0,400000,79.04
PV03420,28,I71,Cardiovascular Surgery,99,1-3d,10,0.7102,14.2,10,200000,10000,190000,73.8
PV03421,28,O00,Obstetrics,96,6-24h,20,0.8487,16.97,10,1000000,200000,800000,85.37
PV03422,28,S32,Orthopedics,82,1-3d,10,0.8711,17.42,10,500000,200000,300000,70.22
PV03423,60,C18,Oncology,72,>3d,5,0.7093,14.19,4,1000000,200000,800000,51.99
PV03424,76,S36,Trauma,90,1-3d,10,0.8593,17.19,2,200000,10000,190000,65.19
PV03425,78,C18,Oncology,72,6-24h,20,0.6685,13.37,2,50000,50000,0,64.17
PV03426,39,C22,Oncology,73,6-24h,20,0.8824,17.65,8,300000,0,300000,74.85
PV03427,23,O72,Obstetrics,95,>3d,5,0.7316,14.63,10,1000000,50000,950000,67.63
PV03428,60,I20,Cardiology,80,6-24h,20,0.8281,16.56,4,75000,50000,25000,72.56
PV03429,20,S32,Orthopedics,82,2-6h,25,0.8113,16.23,10,1000000,150000,850000,84.03
PV03430,60,I74,Vascular Surgery,92,>3d,5,0.9361,18.72,4,50000,50000,0,64.52
PV03431,44,J96,Critical Care,98,>3d,5,0.8442,16.88,8,400000,25000,375000,69.08
PV03432,75,S32,Orthopedics,82,6-24h,20,0.7601,15.2,2,1000000,10000,990000,70.0
PV03433,60,A41,Critical Care,98,6-24h,20,0.856,17.12,4,100000,25000,75000,80.32
PV03434,68,K85,General Surgery,82,1-3d,10,0.99,19.8,4,100000,25000,75000,66.6
PV03435,45,J96,Critical Care,98,1-3d,10,0.894,17.88,6,750000,100000,650000,73.08
PV03436,75,C18,Oncology,72,6-24h,20,0.8141,16.28,2,150000,0,150000,67.08
PV03437,53,I71,Cardiovascular Surgery,99,6-24h,20,0.7366,14.73,6,400000,50000,350000,80.33
PV03438,60,C34,Oncology,74,6-24h,20,0.7584,15.17,4,75000,75000,0,68.77
PV03439,42,K92,Gastroenterology,88,6-24h,20,0.888,17.76,8,400000,100000,300000,80.96
PV03440,48,T79,Trauma,92,2-6h,25,0.7314,14.63,6,300000,100000,200000,82.43
PV03441,75,K92,Gastroenterology,88,1-3d,10,0.8203,16.41,2,300000,25000,275000,63.61
PV03442,44,I21,Cardiology,95,2-6h,25,0.9638,19.28,8,500000,75000,425000,90.28
PV03443,19,S72,Orthopedics,76,6-24h,20,0.835,16.7,10,200000,0,200000,77.1
PV03444,43,A41,Critical Care,98,1-3d,10,0.7121,14.24,8,400000,50000,350000,71.44
PV03445,44,N39,Urology,50,6-24h,20,0.99,19.8,8,200000,200000,0,67.8
PV03446,46,N20,Urology,55,6-24h,20,0.99,19.8,6,750000,150000,600000,67.8
PV03447,22,I74,Vascular Surgery,92,>3d,5,0.8701,17.4,10,300000,75000,225000,69.2
PV03448,26,N17,Nephrology,82,2-6h,25,0.9476,18.95,10,100000,50000,50000,86.75
PV03449,40,C18,Oncology,72,>3d,5,0.7933,15.87,8,750000,200000,550000,57.67
PV03450,46,O72,Obstetrics,95,<2h,30,0.8924,17.85,6,150000,50000,100000,91.85
PV03451,19,O72,Obstetrics,95,6-24h,20,0.7776,15.55,10,1000000,150000,850000,83.55
PV03452,44,I60,Neurosurgery,98,1-3d,10,0.6845,13.69,8,1000000,75000,925000,70.89
PV03453,39,S72,Orthopedics,76,6-24h,20,0.99,19.8,8,300000,0,300000,78.2
PV03454,20,K85,General Surgery,82,1-3d,10,0.6793,13.59,10,200000,100000,100000,66.39
PV03455,35,T79,Trauma,92,2-6h,25,0.8498,17.0,8,100000,100000,0,86.8
PV03456,36,G93,Neurology,80,1-3d,10,0.8486,16.97,8,750000,150000,600000,66.97
PV03457,27,K80,General Surgery,65,2-6h,25,0.8716,17.43,10,100000,75000,25000,78.43
PV03458,69,I21,Cardiology,95,1-3d,10,0.811,16.22,4,400000,0,400000,68.22
PV03459,22,G93,Neurology,80,1-3d,10,0.8121,16.24,10,750000,0,750000,68.24
PV03460,57,S36,Trauma,90,6-24h,20,0.8338,16.68,6,75000,75000,0,78.68
PV03461,63,S27,Trauma,88,<2h,30,0.868,17.36,4,75000,50000,25000,86.56
PV03462,72,K92,Gastroenterology,88,6-24h,20,0.8198,16.4,4,1000000,50000,950000,75.6
PV03463,55,I20,Cardiology,80,1-3d,10,0.8132,16.26,6,1000000,100000,900000,64.26
PV03464,54,I60,Neurosurgery,98,6-24h,20,0.6879,13.76,6,150000,150000,0,78.96
PV03465,69,K85,General Surgery,82,1-3d,10,0.99,19.8,4,100000,50000,50000,66.6
PV03466,76,K80,General Surgery,65,<2h,30,0.8736,17.47,2,400000,75000,325000,75.47
PV03467,32,N17,Nephrology,82,2-6h,25,0.8409,16.82,8,300000,75000,225000,82.62
PV03468,72,J96,Critical Care,98,1-3d,10,0.7576,15.15,4,100000,50000,50000,68.35
PV03469,49,O00,Obstetrics,96,2-6h,25,0.7196,14.39,6,100000,100000,0,83.79
PV03470,24,G93,Neurology,80,6-24h,20,0.906,18.12,10,300000,10000,290000,80.12
PV03471,59,A41,Critical Care,98,1-3d,10,0.804,16.08,6,100000,25000,75000,71.28
PV03472,84,K80,General Surgery,65,1-3d,10,0.8821,17.64,2,300000,50000,250000,55.64
PV03473,27,K80,General Surgery,65,<2h,30,0.6848,13.7,10,400000,75000,325000,79.7
PV03474,19,I20,Cardiology,80,2-6h,25,0.9747,19.49,10,100000,50000,50000,86.49
PV03475,80,I71,Cardiovascular Surgery,99,6-24h,20,0.9101,18.2,2,300000,50000,250000,79.8
PV03476,58,A41,Critical Care,98,1-3d,10,0.8119,16.24,6,1000000,200000,800000,71.44
PV03477,32,N17,Nephrology,82,6-24h,20,0.8668,17.34,8,300000,150000,150000,78.14
PV03478,71,O00,Obstetrics,96,1-3d,10,0.8941,17.88,4,75000,75000,0,70.28
PV03479,44,S27,Trauma,88,1-3d,10,0.6863,13.73,8,500000,75000,425000,66.93
PV03480,40,S32,Orthopedics,82,>3d,5,0.9878,19.76,8,200000,50000,150000,65.56
PV03481,37,S32,Orthopedics,82,6-24h,20,0.8683,17.37,8,500000,50000,450000,78.17
PV03482,58,J96,Critical Care,98,2-6h,25,0.7496,14.99,6,50000,50000,0,85.19
PV03483,27,S32,Orthopedics,82,6-24h,20,0.7103,14.21,10,500000,100000,400000,77.01
PV03484,42,A41,Critical Care,98,2-6h,25,0.9187,18.37,8,400000,150000,250000,90.57
PV03485,38,S27,Trauma,88,6-24h,20,0.8411,16.82,8,50000,50000,0,80.02
PV03486,22,I21,Cardiology,95,>3d,5,0.8683,17.37,10,200000,200000,0,70.37
PV03487,69,K85,General Surgery,82,6-24h,20,0.8227,16.45,4,200000,75000,125000,73.25
PV03488,18,K92,Gastroenterology,88,2-6h,25,0.7197,14.39,10,300000,25000,275000,84.59
PV03489,83,S72,Orthopedics,76,1-3d,10,0.8709,17.42,2,400000,200000,200000,59.82
PV03490,24,N20,Urology,55,>3d,5,0.8002,16.0,10,400000,10000,390000,53.0
PV03491,42,S06,Neurosurgery,95,2-6h,25,0.8178,16.36,8,1000000,25000,975000,87.36
PV03492,24,C34,Oncology,74,1-3d,10,0.99,19.8,10,500000,200000,300000,69.4
PV03493,42,S36,Trauma,90,1-3d,10,0.9069,18.14,8,150000,100000,50000,72.14
PV03494,59,K80,General Surgery,65,6-24h,20,0.9127,18.25,6,1000000,75000,925000,70.25
PV03495,23,N39,Urology,50,1-3d,10,0.99,19.8,10,200000,75000,125000,59.8
PV03496,53,O00,Obstetrics,96,6-24h,20,0.8585,17.17,6,750000,50000,700000,81.57
PV03497,70,S06,Neurosurgery,95,6-24h,20,0.832,16.64,4,200000,200000,0,78.64
PV03498,48,O72,Obstetrics,95,6-24h,20,0.7521,15.04,6,150000,50000,100000,79.04
PV03499,25,S06,Neurosurgery,95,2-6h,25,0.7747,15.49,10,500000,50000,450000,88.49
PV03500,65,S72,Orthopedics,76,1-3d,10,0.6153,12.31,4,500000,0,500000,56.71
PV03501,30,I60,Neurosurgery,98,1-3d,10,0.899,17.98,8,75000,0,75000,75.18
PV03502,19,C34,Oncology,74,6-24h,20,0.6933,13.87,10,50000,10000,40000,73.47
PV03503,47,I74,Vascular Surgery,92,1-3d,10,0.9103,18.21,6,500000,25000,475000,71.01
PV03504,36,A41,Critical Care,98,6-24h,20,0.8157,16.31,8,75000,25000,50000,83.51
PV03505,19,I21,Cardiology,95,2-6h,25,0.8328,16.66,10,200000,100000,100000,89.66
PV03506,70,I20,Cardiology,80,1-3d,10,0.8158,16.32,4,200000,75000,125000,62.32
PV03507,58,G93,Neurology,80,2-6h,25,0.9586,19.17,6,200000,0,200000,82.17
PV03508,79,T79,Trauma,92,1-3d,10,0.9409,18.82,2,200000,75000,125000,67.62
PV03509,50,I60,Neurosurgery,98,6-24h,20,0.8171,16.34,6,1000000,0,1000000,81.54
PV03510,47,K85,General Surgery,82,1-3d,10,0.7301,14.6,6,300000,75000,225000,63.4
PV03511,75,C22,Oncology,73,6-24h,20,0.9124,18.25,2,750000,0,750000,69.45
PV03512,23,J18,Pulmonology,78,6-24h,20,0.7225,14.45,10,200000,0,200000,75.65
PV03513,42,S06,Neurosurgery,95,1-3d,10,0.6645,13.29,8,200000,150000,50000,69.29
PV03514,72,K35,General Surgery,70,6-24h,20,0.8698,17.4,4,400000,0,400000,69.4
PV03515,37,J96,Critical Care,98,2-6h,25,0.9418,18.84,8,100000,100000,0,91.04
PV03516,78,C22,Oncology,73,>3d,5,0.7795,15.59,2,1000000,50000,950000,51.79
PV03517,37,K56,General Surgery,85,6-24h,20,0.8605,17.21,8,1000000,150000,850000,79.21
PV03518,46,N39,Urology,50,2-6h,25,0.7784,15.57,6,75000,10000,65000,66.57
PV03519,79,C50,Oncology,65,6-24h,20,0.8922,17.84,2,75000,50000,25000,65.84
PV03520,34,N39,Urology,50,1-3d,10,0.9295,18.59,8,150000,150000,0,56.59
PV03521,83,T79,Trauma,92,1-3d,10,0.7937,15.87,2,75000,0,75000,64.67
PV03522,20,I74,Vascular Surgery,92,1-3d,10,0.7172,14.34,10,50000,50000,0,71.14
PV03523,36,T79,Trauma,92,1-3d,10,0.6743,13.49,8,750000,0,750000,68.29
PV03524,58,K56,General Surgery,85,6-24h,20,0.9126,18.25,6,75000,25000,50000,78.25
PV03525,58,I71,Cardiovascular Surgery,99,6-24h,20,0.7063,14.13,6,150000,150000,0,79.73
PV03526,79,A41,Critical Care,98,2-6h,25,0.8572,17.14,2,1000000,75000,925000,83.34
PV03527,83,S06,Neurosurgery,95,1-3d,10,0.8977,17.95,2,150000,25000,125000,67.95
PV03528,64,I61,Neurosurgery,98,2-6h,25,0.7699,15.4,4,50000,50000,0,83.6
PV03529,62,K56,General Surgery,85,1-3d,10,0.8034,16.07,4,100000,25000,75000,64.07
PV03530,39,S06,Neurosurgery,95,1-3d,10,0.9199,18.4,8,100000,0,100000,74.4
PV03531,72,S36,Trauma,90,1-3d,10,0.7392,14.78,4,300000,75000,225000,64.78
PV03532,61,I61,Neurosurgery,98,<2h,30,0.729,14.58,4,200000,100000,100000,87.78
PV03533,19,I60,Neurosurgery,98,2-6h,25,0.7966,15.93,10,50000,10000,40000,90.13
PV03534,74,C22,Oncology,73,>3d,5,0.9478,18.96,4,100000,10000,90000,57.16
PV03535,42,I61,Neurosurgery,98,1-3d,10,0.9811,19.62,8,200000,75000,125000,76.82
PV03536,50,I61,Neurosurgery,98,6-24h,20,0.8101,16.2,6,300000,50000,250000,81.4
PV03537,51,I21,Cardiology,95,1-3d,10,0.7488,14.98,6,200000,200000,0,68.98
PV03538,73,S06,Neurosurgery,95,>3d,5,0.9264,18.53,4,1000000,25000,975000,65.53
PV03539,36,O00,Obstetrics,96,6-24h,20,0.6531,13.06,8,200000,50000,150000,79.46
PV03540,44,T79,Trauma,92,>3d,5,0.8448,16.9,8,500000,75000,425000,66.7
PV03541,20,K80,General Surgery,65,2-6h,25,0.8156,16.31,10,300000,200000,100000,77.31
PV03542,41,J18,Pulmonology,78,>3d,5,0.9494,18.99,8,200000,100000,100000,63.19
PV03543,24,I61,Neurosurgery,98,2-6h,25,0.9595,19.19,10,50000,50000,0,93.39
PV03544,57,S32,Orthopedics,82,6-24h,20,0.7257,14.51,6,400000,150000,250000,73.31
PV03545,78,I60,Neurosurgery,98,2-6h,25,0.8368,16.74,2,750000,150000,600000,82.94
PV03546,49,C18,Oncology,72,1-3d,10,0.7629,15.26,6,750000,75000,675000,60.06
PV03547,80,S27,Trauma,88,>3d,5,0.7907,15.81,2,500000,25000,475000,58.01
PV03548,84,I20,Cardiology,80,6-24h,20,0.8817,17.63,2,100000,10000,90000,71.63
PV03549,21,I74,Vascular Surgery,92,6-24h,20,0.7865,15.73,10,200000,75000,125000,82.53
PV03550,53,C34,Oncology,74,6-24h,20,0.8394,16.79,6,500000,100000,400000,72.39
PV03551,53,S72,Orthopedics,76,2-6h,25,0.9157,18.31,6,500000,25000,475000,79.71
PV03552,44,O00,Obstetrics,96,1-3d,10,0.9715,19.43,8,400000,50000,350000,75.83
PV03553,74,K92,Gastroenterology,88,<2h,30,0.8489,16.98,4,50000,50000,0,86.18
PV03554,44,N20,Urology,55,>3d,5,0.8318,16.64,8,500000,75000,425000,51.64
PV03555,21,S27,Trauma,88,>3d,5,0.7093,14.19,10,300000,150000,150000,64.39
PV03556,55,S72,Orthopedics,76,2-6h,25,0.9786,19.57,6,50000,50000,0,80.97
PV03557,31,N20,Urology,55,1-3d,10,0.8696,17.39,8,300000,75000,225000,57.39
PV03558,42,K85,General Surgery,82,>3d,5,0.8336,16.67,8,500000,50000,450000,62.47
PV03559,52,K56,General Surgery,85,>3d,5,0.8285,16.57,6,1000000,25000,975000,61.57
PV03560,67,O72,Obstetrics,95,1-3d,10,0.8561,17.12,4,500000,100000,400000,69.12
PV03561,36,I61,Neurosurgery,98,<2h,30,0.8972,17.94,8,100000,75000,25000,95.14
PV03562,43,K56,General Surgery,85,<2h,30,0.9096,18.19,8,400000,75000,325000,90.19
PV03563,22,S27,Trauma,88,1-3d,10,0.9811,19.62,10,400000,25000,375000,74.82
PV03564,44,S32,Orthopedics,82,6-24h,20,0.8443,16.89,8,75000,75000,0,77.69
PV03565,57,S32,Orthopedics,82,1-3d,10,0.99,19.8,6,750000,150000,600000,68.6
PV03566,59,J96,Critical Care,98,1-3d,10,0.9258,18.52,6,75000,75000,0,73.72
PV03567,37,S27,Trauma,88,6-24h,20,0.814,16.28,8,500000,150000,350000,79.48
PV03568,22,K35,General Surgery,70,2-6h,25,0.6533,13.07,10,500000,50000,450000,76.07
PV03569,57,K80,General Surgery,65,6-24h,20,0.8286,16.57,6,1000000,100000,900000,68.57
PV03570,62,J96,Critical Care,98,>3d,5,0.9758,19.52,4,400000,10000,390000,67.72
PV03571,23,S32,Orthopedics,82,6-24h,20,0.7425,14.85,10,50000,50000,0,77.65
PV03572,52,G93,Neurology,80,<2h,30,0.8282,16.56,6,1000000,0,1000000,84.56
PV03573,24,C50,Oncology,65,>3d,5,0.8365,16.73,10,150000,75000,75000,57.73
PV03574,48,I74,Vascular Surgery,92,1-3d,10,0.9142,18.28,6,200000,10000,190000,71.08
PV03575,61,K92,Gastroenterology,88,1-3d,10,0.7812,15.62,4,750000,75000,675000,64.82
PV03576,66,C50,Oncology,65,1-3d,10,0.7331,14.66,4,100000,25000,75000,54.66
PV03577,66,C34,Oncology,74,6-24h,20,0.877,17.54,4,400000,200000,200000,71.14
PV03578,69,G93,Neurology,80,>3d,5,0.7457,14.91,4,500000,0,500000,55.91
PV03579,34,I20,Cardiology,80,>3d,5,0.6364,12.73,8,300000,150000,150000,57.73
PV03580,75,I61,Neurosurgery,98,6-24h,20,0.99,19.8,2,500000,100000,400000,81.0
PV03581,41,I20,Cardiology,80,6-24h,20,0.9127,18.25,8,500000,200000,300000,78.25
PV03582,43,K80,General Surgery,65,6-24h,20,0.99,19.8,8,300000,25000,275000,73.8
PV03583,71,A41,Critical Care,98,1-3d,10,0.9074,18.15,4,50000,50000,0,71.35
PV03584,40,I74,Vascular Surgery,92,1-3d,10,0.888,17.76,8,500000,0,500000,72.56
PV03585,23,K80,General Surgery,65,1-3d,10,0.857,17.14,10,500000,100000,400000,63.14
PV03586,66,A41,Critical Care,98,>3d,5,0.8014,16.03,4,150000,50000,100000,64.23
PV03587,63,S72,Orthopedics,76,6-24h,20,0.8712,17.42,4,750000,100000,650000,71.82
PV03588,57,C50,Oncology,65,1-3d,10,0.7647,15.29,6,100000,100000,0,57.29
PV03589,27,C34,Oncology,74,1-3d,10,0.7131,14.26,10,75000,50000,25000,63.86
PV03590,60,N39,Urology,50,6-24h,20,0.7868,15.74,4,75000,25000,50000,59.74
PV03591,31,S06,Neurosurgery,95,<2h,30,0.9491,18.98,8,300000,100000,200000,94.98
PV03592,55,I71,Cardiovascular Surgery,99,1-3d,10,0.6968,13.94,6,100000,100000,0,69.54
PV03593,52,C22,Oncology,73,1-3d,10,0.6983,13.97,6,400000,25000,375000,59.17
PV03594,70,J18,Pulmonology,78,2-6h,25,0.8791,17.58,4,400000,150000,250000,77.78
PV03595,84,J96,Critical Care,98,1-3d,10,0.7785,15.57,2,200000,50000,150000,66.77
PV03596,30,I71,Cardiovascular Surgery,99,6-24h,20,0.8685,17.37,8,100000,100000,0,84.97
PV03597,25,K85,General Surgery,82,6-24h,20,0.919,18.38,10,1000000,100000,900000,81.18
PV03598,55,N17,Nephrology,82,1-3d,10,0.8662,17.32,6,750000,100000,650000,66.12
PV03599,82,I71,Cardiovascular Surgery,99,6-24h,20,0.7568,15.14,2,150000,100000,50000,76.74
PV03600,28,C18,Oncology,72,1-3d,10,0.9483,18.97,10,100000,100000,0,67.77
PV03601,51,S72,Orthopedics,76,1-3d,10,0.8942,17.88,6,750000,150000,600000,64.28
PV03602,45,C18,Oncology,72,<2h,30,0.8227,16.45,6,400000,50000,350000,81.25
PV03603,39,K35,General Surgery,70,6-24h,20,0.8178,16.36,8,200000,100000,100000,72.36
PV03604,63,C18,Oncology,72,6-24h,20,0.8574,17.15,4,300000,100000,200000,69.95
PV03605,38,N39,Urology,50,2-6h,25,0.7888,15.78,8,500000,75000,425000,68.78
PV03606,51,K35,General Surgery,70,1-3d,10,0.6569,13.14,6,100000,10000,90000,57.14
PV03607,75,I74,Vascular Surgery,92,<2h,30,0.895,17.9,2,1000000,50000,950000,86.7
PV03608,43,C50,Oncology,65,>3d,5,0.8891,17.78,8,300000,10000,290000,56.78
PV03609,19,C18,Oncology,72,6-24h,20,0.5899,11.8,10,75000,10000,65000,70.6
PV03610,78,C50,Oncology,65,6-24h,20,0.8711,17.42,2,1000000,200000,800000,65.42
PV03611,36,N17,Nephrology,82,>3d,5,0.99,19.8,8,1000000,100000,900000,65.6
PV03612,70,C50,Oncology,65,6-24h,20,0.7072,14.14,4,1000000,75000,925000,64.14
PV03613,69,C18,Oncology,72,1-3d,10,0.8127,16.25,4,400000,50000,350000,59.05
PV03614,53,I61,Neurosurgery,98,1-3d,10,0.8018,16.04,6,100000,0,100000,71.24
PV03615,23,K80,General Surgery,65,>3d,5,0.986,19.72,10,300000,25000,275000,60.72
PV03616,82,S72,Orthopedics,76,2-6h,25,0.9321,18.64,2,300000,10000,290000,76.04
PV03617,64,I60,Neurosurgery,98,2-6h,25,0.7322,14.64,4,300000,75000,225000,82.84
PV03618,46,S27,Trauma,88,>3d,5,0.8542,17.08,6,75000,50000,25000,63.28
PV03619,76,S72,Orthopedics,76,<2h,30,0.99,19.8,2,150000,150000,0,82.2
PV03620,71,I61,Neurosurgery,98,1-3d,10,0.7575,15.15,4,200000,150000,50000,68.35
PV03621,69,C22,Oncology,73,1-3d,10,0.8189,16.38,4,300000,75000,225000,59.58
PV03622,29,A41,Critical Care,98,1-3d,10,0.8714,17.43,10,150000,150000,0,76.63
PV03623,61,I74,Vascular Surgery,92,1-3d,10,0.759,15.18,4,500000,25000,475000,65.98
PV03624,37,S72,Orthopedics,76,>3d,5,0.99,19.8,8,1000000,0,1000000,63.2
PV03625,23,T79,Trauma,92,<2h,30,0.7727,15.45,10,200000,75000,125000,92.25
PV03626,40,K80,General Surgery,65,1-3d,10,0.6811,13.62,8,400000,0,400000,57.62
PV03627,25,S32,Orthopedics,82,1-3d,10,0.7675,15.35,10,75000,75000,0,68.15
PV03628,25,J96,Critical Care,98,6-24h,20,0.8853,17.71,10,75000,0,75000,86.91
PV03629,67,G93,Neurology,80,>3d,5,0.7402,14.8,4,50000,50000,0,55.8
PV03630,52,T79,Trauma,92,6-24h,20,0.8502,17.0,6,1000000,100000,900000,79.8
PV03631,45,S72,Orthopedics,76,2-6h,25,0.8763,17.53,6,150000,10000,140000,78.93
PV03632,31,N17,Nephrology,82,>3d,5,0.6991,13.98,8,400000,75000,325000,59.78
PV03633,70,I60,Neurosurgery,98,>3d,5,0.7636,15.27,4,400000,75000,325000,63.47
PV03634,61,K80,General Surgery,65,2-6h,25,0.8549,17.1,4,75000,75000,0,72.1
PV03635,57,K92,Gastroenterology,88,1-3d,10,0.8902,17.8,6,75000,50000,25000,69.0
PV03636,30,O72,Obstetrics,95,2-6h,25,0.7661,15.32,8,500000,75000,425000,86.32
PV03637,26,N17,Nephrology,82,<2h,30,0.8352,16.7,10,500000,50000,450000,89.5
PV03638,26,O72,Obstetrics,95,6-24h,20,0.7916,15.83,10,300000,0,300000,83.83
PV03639,19,I61,Neurosurgery,98,>3d,5,0.8928,17.86,10,150000,100000,50000,72.06
PV03640,83,C18,Oncology,72,2-6h,25,0.8719,17.44,2,200000,25000,175000,73.24
PV03641,43,N20,Urology,55,2-6h,25,0.7827,15.65,8,500000,25000,475000,70.65
PV03642,62,N39,Urology,50,1-3d,10,0.8678,17.36,4,75000,25000,50000,51.36
PV03643,84,N39,Urology,50,6-24h,20,0.7787,15.57,2,50000,50000,0,57.57
PV03644,81,O72,Obstetrics,95,2-6h,25,0.8657,17.31,2,100000,100000,0,82.31
PV03645,39,K92,Gastroenterology,88,6-24h,20,0.8671,17.34,8,75000,75000,0,80.54
PV03646,51,O00,Obstetrics,96,1-3d,10,0.99,19.8,6,75000,75000,0,74.2
PV03647,49,C34,Oncology,74,1-3d,10,0.7864,15.73,6,200000,50000,150000,61.33
PV03648,20,C18,Oncology,72,1-3d,10,0.8059,16.12,10,750000,200000,550000,64.92
PV03649,70,C22,Oncology,73,2-6h,25,0.7553,15.11,4,400000,50000,350000,73.31
PV03650,57,K80,General Surgery,65,6-24h,20,0.7167,14.33,6,100000,10000,90000,66.33
PV03651,43,S06,Neurosurgery,95,1-3d,10,0.7744,15.49,8,200000,150000,50000,71.49
PV03652,55,I61,Neurosurgery,98,6-24h,20,0.8865,17.73,6,200000,200000,0,82.93
PV03653,68,S27,Trauma,88,2-6h,25,0.8937,17.87,4,150000,25000,125000,82.07
PV03654,19,O00,Obstetrics,96,6-24h,20,0.8496,16.99,10,1000000,10000,990000,85.39
PV03655,61,C50,Oncology,65,6-24h,20,0.7904,15.81,4,1000000,25000,975000,65.81
PV03656,76,O72,Obstetrics,95,2-6h,25,0.7707,15.41,2,1000000,25000,975000,80.41
PV03657,67,O00,Obstetrics,96,>3d,5,0.7283,14.57,4,200000,10000,190000,61.97
PV03658,60,N39,Urology,50,6-24h,20,0.7643,15.29,4,500000,0,500000,59.29
PV03659,24,K85,General Surgery,82,1-3d,10,0.6905,13.81,10,500000,10000,490000,66.61
PV03660,68,O72,Obstetrics,95,2-6h,25,0.9558,19.12,4,500000,25000,475000,86.12
PV03661,69,N17,Nephrology,82,1-3d,10,0.99,19.8,4,75000,10000,65000,66.6
PV03662,51,O72,Obstetrics,95,1-3d,10,0.6264,12.53,6,1000000,10000,990000,66.53
PV03663,57,C22,Oncology,73,>3d,5,0.8489,16.98,6,1000000,200000,800000,57.18
PV03664,60,K92,Gastroenterology,88,6-24h,20,0.8473,16.95,4,500000,10000,490000,76.15
PV03665,26,O00,Obstetrics,96,1-3d,10,0.8409,16.82,10,300000,150000,150000,75.22
PV03666,35,S72,Orthopedics,76,6-24h,20,0.7607,15.21,8,200000,75000,125000,73.61
PV03667,71,J18,Pulmonology,78,1-3d,10,0.9223,18.45,4,100000,50000,50000,63.65
PV03668,84,K56,General Surgery,85,>3d,5,0.861,17.22,2,50000,50000,0,58.22
PV03669,36,S27,Trauma,88,1-3d,10,0.9234,18.47,8,1000000,0,1000000,71.67
PV03670,45,A41,Critical Care,98,1-3d,10,0.7462,14.92,6,100000,100000,0,70.12
PV03671,80,K35,General Surgery,70,>3d,5,0.6817,13.63,2,150000,50000,100000,48.63
PV03672,29,I61,Neurosurgery,98,>3d,5,0.8635,17.27,10,200000,150000,50000,71.47
PV03673,35,J18,Pulmonology,78,2-6h,25,0.7237,14.47,8,400000,200000,200000,78.67
PV03674,21,I21,Cardiology,95,2-6h,25,0.9255,18.51,10,100000,100000,0,91.51
PV03675,33,C34,Oncology,74,1-3d,10,0.6073,12.15,8,100000,0,100000,59.75
PV03676,61,S27,Trauma,88,>3d,5,0.7731,15.46,4,150000,150000,0,59.66
PV03677,41,K85,General Surgery,82,6-24h,20,0.7584,15.17,8,150000,150000,0,75.97
PV03678,84,S32,Orthopedics,82,6-24h,20,0.7868,15.74,2,50000,0,50000,70.54
PV03679,78,N17,Nephrology,82,1-3d,10,0.8461,16.92,2,150000,10000,140000,61.72
PV03680,78,K80,General Surgery,65,<2h,30,0.8596,17.19,2,300000,200000,100000,75.19
PV03681,67,N20,Urology,55,2-6h,25,0.884,17.68,4,200000,150000,50000,68.68
PV03682,65,I21,Cardiology,95,2-6h,25,0.8955,17.91,4,150000,50000,100000,84.91
PV03683,52,A41,Critical Care,98,<2h,30,0.8028,16.06,6,1000000,200000,800000,91.26
PV03684,85,J18,Pulmonology,78,1-3d,10,0.99,19.8,2,100000,50000,50000,63.0
PV03685,24,C22,Oncology,73,6-24h,20,0.9587,19.17,10,750000,150000,600000,78.37
PV03686,67,K35,General Surgery,70,2-6h,25,0.7888,15.78,4,400000,75000,325000,72.78
PV03687,27,S06,Neurosurgery,95,6-24h,20,0.8063,16.13,10,400000,100000,300000,84.13
PV03688,41,K92,Gastroenterology,88,6-24h,20,0.7867,15.73,8,100000,0,100000,78.93
PV03689,35,C22,Oncology,73,6-24h,20,0.8563,17.13,8,1000000,200000,800000,74.33
PV03690,58,K56,General Surgery,85,6-24h,20,0.7228,14.46,6,200000,10000,190000,74.46
PV03691,71,S27,Trauma,88,<2h,30,0.741,14.82,4,300000,10000,290000,84.02
PV03692,23,C18,Oncology,72,1-3d,10,0.6033,12.07,10,100000,50000,50000,60.87
PV03693,58,K56,General Surgery,85,2-6h,25,0.7801,15.6,6,200000,150000,50000,80.6
PV03694,33,I74,Vascular Surgery,92,2-6h,25,0.9265,18.53,8,400000,150000,250000,88.33
PV03695,23,S36,Trauma,90,2-6h,25,0.8048,16.1,10,1000000,100000,900000,87.1
PV03696,46,C34,Oncology,74,6-24h,20,0.8104,16.21,6,750000,150000,600000,71.81
PV03697,57,I74,Vascular Surgery,92,2-6h,25,0.8478,16.96,6,75000,75000,0,84.76
PV03698,31,S27,Trauma,88,6-24h,20,0.7198,14.4,8,50000,10000,40000,77.6
PV03699,44,I71,Cardiovascular Surgery,99,6-24h,20,0.8225,16.45,8,1000000,150000,850000,84.05
PV03700,82,K80,General Surgery,65,<2h,30,0.909,18.18,2,750000,25000,725000,76.18
PV03701,41,K35,General Surgery,70,>3d,5,0.8507,17.01,8,75000,75000,0,58.01
PV03702,85,A41,Critical Care,98,6-24h,20,0.9178,18.36,2,750000,75000,675000,79.56
PV03703,74,J96,Critical Care,98,2-6h,25,0.9464,18.93,4,500000,50000,450000,87.13
PV03704,43,N39,Urology,50,1-3d,10,0.8863,17.73,8,1000000,25000,975000,55.73
PV03705,57,K92,Gastroenterology,88,2-6h,25,0.7487,14.97,6,75000,25000,50000,81.17
PV03706,66,O00,Obstetrics,96,1-3d,10,0.7856,15.71,4,750000,25000,725000,68.11
PV03707,49,K35,General Surgery,70,<2h,30,0.99,19.8,6,150000,150000,0,83.8
PV03708,45,K80,General Surgery,65,6-24h,20,0.8514,17.03,6,300000,50000,250000,69.03
PV03709,40,O72,Obstetrics,95,>3d,5,0.8381,16.76,8,100000,50000,50000,67.76
PV03710,27,G93,Neurology,80,2-6h,25,0.734,14.68,10,50000,50000,0,81.68
PV03711,19,K85,General Surgery,82,2-6h,25,0.8109,16.22,10,400000,10000,390000,84.02
PV03712,40,C22,Oncology,73,1-3d,10,0.8916,17.83,8,50000,10000,40000,65.03
PV03713,72,T79,Trauma,92,>3d,5,0.8215,16.43,4,200000,10000,190000,62.23
PV03714,33,A41,Critical Care,98,6-24h,20,0.7681,15.36,8,75000,0,75000,82.56
PV03715,30,N20,Urology,55,1-3d,10,0.7913,15.83,8,1000000,50000,950000,55.83
PV03716,40,I71,Cardiovascular Surgery,99,2-6h,25,0.9392,18.78,8,200000,0,200000,91.38
PV03717,58,K85,General Surgery,82,1-3d,10,0.8868,17.74,6,75000,50000,25000,66.54
PV03718,32,J96,Critical Care,98,6-24h,20,0.8734,17.47,8,1000000,75000,925000,84.67
PV03719,32,C50,Oncology,65,1-3d,10,0.8641,17.28,8,400000,25000,375000,61.28
PV03720,25,J96,Critical Care,98,2-6h,25,0.7017,14.03,10,75000,25000,50000,88.23
PV03721,40,C34,Oncology,74,1-3d,10,0.8472,16.94,8,150000,75000,75000,64.54
PV03722,32,J18,Pulmonology,78,6-24h,20,0.9268,18.54,8,300000,75000,225000,77.74
PV03723,74,K80,General Surgery,65,1-3d,10,0.7939,15.88,4,500000,150000,350000,55.88
PV03724,79,C22,Oncology,73,1-3d,10,0.9177,18.35,2,1000000,200000,800000,59.55
PV03725,43,I21,Cardiology,95,1-3d,10,0.8745,17.49,8,750000,10000,740000,73.49
PV03726,23,C22,Oncology,73,>3d,5,0.9028,18.06,10,50000,25000,25000,62.26
PV03727,23,S06,Neurosurgery,95,6-24h,20,0.8251,16.5,10,200000,75000,125000,84.5
PV03728,40,O00,Obstetrics,96,1-3d,10,0.9087,18.17,8,50000,10000,40000,74.57
PV03729,49,K85,General Surgery,82,<2h,30,0.6735,13.47,6,150000,100000,50000,82.27
PV03730,53,C34,Oncology,74,>3d,5,0.8233,16.47,6,100000,0,100000,57.07
PV03731,38,N20,Urology,55,1-3d,10,0.8913,17.83,8,100000,25000,75000,57.83
PV03732,42,G93,Neurology,80,6-24h,20,0.8496,16.99,8,100000,100000,0,76.99
PV03733,37,S27,Trauma,88,6-24h,20,0.9296,18.59,8,200000,100000,100000,81.79
PV03734,53,N39,Urology,50,1-3d,10,0.8043,16.09,6,200000,75000,125000,52.09
PV03735,65,I74,Vascular Surgery,92,1-3d,10,0.7653,15.31,4,1000000,0,1000000,66.11
PV03736,20,A41,Critical Care,98,1-3d,10,0.6561,13.12,10,200000,150000,50000,72.32
PV03737,50,S36,Trauma,90,6-24h,20,0.7927,15.85,6,50000,50000,0,77.85
PV03738,62,O00,Obstetrics,96,6-24h,20,0.8717,17.43,4,300000,150000,150000,79.83
PV03739,63,C50,Oncology,65,>3d,5,0.8961,17.92,4,150000,150000,0,52.92
PV03740,56,T79,Trauma,92,1-3d,10,0.6801,13.6,6,75000,75000,0,66.4
PV03741,53,A41,Critical Care,98,1-3d,10,0.9375,18.75,6,400000,0,400000,73.95
PV03742,64,I74,Vascular Surgery,92,1-3d,10,0.7226,14.45,4,400000,150000,250000,65.25
PV03743,43,K92,Gastroenterology,88,1-3d,10,0.8079,16.16,8,150000,100000,50000,69.36
PV03744,56,S72,Orthopedics,76,1-3d,10,0.7631,15.26,6,100000,25000,75000,61.66
PV03745,39,J96,Critical Care,98,1-3d,10,0.8617,17.23,8,200000,150000,50000,74.43
PV03746,47,C22,Oncology,73,>3d,5,0.8294,16.59,6,200000,75000,125000,56.79
PV03747,26,S72,Orthopedics,76,>3d,5,0.8878,17.76,10,1000000,100000,900000,63.16
PV03748,41,C22,Oncology,73,6-24h,20,0.99,19.8,8,50000,50000,0,77.0
PV03749,27,N39,Urology,50,2-6h,25,0.8598,17.2,10,75000,75000,0,72.2
PV03750,33,N39,Urology,50,1-3d,10,0.7623,15.25,8,500000,100000,400000,53.25
PV03751,46,J18,Pulmonology,78,1-3d,10,0.8661,17.32,6,1000000,150000,850000,64.52
PV03752,52,S32,Orthopedics,82,1-3d,10,0.99,19.8,6,400000,150000,250000,68.6
PV03753,82,K92,Gastroenterology,88,>3d,5,0.8856,17.71,2,150000,100000,50000,59.91
PV03754,19,I71,Cardiovascular Surgery,99,2-6h,25,0.9146,18.29,10,100000,100000,0,92.89
PV03755,79,I60,Neurosurgery,98,6-24h,20,0.6606,13.21,2,750000,200000,550000,74.41
PV03756,40,I74,Vascular Surgery,92,>3d,5,0.8587,17.17,8,400000,75000,325000,66.97
PV03757,67,C34,Oncology,74,>3d,5,0.7932,15.86,4,200000,0,200000,54.46
PV03758,64,N17,Nephrology,82,6-24h,20,0.752,15.04,4,200000,100000,100000,71.84
PV03759,84,I61,Neurosurgery,98,2-6h,25,0.8178,16.36,2,75000,25000,50000,82.56
PV03760,25,N17,Nephrology,82,6-24h,20,0.8309,16.62,10,750000,75000,675000,79.42
PV03761,83,K56,General Surgery,85,6-24h,20,0.7576,15.15,2,50000,50000,0,71.15
PV03762,22,O00,Obstetrics,96,6-24h,20,0.8388,16.78,10,1000000,25000,975000,85.18
PV03763,77,J18,Pulmonology,78,6-24h,20,0.8027,16.05,2,75000,75000,0,69.25
PV03764,62,C34,Oncology,74,6-24h,20,0.8902,17.8,4,75000,10000,65000,71.4
PV03765,50,S27,Trauma,88,1-3d,10,0.8428,16.86,6,50000,10000,40000,68.06
PV03766,45,S27,Trauma,88,1-3d,10,0.8576,17.15,6,200000,100000,100000,68.35
PV03767,24,C50,Oncology,65,1-3d,10,0.9179,18.36,10,50000,50000,0,64.36
PV03768,72,K80,General Surgery,65,6-24h,20,0.8755,17.51,4,100000,100000,0,67.51
PV03769,67,T79,Trauma,92,6-24h,20,0.8194,16.39,4,500000,0,500000,77.19
PV03770,81,K85,General Surgery,82,6-24h,20,0.6113,12.23,2,500000,200000,300000,67.03
PV03771,67,S27,Trauma,88,>3d,5,0.8714,17.43,4,150000,150000,0,61.63
PV03772,83,I74,Vascular Surgery,92,6-24h,20,0.7288,14.58,2,50000,10000,40000,73.38
PV03773,78,O00,Obstetrics,96,1-3d,10,0.8114,16.23,2,75000,75000,0,66.63
PV03774,46,S06,Neurosurgery,95,1-3d,10,0.8571,17.14,6,300000,150000,150000,71.14
PV03775,65,S27,Trauma,88,>3d,5,0.9533,19.07,4,200000,0,200000,63.27
PV03776,35,K56,General Surgery,85,6-24h,20,0.99,19.8,8,750000,0,750000,81.8
PV03777,72,O00,Obstetrics,96,6-24h,20,0.7279,14.56,4,200000,100000,100000,76.96
PV03778,59,G93,Neurology,80,1-3d,10,0.6884,13.77,6,150000,75000,75000,61.77
PV03779,47,C22,Oncology,73,2-6h,25,0.8526,17.05,6,400000,150000,250000,77.25
PV03780,60,S72,Orthopedics,76,1-3d,10,0.8442,16.88,4,750000,200000,550000,61.28
PV03781,36,I60,Neurosurgery,98,6-24h,20,0.6998,14.0,8,750000,0,750000,81.2
PV03782,60,A41,Critical Care,98,>3d,5,0.8183,16.37,4,75000,75000,0,64.57
PV03783,50,S06,Neurosurgery,95,1-3d,10,0.8798,17.6,6,200000,150000,50000,71.6
PV03784,39,K80,General Surgery,65,<2h,30,0.697,13.94,8,1000000,75000,925000,77.94
PV03785,84,C22,Oncology,73,1-3d,10,0.7205,14.41,2,750000,25000,725000,55.61
PV03786,22,N17,Nephrology,82,1-3d,10,0.7556,15.11,10,500000,100000,400000,67.91
PV03787,69,K56,General Surgery,85,1-3d,10,0.7988,15.98,4,75000,75000,0,63.98
PV03788,32,I21,Cardiology,95,6-24h,20,0.8894,17.79,8,150000,50000,100000,83.79
PV03789,33,C22,Oncology,73,2-6h,25,0.7874,15.75,8,750000,0,750000,77.95
PV03790,28,I74,Vascular Surgery,92,1-3d,10,0.8255,16.51,10,75000,75000,0,73.31
PV03791,24,S06,Neurosurgery,95,6-24h,20,0.99,19.8,10,500000,25000,475000,87.8
PV03792,26,K56,General Surgery,85,>3d,5,0.7244,14.49,10,300000,10000,290000,63.49
PV03793,74,J96,Critical Care,98,6-24h,20,0.7547,15.09,4,500000,50000,450000,78.29
PV03794,80,C34,Oncology,74,1-3d,10,0.8878,17.76,2,400000,0,400000,59.36
PV03795,57,I20,Cardiology,80,6-24h,20,0.9188,18.38,6,50000,50000,0,76.38
PV03796,18,I71,Cardiovascular Surgery,99,1-3d,10,0.8615,17.23,10,75000,75000,0,76.83
PV03797,76,C50,Oncology,65,<2h,30,0.99,19.8,2,150000,100000,50000,77.8
PV03798,58,I60,Neurosurgery,98,6-24h,20,0.8517,17.03,6,1000000,0,1000000,82.23
PV03799,53,I21,Cardiology,95,2-6h,25,0.6224,12.45,6,1000000,25000,975000,81.45
PV03800,82,I60,Neurosurgery,98,1-3d,10,0.8297,16.59,2,500000,100000,400000,67.79
PV03801,45,N39,Urology,50,6-24h,20,0.7629,15.26,6,100000,100000,0,61.26
PV03802,42,J18,Pulmonology,78,1-3d,10,0.9584,19.17,8,1000000,50000,950000,68.37
PV03803,71,T79,Trauma,92,2-6h,25,0.9165,18.33,4,500000,200000,300000,84.13
PV03804,53,I21,Cardiology,95,1-3d,10,0.661,13.22,6,100000,0,100000,67.22
PV03805,66,I21,Cardiology,95,1-3d,10,0.955,19.1,4,500000,200000,300000,71.1
PV03806,65,G93,Neurology,80,<2h,30,0.9139,18.28,4,200000,10000,190000,84.28
PV03807,75,S06,Neurosurgery,95,<2h,30,0.7876,15.75,2,200000,100000,100000,85.75
PV03808,39,K35,General Surgery,70,6-24h,20,0.8122,16.24,8,100000,0,100000,72.24
PV03809,22,O00,Obstetrics,96,1-3d,10,0.9592,19.18,10,400000,200000,200000,77.58
PV03810,50,C18,Oncology,72,>3d,5,0.6228,12.46,6,100000,10000,90000,52.26
PV03811,62,A41,Critical Care,98,2-6h,25,0.8645,17.29,4,1000000,25000,975000,85.49
PV03812,73,S72,Orthopedics,76,1-3d,10,0.9293,18.59,4,75000,75000,0,62.99
PV03813,36,C50,Oncology,65,1-3d,10,0.8111,16.22,8,100000,0,100000,60.22
PV03814,68,S72,Orthopedics,76,1-3d,10,0.8848,17.7,4,75000,75000,0,62.1
PV03815,74,S36,Trauma,90,6-24h,20,0.8303,16.61,4,100000,25000,75000,76.61
PV03816,72,I61,Neurosurgery,98,>3d,5,0.7416,14.83,4,400000,50000,350000,63.03
PV03817,72,S72,Orthopedics,76,6-24h,20,0.7391,14.78,4,1000000,25000,975000,69.18
PV03818,85,T79,Trauma,92,1-3d,10,0.8912,17.82,2,75000,75000,0,66.62
PV03819,62,C18,Oncology,72,6-24h,20,0.7564,15.13,4,100000,50000,50000,67.93
PV03820,43,I20,Cardiology,80,1-3d,10,0.6675,13.35,8,75000,75000,0,63.35
PV03821,47,S06,Neurosurgery,95,>3d,5,0.8322,16.64,6,750000,0,750000,65.64
PV03822,68,I21,Cardiology,95,>3d,5,0.7687,15.37,4,300000,100000,200000,62.37
PV03823,34,N17,Nephrology,82,6-24h,20,0.7001,14.0,8,150000,50000,100000,74.8
PV03824,58,K56,General Surgery,85,1-3d,10,0.8272,16.54,6,500000,75000,425000,66.54
PV03825,56,J18,Pulmonology,78,2-6h,25,0.8967,17.93,6,50000,50000,0,80.13
PV03826,63,N39,Urology,50,1-3d,10,0.822,16.44,4,500000,100000,400000,50.44
PV03827,46,K85,General Surgery,82,6-24h,20,0.7134,14.27,6,50000,25000,25000,73.07
PV03828,68,N17,Nephrology,82,1-3d,10,0.8682,17.36,4,300000,10000,290000,64.16
PV03829,22,C50,Oncology,65,6-24h,20,0.9235,18.47,10,50000,50000,0,74.47
PV03830,68,K35,General Surgery,70,<2h,30,0.99,19.8,4,100000,25000,75000,81.8
PV03831,73,I20,Cardiology,80,6-24h,20,0.9642,19.28,4,400000,0,400000,75.28
PV03832,78,A41,Critical Care,98,<2h,30,0.7195,14.39,2,300000,25000,275000,85.59
PV03833,80,T79,Trauma,92,6-24h,20,0.9058,18.12,2,200000,0,200000,76.92
PV03834,41,C34,Oncology,74,1-3d,10,0.8457,16.91,8,400000,100000,300000,64.51
PV03835,21,K35,General Surgery,70,1-3d,10,0.7048,14.1,10,750000,200000,550000,62.1
PV03836,62,N20,Urology,55,1-3d,10,0.8484,16.97,4,100000,50000,50000,52.97
PV03837,24,K56,General Surgery,85,1-3d,10,0.99,19.8,10,1000000,75000,925000,73.8
PV03838,37,J18,Pulmonology,78,6-24h,20,0.9396,18.79,8,75000,75000,0,77.99
PV03839,65,K92,Gastroenterology,88,6-24h,20,0.7187,14.37,4,1000000,200000,800000,73.57
PV03840,58,K92,Gastroenterology,88,6-24h,20,0.8214,16.43,6,1000000,0,1000000,77.63
PV03841,59,I20,Cardiology,80,2-6h,25,0.8692,17.38,6,200000,0,200000,80.38
PV03842,69,O72,Obstetrics,95,1-3d,10,0.647,12.94,4,50000,50000,0,64.94
PV03843,29,N17,Nephrology,82,1-3d,10,0.6505,13.01,10,200000,25000,175000,65.81
PV03844,71,I74,Vascular Surgery,92,1-3d,10,0.8355,16.71,4,100000,10000,90000,67.51
PV03845,57,N39,Urology,50,1-3d,10,0.8368,16.74,6,300000,10000,290000,52.74
PV03846,46,O72,Obstetrics,95,2-6h,25,0.6361,12.72,6,100000,100000,0,81.72
PV03847,49,S32,Orthopedics,82,1-3d,10,0.8588,17.18,6,50000,10000,40000,65.98
PV03848,52,K85,General Surgery,82,2-6h,25,0.9287,18.57,6,750000,50000,700000,82.37
PV03849,55,K80,General Surgery,65,>3d,5,0.7982,15.96,6,750000,0,750000,52.96
PV03850,40,A41,Critical Care,98,6-24h,20,0.826,16.52,8,300000,75000,225000,83.72
PV03851,33,K80,General Surgery,65,6-24h,20,0.8771,17.54,8,750000,100000,650000,71.54
PV03852,29,I60,Neurosurgery,98,6-24h,20,0.8639,17.28,10,1000000,75000,925000,86.48
PV03853,41,S06,Neurosurgery,95,6-24h,20,0.6531,13.06,8,1000000,25000,975000,79.06
PV03854,35,K85,General Surgery,82,6-24h,20,0.7295,14.59,8,750000,0,750000,75.39
PV03855,53,O72,Obstetrics,95,2-6h,25,0.7804,15.61,6,50000,50000,0,84.61
PV03856,80,N20,Urology,55,1-3d,10,0.7339,14.68,2,500000,150000,350000,48.68
PV03857,25,K85,General Surgery,82,>3d,5,0.9667,19.33,10,1000000,0,1000000,67.13
PV03858,39,I21,Cardiology,95,6-24h,20,0.8834,17.67,8,75000,75000,0,83.67
PV03859,21,I74,Vascular Surgery,92,6-24h,20,0.709,14.18,10,50000,50000,0,80.98
PV03860,84,S72,Orthopedics,76,>3d,5,0.7986,15.97,2,150000,75000,75000,53.37
PV03861,65,N17,Nephrology,82,6-24h,20,0.933,18.66,4,750000,150000,600000,75.46
PV03862,34,C34,Oncology,74,1-3d,10,0.7554,15.11,8,750000,25000,725000,62.71
PV03863,46,J96,Critical Care,98,6-24h,20,0.9052,18.1,6,300000,75000,225000,83.3
PV03864,67,C18,Oncology,72,6-24h,20,0.9583,19.17,4,1000000,100000,900000,71.97
PV03865,83,C18,Oncology,72,2-6h,25,0.9416,18.83,2,75000,75000,0,74.63
PV03866,57,S32,Orthopedics,82,2-6h,25,0.838,16.76,6,750000,100000,650000,80.56
PV03867,36,O00,Obstetrics,96,1-3d,10,0.9451,18.9,8,750000,10000,740000,75.3
PV03868,65,T79,Trauma,92,1-3d,10,0.7678,15.36,4,1000000,200000,800000,66.16
PV03869,64,A41,Critical Care,98,2-6h,25,0.99,19.8,4,100000,100000,0,88.0
PV03870,61,N20,Urology,55,>3d,5,0.8441,16.88,4,400000,0,400000,47.88
PV03871,21,I60,Neurosurgery,98,6-24h,20,0.9347,18.69,10,100000,100000,0,87.89
PV03872,66,S06,Neurosurgery,95,6-24h,20,0.7838,15.68,4,200000,200000,0,77.68
PV03873,19,G93,Neurology,80,>3d,5,0.8699,17.4,10,1000000,0,1000000,64.4
PV03874,79,O72,Obstetrics,95,>3d,5,0.8743,17.49,2,300000,200000,100000,62.49
PV03875,77,C18,Oncology,72,1-3d,10,0.7271,14.54,2,500000,25000,475000,55.34
PV03876,56,C18,Oncology,72,6-24h,20,0.7242,14.48,6,200000,25000,175000,69.28
PV03877,61,C50,Oncology,65,2-6h,25,0.7995,15.99,4,50000,50000,0,70.99
PV03878,22,J96,Critical Care,98,6-24h,20,0.9305,18.61,10,75000,75000,0,87.81
PV03879,77,K56,General Surgery,85,1-3d,10,0.6369,12.74,2,400000,0,400000,58.74
PV03880,36,I60,Neurosurgery,98,6-24h,20,0.7837,15.67,8,150000,25000,125000,82.87
PV03881,35,G93,Neurology,80,1-3d,10,0.951,19.02,8,150000,150000,0,69.02
PV03882,66,A41,Critical Care,98,2-6h,25,0.6968,13.94,4,50000,10000,40000,82.14
PV03883,81,J18,Pulmonology,78,6-24h,20,0.9454,18.91,2,750000,25000,725000,72.11
PV03884,51,S72,Orthopedics,76,6-24h,20,0.7072,14.14,6,50000,50000,0,70.54
PV03885,52,K35,General Surgery,70,6-24h,20,0.7283,14.57,6,300000,25000,275000,68.57
PV03886,55,S27,Trauma,88,1-3d,10,0.8053,16.11,6,150000,0,150000,67.31
PV03887,37,I61,Neurosurgery,98,>3d,5,0.99,19.8,8,1000000,75000,925000,72.0
PV03888,58,K56,General Surgery,85,>3d,5,0.756,15.12,6,400000,0,400000,60.12
PV03889,83,K35,General Surgery,70,1-3d,10,0.6467,12.93,2,50000,50000,0,52.93
PV03890,44,T79,Trauma,92,2-6h,25,0.6798,13.6,8,400000,100000,300000,83.4
PV03891,70,J18,Pulmonology,78,>3d,5,0.9132,18.26,4,75000,75000,0,58.46
PV03892,70,N39,Urology,50,>3d,5,0.6845,13.69,4,300000,200000,100000,42.69
PV03893,75,S72,Orthopedics,76,>3d,5,0.9388,18.78,2,100000,100000,0,56.18
PV03894,67,A41,Critical Care,98,6-24h,20,0.827,16.54,4,500000,0,500000,79.74
PV03895,80,C18,Oncology,72,2-6h,25,0.8168,16.34,2,200000,50000,150000,72.14
PV03896,66,N39,Urology,50,1-3d,10,0.8497,16.99,4,200000,0,200000,50.99
PV03897,84,O00,Obstetrics,96,6-24h,20,0.7399,14.8,2,750000,150000,600000,75.2
PV03898,66,I21,Cardiology,95,6-24h,20,0.8338,16.68,4,200000,0,200000,78.68
PV03899,74,I74,Vascular Surgery,92,6-24h,20,0.7007,14.01,4,100000,100000,0,74.81
PV03900,78,N39,Urology,50,1-3d,10,0.9549,19.1,2,300000,0,300000,51.1
PV03901,84,O00,Obstetrics,96,6-24h,20,0.7173,14.35,2,750000,0,750000,74.75
PV03902,58,K92,Gastroenterology,88,1-3d,10,0.8639,17.28,6,50000,50000,0,68.48
PV03903,66,O00,Obstetrics,96,1-3d,10,0.7165,14.33,4,100000,10000,90000,66.73
PV03904,83,I21,Cardiology,95,6-24h,20,0.7667,15.33,2,300000,50000,250000,75.33
PV03905,43,I20,Cardiology,80,<2h,30,0.7826,15.65,8,100000,75000,25000,85.65
PV03906,26,K80,General Surgery,65,>3d,5,0.99,19.8,10,500000,100000,400000,60.8
PV03907,78,N20,Urology,55,6-24h,20,0.8186,16.37,2,50000,50000,0,60.37
PV03908,60,C22,Oncology,73,6-24h,20,0.7378,14.76,4,100000,50000,50000,67.96
PV03909,47,K56,General Surgery,85,6-24h,20,0.7755,15.51,6,300000,75000,225000,75.51
PV03910,66,N39,Urology,50,6-24h,20,0.6695,13.39,4,750000,200000,550000,57.39
PV03911,20,A41,Critical Care,98,1-3d,10,0.8037,16.07,10,150000,0,150000,75.27
PV03912,50,C22,Oncology,73,<2h,30,0.99,19.8,6,100000,50000,50000,85.0
PV03913,36,K56,General Surgery,85,>3d,5,0.8536,17.07,8,1000000,25000,975000,64.07
PV03914,37,N17,Nephrology,82,2-6h,25,0.9103,18.21,8,300000,200000,100000,84.01
PV03915,83,S32,Orthopedics,82,>3d,5,0.729,14.58,2,100000,75000,25000,54.38
PV03916,55,I61,Neurosurgery,98,1-3d,10,0.7997,15.99,6,750000,100000,650000,71.19
PV03917,27,I61,Neurosurgery,98,<2h,30,0.8404,16.81,10,50000,10000,40000,96.01
PV03918,42,G93,Neurology,80,1-3d,10,0.7475,14.95,8,500000,200000,300000,64.95
PV03919,34,I60,Neurosurgery,98,6-24h,20,0.86,17.2,8,1000000,0,1000000,84.4
PV03920,79,C18,Oncology,72,>3d,5,0.8815,17.63,2,300000,50000,250000,53.43
PV03921,37,K92,Gastroenterology,88,1-3d,10,0.8743,17.49,8,1000000,100000,900000,70.69
PV03922,42,C18,Oncology,72,6-24h,20,0.8049,16.1,8,400000,200000,200000,72.9
PV03923,40,O72,Obstetrics,95,6-24h,20,0.9291,18.58,8,300000,25000,275000,84.58
PV03924,29,S27,Trauma,88,>3d,5,0.7942,15.88,10,75000,25000,50000,66.08
PV03925,71,C34,Oncology,74,1-3d,10,0.7851,15.7,4,75000,0,75000,59.3
PV03926,57,J18,Pulmonology,78,6-24h,20,0.9642,19.28,6,400000,100000,300000,76.48
PV03927,47,O00,Obstetrics,96,6-24h,20,0.7093,14.19,6,400000,10000,390000,78.59
PV03928,44,K35,General Surgery,70,6-24h,20,0.6497,12.99,8,400000,75000,325000,68.99
PV03929,63,C34,Oncology,74,1-3d,10,0.7332,14.66,4,100000,0,100000,58.26
PV03930,24,K80,General Surgery,65,1-3d,10,0.8587,17.17,10,50000,50000,0,63.17
PV03931,81,N20,Urology,55,1-3d,10,0.9484,18.97,2,50000,50000,0,52.97
PV03932,56,I61,Neurosurgery,98,1-3d,10,0.7539,15.08,6,75000,75000,0,70.28
PV03933,33,N20,Urology,55,1-3d,10,0.99,19.8,8,100000,25000,75000,59.8
PV03934,54,N20,Urology,55,6-24h,20,0.8227,16.45,6,1000000,10000,990000,64.45
PV03935,75,K56,General Surgery,85,1-3d,10,0.8084,16.17,2,500000,150000,350000,62.17
PV03936,29,G93,Neurology,80,6-24h,20,0.735,14.7,10,75000,75000,0,76.7
PV03937,53,O00,Obstetrics,96,>3d,5,0.99,19.8,6,150000,25000,125000,69.2
PV03938,58,O72,Obstetrics,95,6-24h,20,0.805,16.1,6,750000,50000,700000,80.1
PV03939,73,N20,Urology,55,1-3d,10,0.6868,13.74,4,200000,0,200000,49.74
PV03940,56,O00,Obstetrics,96,>3d,5,0.99,19.8,6,100000,10000,90000,69.2
PV03941,68,N17,Nephrology,82,1-3d,10,0.8594,17.19,4,150000,25000,125000,63.99
PV03942,70,I74,Vascular Surgery,92,6-24h,20,0.8999,18.0,4,150000,100000,50000,78.8
PV03943,78,N39,Urology,50,1-3d,10,0.9882,19.76,2,300000,100000,200000,51.76
PV03944,42,C22,Oncology,73,2-6h,25,0.8814,17.63,8,300000,100000,200000,79.83
PV03945,65,S06,Neurosurgery,95,<2h,30,0.9175,18.35,4,300000,0,300000,90.35
PV03946,34,N20,Urology,55,1-3d,10,0.8254,16.51,8,400000,0,400000,56.51
PV03947,75,I21,Cardiology,95,1-3d,10,0.8934,17.87,2,100000,25000,75000,67.87
PV03948,82,S36,Trauma,90,<2h,30,0.8166,16.33,2,200000,25000,175000,84.33
PV03949,38,C22,Oncology,73,>3d,5,0.818,16.36,8,750000,75000,675000,58.56
PV03950,56,K56,General Surgery,85,6-24h,20,0.832,16.64,6,150000,75000,75000,76.64
PV03951,73,S36,Trauma,90,>3d,5,0.7803,15.61,4,1000000,10000,990000,60.61
PV03952,19,A41,Critical Care,98,1-3d,10,0.8704,17.41,10,200000,150000,50000,76.61
PV03953,65,N20,Urology,55,>3d,5,0.8702,17.4,4,150000,100000,50000,48.4
PV03954,73,S72,Orthopedics,76,1-3d,10,0.9019,18.04,4,500000,25000,475000,62.44
PV03955,77,J18,Pulmonology,78,>3d,5,0.884,17.68,2,150000,100000,50000,55.88
PV03956,31,K92,Gastroenterology,88,1-3d,10,0.99,19.8,8,150000,25000,125000,73.0
PV03957,69,O00,Obstetrics,96,6-24h,20,0.9253,18.51,4,150000,0,150000,80.91
PV03958,71,K80,General Surgery,65,6-24h,20,0.7993,15.99,4,300000,100000,200000,65.99
PV03959,18,I61,Neurosurgery,98,1-3d,10,0.8653,17.31,10,50000,0,50000,76.51
PV03960,65,A41,Critical Care,98,2-6h,25,0.9613,19.23,4,150000,10000,140000,87.43
PV03961,60,K92,Gastroenterology,88,>3d,5,0.725,14.5,4,500000,25000,475000,58.7
PV03962,83,G93,Neurology,80,2-6h,25,0.99,19.8,2,150000,150000,0,78.8
PV03963,20,C34,Oncology,74,>3d,5,0.7425,14.85,10,300000,75000,225000,59.45
PV03964,83,S36,Trauma,90,6-24h,20,0.91,18.2,2,100000,100000,0,76.2
PV03965,56,K56,General Surgery,85,1-3d,10,0.8207,16.41,6,1000000,200000,800000,66.41
PV03966,36,G93,Neurology,80,>3d,5,0.8149,16.3,8,100000,100000,0,61.3
PV03967,44,S32,Orthopedics,82,6-24h,20,0.6897,13.79,8,500000,75000,425000,74.59
PV03968,70,J96,Critical Care,98,1-3d,10,0.9108,18.22,4,500000,25000,475000,71.42
PV03969,85,J18,Pulmonology,78,6-24h,20,0.6912,13.82,2,200000,50000,150000,67.02
PV03970,39,C18,Oncology,72,1-3d,10,0.6757,13.51,8,1000000,10000,990000,60.31
PV03971,84,O72,Obstetrics,95,1-3d,10,0.936,18.72,2,1000000,75000,925000,68.72
PV03972,60,N39,Urology,50,6-24h,20,0.99,19.8,4,50000,50000,0,63.8
PV03973,31,S06,Neurosurgery,95,<2h,30,0.7533,15.07,8,300000,200000,100000,91.07
PV03974,58,J96,Critical Care,98,6-24h,20,0.9203,18.41,6,75000,10000,65000,83.61
PV03975,72,I61,Neurosurgery,98,2-6h,25,0.8997,17.99,4,1000000,150000,850000,86.19
PV03976,21,C50,Oncology,65,1-3d,10,0.8108,16.22,10,1000000,25000,975000,62.22
PV03977,23,C34,Oncology,74,6-24h,20,0.9536,19.07,10,200000,0,200000,78.67
PV03978,18,C22,Oncology,73,>3d,5,0.8036,16.07,10,150000,50000,100000,60.27
PV03979,56,N17,Nephrology,82,>3d,5,0.8718,17.44,6,750000,200000,550000,61.24
PV03980,21,K35,General Surgery,70,>3d,5,0.6946,13.89,10,150000,50000,100000,56.89
PV03981,81,S72,Orthopedics,76,1-3d,10,0.6989,13.98,2,500000,10000,490000,56.38
PV03982,26,I61,Neurosurgery,98,6-24h,20,0.9369,18.74,10,400000,25000,375000,87.94
PV03983,22,C50,Oncology,65,1-3d,10,0.8751,17.5,10,100000,100000,0,63.5
PV03984,35,C50,Oncology,65,1-3d,10,0.8058,16.12,8,150000,25000,125000,60.12
PV03985,69,G93,Neurology,80,>3d,5,0.99,19.8,4,1000000,10000,990000,60.8
PV03986,79,K85,General Surgery,82,6-24h,20,0.99,19.8,2,200000,10000,190000,74.6
PV03987,35,I74,Vascular Surgery,92,<2h,30,0.8639,17.28,8,200000,0,200000,92.08
PV03988,53,I61,Neurosurgery,98,>3d,5,0.6744,13.49,6,1000000,100000,900000,63.69
PV03989,70,S27,Trauma,88,1-3d,10,0.8088,16.18,4,300000,25000,275000,65.38
PV03990,72,O72,Obstetrics,95,6-24h,20,0.7367,14.73,4,300000,25000,275000,76.73
PV03991,28,K80,General Surgery,65,1-3d,10,0.829,16.58,10,150000,25000,125000,62.58
PV03992,75,K80,General Surgery,65,<2h,30,0.7264,14.53,2,400000,100000,300000,72.53
PV03993,76,K35,General Surgery,70,1-3d,10,0.7004,14.01,2,50000,50000,0,54.01
PV03994,67,I71,Cardiovascular Surgery,99,6-24h,20,0.5937,11.87,4,100000,100000,0,75.47
PV03995,53,O00,Obstetrics,96,6-24h,20,0.8367,16.73,6,750000,75000,675000,81.13
PV03996,44,K85,General Surgery,82,6-24h,20,0.5901,11.8,8,100000,100000,0,72.6
PV03997,78,I21,Cardiology,95,6-24h,20,0.788,15.76,2,1000000,10000,990000,75.76
PV03998,76,G93,Neurology,80,6-24h,20,0.8894,17.79,2,750000,200000,550000,71.79
PV03999,53,N20,Urology,55,6-24h,20,0.7478,14.96,6,150000,75000,75000,62.96
PV04000,68,O00,Obstetrics,96,6-24h,20,0.7115,14.23,4,1000000,200000,800000,76.63
PV04001,45,I74,Vascular Surgery,92,1-3d,10,0.8132,16.26,6,500000,25000,475000,69.06
PV04002,68,G93,Neurology,80,1-3d,10,0.7371,14.74,4,750000,10000,740000,60.74
PV04003,24,I60,Neurosurgery,98,1-3d,10,0.8386,16.77,10,200000,100000,100000,75.97
PV04004,79,S72,Orthopedics,76,6-24h,20,0.7167,14.33,2,75000,25000,50000,66.73
PV04005,53,T79,Trauma,92,<2h,30,0.8096,16.19,6,300000,10000,290000,88.99
PV04006,58,K92,Gastroenterology,88,1-3d,10,0.7854,15.71,6,750000,150000,600000,66.91
PV04007,30,J96,Critical Care,98,>3d,5,0.8188,16.38,8,50000,50000,0,68.58
PV04008,53,C34,Oncology,74,>3d,5,0.9835,19.67,6,50000,50000,0,60.27
PV04009,18,K56,General Surgery,85,>3d,5,0.84,16.8,10,750000,10000,740000,65.8
PV04010,78,S06,Neurosurgery,95,1-3d,10,0.8704,17.41,2,300000,0,300000,67.41
PV04011,68,K85,General Surgery,82,>3d,5,0.7575,15.15,4,300000,50000,250000,56.95
PV04012,48,I20,Cardiology,80,6-24h,20,0.8423,16.85,6,400000,200000,200000,74.85
PV04013,74,C50,Oncology,65,1-3d,10,0.7925,15.85,4,400000,75000,325000,55.85
PV04014,73,O72,Obstetrics,95,>3d,5,0.823,16.46,4,200000,150000,50000,63.46
PV04015,26,I71,Cardiovascular Surgery,99,1-3d,10,0.8849,17.7,10,400000,150000,250000,77.3
PV04016,21,K35,General Surgery,70,6-24h,20,0.77,15.4,10,200000,200000,0,73.4
PV04017,35,I71,Cardiovascular Surgery,99,6-24h,20,0.7802,15.6,8,100000,50000,50000,83.2
PV04018,18,K35,General Surgery,70,6-24h,20,0.7714,15.43,10,500000,10000,490000,73.43
PV04019,56,K56,General Surgery,85,6-24h,20,0.7694,15.39,6,150000,150000,0,75.39
PV04020,53,C50,Oncology,65,1-3d,10,0.8373,16.75,6,750000,75000,675000,58.75
PV04021,54,S06,Neurosurgery,95,1-3d,10,0.7836,15.67,6,150000,25000,125000,69.67
PV04022,23,I60,Neurosurgery,98,6-24h,20,0.9698,19.4,10,75000,50000,25000,88.6
PV04023,80,N17,Nephrology,82,1-3d,10,0.99,19.8,2,750000,150000,600000,64.6
PV04024,84,I71,Cardiovascular Surgery,99,6-24h,20,0.7632,15.26,2,75000,25000,50000,76.86
PV04025,58,S72,Orthopedics,76,1-3d,10,0.8494,16.99,6,1000000,150000,850000,63.39
PV04026,18,K35,General Surgery,70,6-24h,20,0.9238,18.48,10,400000,10000,390000,76.48
PV04027,44,A41,Critical Care,98,1-3d,10,0.7934,15.87,8,200000,25000,175000,73.07
PV04028,66,S72,Orthopedics,76,1-3d,10,0.7206,14.41,4,100000,10000,90000,58.81
PV04029,68,C50,Oncology,65,1-3d,10,0.99,19.8,4,100000,100000,0,59.8
PV04030,34,S27,Trauma,88,1-3d,10,0.8886,17.77,8,75000,75000,0,70.97
PV04031,73,N17,Nephrology,82,6-24h,20,0.8519,17.04,4,750000,10000,740000,73.84
PV04032,83,O00,Obstetrics,96,1-3d,10,0.9651,19.3,2,100000,75000,25000,69.7
PV04033,52,I71,Cardiovascular Surgery,99,6-24h,20,0.897,17.94,6,50000,50000,0,83.54
PV04034,43,I71,Cardiovascular Surgery,99,6-24h,20,0.8152,16.3,8,75000,75000,0,83.9
PV04035,53,S27,Trauma,88,1-3d,10,0.7223,14.45,6,400000,100000,300000,65.65
PV04036,19,I21,Cardiology,95,1-3d,10,0.7707,15.41,10,200000,25000,175000,73.41
PV04037,53,C50,Oncology,65,>3d,5,0.9405,18.81,6,150000,0,150000,55.81
PV04038,19,C18,Oncology,72,6-24h,20,0.8882,17.76,10,1000000,200000,800000,76.56
PV04039,20,I74,Vascular Surgery,92,1-3d,10,0.8013,16.03,10,150000,150000,0,72.83
PV04040,55,S36,Trauma,90,6-24h,20,0.99,19.8,6,750000,200000,550000,81.8
PV04041,52,I74,Vascular Surgery,92,1-3d,10,0.8043,16.09,6,75000,0,75000,68.89
PV04042,85,C34,Oncology,74,1-3d,10,0.9188,18.38,2,300000,100000,200000,59.98
PV04043,52,K80,General Surgery,65,1-3d,10,0.842,16.84,6,75000,25000,50000,58.84
PV04044,84,S06,Neurosurgery,95,>3d,5,0.99,19.8,2,50000,25000,25000,64.8
PV04045,72,S27,Trauma,88,1-3d,10,0.8953,17.91,4,400000,50000,350000,67.11
PV04046,40,I21,Cardiology,95,6-24h,20,0.8246,16.49,8,400000,10000,390000,82.49
PV04047,80,S72,Orthopedics,76,>3d,5,0.8021,16.04,2,300000,75000,225000,53.44
PV04048,50,J96,Critical Care,98,>3d,5,0.8185,16.37,6,200000,75000,125000,66.57
PV04049,58,K85,General Surgery,82,6-24h,20,0.7475,14.95,6,100000,100000,0,73.75
PV04050,24,S72,Orthopedics,76,<2h,30,0.6833,13.67,10,500000,150000,350000,84.07
PV04051,32,I74,Vascular Surgery,92,6-24h,20,0.8509,17.02,8,75000,75000,0,81.82
PV04052,53,S36,Trauma,90,1-3d,10,0.7666,15.33,6,200000,200000,0,67.33
PV04053,36,K80,General Surgery,65,>3d,5,0.7664,15.33,8,1000000,50000,950000,54.33
PV04054,58,T79,Trauma,92,1-3d,10,0.8111,16.22,6,400000,0,400000,69.02
PV04055,23,I21,Cardiology,95,6-24h,20,0.8252,16.5,10,750000,200000,550000,84.5
PV04056,35,S36,Trauma,90,<2h,30,0.8207,16.41,8,100000,25000,75000,90.41
PV04057,63,G93,Neurology,80,6-24h,20,0.99,19.8,4,50000,50000,0,75.8
PV04058,59,O00,Obstetrics,96,6-24h,20,0.8862,17.72,6,750000,50000,700000,82.12
PV04059,84,A41,Critical Care,98,2-6h,25,0.99,19.8,2,300000,200000,100000,86.0
PV04060,79,J18,Pulmonology,78,2-6h,25,0.7761,15.52,2,500000,25000,475000,73.72
PV04061,73,K35,General Surgery,70,2-6h,25,0.8984,17.97,4,750000,100000,650000,74.97
PV04062,18,I21,Cardiology,95,2-6h,25,0.7817,15.63,10,150000,100000,50000,88.63
PV04063,58,C18,Oncology,72,1-3d,10,0.7639,15.28,6,75000,75000,0,60.08
PV04064,33,O00,Obstetrics,96,6-24h,20,0.99,19.8,8,1000000,75000,925000,86.2
PV04065,36,K80,General Surgery,65,6-24h,20,0.7432,14.86,8,150000,0,150000,68.86
PV04066,32,K85,General Surgery,82,1-3d,10,0.5968,11.94,8,75000,75000,0,62.74
PV04067,49,G93,Neurology,80,>3d,5,0.7492,14.98,6,300000,25000,275000,57.98
PV04068,26,S27,Trauma,88,1-3d,10,0.6192,12.38,10,50000,10000,40000,67.58
PV04069,54,K80,General Surgery,65,1-3d,10,0.7249,14.5,6,50000,10000,40000,56.5
PV04070,29,S06,Neurosurgery,95,1-3d,10,0.7341,14.68,10,500000,50000,450000,72.68
PV04071,52,I61,Neurosurgery,98,1-3d,10,0.8235,16.47,6,50000,50000,0,71.67
PV04072,60,S32,Orthopedics,82,1-3d,10,0.615,12.3,4,400000,75000,325000,59.1
PV04073,30,G93,Neurology,80,6-24h,20,0.9396,18.79,8,200000,150000,50000,78.79
PV04074,24,K92,Gastroenterology,88,1-3d,10,0.6324,12.65,10,75000,75000,0,67.85
PV04075,72,I74,Vascular Surgery,92,6-24h,20,0.8072,16.14,4,1000000,25000,975000,76.94
PV04076,68,I21,Cardiology,95,6-24h,20,0.7876,15.75,4,75000,75000,0,77.75
PV04077,35,C22,Oncology,73,6-24h,20,0.9025,18.05,8,400000,100000,300000,75.25
PV04078,78,C18,Oncology,72,6-24h,20,0.8552,17.1,2,75000,75000,0,67.9
PV04079,33,J96,Critical Care,98,6-24h,20,0.9387,18.77,8,300000,0,300000,85.97
PV04080,81,K80,General Surgery,65,1-3d,10,0.7839,15.68,2,75000,75000,0,53.68
PV04081,25,N39,Urology,50,6-24h,20,0.7735,15.47,10,750000,100000,650000,65.47
PV04082,62,I71,Cardiovascular Surgery,99,2-6h,25,0.8613,17.23,4,200000,10000,190000,85.83
PV04083,19,S32,Orthopedics,82,6-24h,20,0.9229,18.46,10,50000,50000,0,81.26
PV04084,31,S32,Orthopedics,82,6-24h,20,0.9025,18.05,8,50000,50000,0,78.85
PV04085,45,O00,Obstetrics,96,1-3d,10,0.8522,17.04,6,300000,10000,290000,71.44
PV04086,23,C18,Oncology,72,6-24h,20,0.8433,16.87,10,300000,200000,100000,75.67
PV04087,49,I71,Cardiovascular Surgery,99,<2h,30,0.8164,16.33,6,150000,150000,0,91.93
PV04088,33,N39,Urology,50,2-6h,25,0.861,17.22,8,400000,25000,375000,70.22
PV04089,24,C22,Oncology,73,6-24h,20,0.99,19.8,10,500000,10000,490000,79.0
PV04090,83,C22,Oncology,73,2-6h,25,0.7957,15.91,2,500000,10000,490000,72.11
PV04091,84,K80,General Surgery,65,6-24h,20,0.7836,15.67,2,500000,0,500000,63.67
PV04092,83,I60,Neurosurgery,98,1-3d,10,0.7759,15.52,2,1000000,0,1000000,66.72
PV04093,28,K85,General Surgery,82,>3d,5,0.8589,17.18,10,100000,25000,75000,64.98
PV04094,43,S72,Orthopedics,76,1-3d,10,0.6078,12.16,8,50000,50000,0,60.56
PV04095,40,K92,Gastroenterology,88,<2h,30,0.8065,16.13,8,75000,75000,0,89.33
PV04096,40,N17,Nephrology,82,6-24h,20,0.9081,18.16,8,50000,50000,0,78.96
PV04097,46,N17,Nephrology,82,1-3d,10,0.7674,15.35,6,100000,100000,0,64.15
PV04098,52,K35,General Surgery,70,6-24h,20,0.8387,16.77,6,75000,10000,65000,70.77
PV04099,50,S32,Orthopedics,82,>3d,5,0.99,19.8,6,1000000,200000,800000,63.6
PV04100,37,K85,General Surgery,82,1-3d,10,0.8532,17.06,8,150000,10000,140000,67.86
PV04101,84,I61,Neurosurgery,98,2-6h,25,0.5961,11.92,2,100000,25000,75000,78.12
PV04102,84,C22,Oncology,73,6-24h,20,0.679,13.58,2,300000,100000,200000,64.78
PV04103,40,K56,General Surgery,85,>3d,5,0.7949,15.9,8,200000,10000,190000,62.9
PV04104,33,I21,Cardiology,95,>3d,5,0.7396,14.79,8,50000,50000,0,65.79
PV04105,54,I61,Neurosurgery,98,>3d,5,0.8303,16.61,6,1000000,200000,800000,66.81
PV04106,43,S72,Orthopedics,76,6-24h,20,0.7905,15.81,8,400000,10000,390000,74.21
PV04107,85,S06,Neurosurgery,95,1-3d,10,0.9366,18.73,2,750000,75000,675000,68.73
PV04108,47,G93,Neurology,80,6-24h,20,0.7109,14.22,6,1000000,75000,925000,72.22
PV04109,20,O00,Obstetrics,96,6-24h,20,0.7993,15.99,10,750000,0,750000,84.39
PV04110,26,I74,Vascular Surgery,92,1-3d,10,0.8417,16.83,10,100000,0,100000,73.63
PV04111,23,I21,Cardiology,95,>3d,5,0.8541,17.08,10,500000,10000,490000,70.08
PV04112,44,O72,Obstetrics,95,6-24h,20,0.8347,16.69,8,50000,0,50000,82.69
PV04113,39,K35,General Surgery,70,6-24h,20,0.5789,11.58,8,150000,75000,75000,67.58
PV04114,76,C22,Oncology,73,6-24h,20,0.8283,16.57,2,500000,25000,475000,67.77
PV04115,78,I71,Cardiovascular Surgery,99,6-24h,20,0.8049,16.1,2,400000,75000,325000,77.7
PV04116,27,O72,Obstetrics,95,<2h,30,0.9064,18.13,10,500000,25000,475000,96.13
PV04117,82,I21,Cardiology,95,>3d,5,0.8923,17.85,2,500000,25000,475000,62.85
PV04118,57,S06,Neurosurgery,95,<2h,30,0.8441,16.88,6,50000,0,50000,90.88
PV04119,38,A41,Critical Care,98,1-3d,10,0.8513,17.03,8,300000,150000,150000,74.23
PV04120,45,I60,Neurosurgery,98,6-24h,20,0.9552,19.1,6,400000,0,400000,84.3
PV04121,48,N20,Urology,55,6-24h,20,0.935,18.7,6,75000,75000,0,66.7
PV04122,29,K92,Gastroenterology,88,6-24h,20,0.8475,16.95,10,100000,10000,90000,82.15
PV04123,76,C22,Oncology,73,6-24h,20,0.99,19.8,2,200000,200000,0,71.0
PV04124,18,J96,Critical Care,98,1-3d,10,0.7572,15.14,10,400000,100000,300000,74.34
PV04125,22,S32,Orthopedics,82,1-3d,10,0.7015,14.03,10,750000,150000,600000,66.83
PV04126,36,O00,Obstetrics,96,>3d,5,0.8189,16.38,8,500000,150000,350000,67.78
PV04127,27,I60,Neurosurgery,98,6-24h,20,0.7826,15.65,10,1000000,50000,950000,84.85
PV04128,22,I61,Neurosurgery,98,1-3d,10,0.5735,11.47,10,100000,10000,90000,70.67
PV04129,44,N17,Nephrology,82,>3d,5,0.7548,15.1,8,150000,100000,50000,60.9
PV04130,43,S27,Trauma,88,6-24h,20,0.8544,17.09,8,100000,100000,0,80.29
PV04131,26,I21,Cardiology,95,>3d,5,0.8142,16.28,10,750000,150000,600000,69.28
PV04132,73,N39,Urology,50,>3d,5,0.7424,14.85,4,400000,10000,390000,43.85
PV04133,78,N20,Urology,55,1-3d,10,0.8242,16.48,2,300000,150000,150000,50.48
PV04134,66,O00,Obstetrics,96,1-3d,10,0.8323,16.65,4,300000,200000,100000,69.05
PV04135,53,C22,Oncology,73,1-3d,10,0.8915,17.83,6,150000,100000,50000,63.03
PV04136,82,C22,Oncology,73,6-24h,20,0.7558,15.12,2,750000,25000,725000,66.32
PV04137,41,C22,Oncology,73,1-3d,10,0.9074,18.15,8,400000,10000,390000,65.35
PV04138,47,J96,Critical Care,98,>3d,5,0.7109,14.22,6,300000,10000,290000,64.42
PV04139,19,I20,Cardiology,80,6-24h,20,0.7697,15.39,10,500000,150000,350000,77.39
PV04140,66,O00,Obstetrics,96,1-3d,10,0.9899,19.8,4,500000,50000,450000,72.2
PV04141,24,N20,Urology,55,6-24h,20,0.7176,14.35,10,150000,25000,125000,66.35
PV04142,63,G93,Neurology,80,2-6h,25,0.7541,15.08,4,500000,10000,490000,76.08
PV04143,71,K35,General Surgery,70,1-3d,10,0.6947,13.89,4,500000,50000,450000,55.89
PV04144,32,S72,Orthopedics,76,1-3d,10,0.7373,14.75,8,400000,10000,390000,63.15
PV04145,59,S06,Neurosurgery,95,1-3d,10,0.8338,16.68,6,75000,75000,0,70.68
PV04146,38,I71,Cardiovascular Surgery,99,1-3d,10,0.8907,17.81,8,75000,25000,50000,75.41
PV04147,45,S27,Trauma,88,6-24h,20,0.8181,16.36,6,50000,50000,0,77.56
PV04148,54,G93,Neurology,80,>3d,5,0.7875,15.75,6,100000,100000,0,58.75
PV04149,34,G93,Neurology,80,1-3d,10,0.6957,13.91,8,75000,75000,0,63.91
PV04150,72,S36,Trauma,90,1-3d,10,0.7473,14.95,4,300000,0,300000,64.95
PV04151,44,I74,Vascular Surgery,92,6-24h,20,0.6654,13.31,8,1000000,0,1000000,78.11
PV04152,49,O00,Obstetrics,96,6-24h,20,0.8937,17.87,6,50000,25000,25000,82.27
PV04153,73,N39,Urology,50,>3d,5,0.9006,18.01,4,100000,100000,0,47.01
PV04154,33,C22,Oncology,73,<2h,30,0.816,16.32,8,50000,50000,0,83.52
PV04155,48,A41,Critical Care,98,6-24h,20,0.8641,17.28,6,50000,50000,0,82.48
PV04156,85,K56,General Surgery,85,1-3d,10,0.9076,18.15,2,50000,25000,25000,64.15
PV04157,45,N20,Urology,55,1-3d,10,0.8301,16.6,6,400000,150000,250000,54.6
PV04158,25,I74,Vascular Surgery,92,>3d,5,0.9594,19.19,10,1000000,10000,990000,70.99
PV04159,37,K56,General Surgery,85,1-3d,10,0.7176,14.35,8,500000,10000,490000,66.35
PV04160,83,I21,Cardiology,95,>3d,5,0.7851,15.7,2,400000,75000,325000,60.7
PV04161,69,S27,Trauma,88,6-24h,20,0.7732,15.46,4,75000,0,75000,74.66
PV04162,73,S36,Trauma,90,1-3d,10,0.8847,17.69,4,750000,0,750000,67.69
PV04163,35,N17,Nephrology,82,1-3d,10,0.6766,13.53,8,300000,200000,100000,64.33
PV04164,75,A41,Critical Care,98,1-3d,10,0.9648,19.3,2,1000000,150000,850000,70.5
PV04165,44,N20,Urology,55,2-6h,25,0.8762,17.52,8,150000,100000,50000,72.52
PV04166,72,C50,Oncology,65,6-24h,20,0.99,19.8,4,500000,10000,490000,69.8
PV04167,77,S72,Orthopedics,76,1-3d,10,0.8159,16.32,2,200000,0,200000,58.72
PV04168,32,K56,General Surgery,85,1-3d,10,0.765,15.3,8,300000,10000,290000,67.3
PV04169,81,O00,Obstetrics,96,1-3d,10,0.8857,17.71,2,75000,50000,25000,68.11
PV04170,61,C50,Oncology,65,1-3d,10,0.9231,18.46,4,200000,150000,50000,58.46
PV04171,67,S36,Trauma,90,1-3d,10,0.7486,14.97,4,75000,75000,0,64.97
PV04172,69,J96,Critical Care,98,6-24h,20,0.6202,12.4,4,500000,150000,350000,75.6
PV04173,29,O00,Obstetrics,96,1-3d,10,0.6374,12.75,10,500000,200000,300000,71.15
PV04174,68,K85,General Surgery,82,1-3d,10,0.8461,16.92,4,750000,100000,650000,63.72
PV04175,32,S27,Trauma,88,6-24h,20,0.974,19.48,8,200000,0,200000,82.68
PV04176,36,K85,General Surgery,82,6-24h,20,0.6899,13.8,8,750000,10000,740000,74.6
PV04177,25,I74,Vascular Surgery,92,1-3d,10,0.7928,15.86,10,750000,25000,725000,72.66
PV04178,30,N20,Urology,55,1-3d,10,0.7852,15.7,8,200000,75000,125000,55.7
PV04179,84,S72,Orthopedics,76,6-24h,20,0.99,19.8,2,1000000,150000,850000,72.2
PV04180,40,S72,Orthopedics,76,2-6h,25,0.99,19.8,8,500000,200000,300000,83.2
PV04181,44,C34,Oncology,74,6-24h,20,0.8624,17.25,8,100000,100000,0,74.85
PV04182,50,K85,General Surgery,82,1-3d,10,0.9098,18.2,6,200000,50000,150000,67.0
PV04183,66,S06,Neurosurgery,95,1-3d,10,0.907,18.14,4,75000,75000,0,70.14
PV04184,57,G93,Neurology,80,6-24h,20,0.692,13.84,6,150000,150000,0,71.84
PV04185,54,I60,Neurosurgery,98,>3d,5,0.8899,17.8,6,150000,10000,140000,68.0
PV04186,74,J18,Pulmonology,78,2-6h,25,0.718,14.36,4,100000,100000,0,74.56
PV04187,51,J96,Critical Care,98,6-24h,20,0.8028,16.06,6,150000,50000,100000,81.26
PV04188,70,A41,Critical Care,98,6-24h,20,0.934,18.68,4,50000,50000,0,81.88
PV04189,79,I60,Neurosurgery,98,1-3d,10,0.8281,16.56,2,200000,150000,50000,67.76
PV04190,63,N39,Urology,50,1-3d,10,0.9302,18.6,4,100000,10000,90000,52.6
PV04191,20,S27,Trauma,88,<2h,30,0.9499,19.0,10,100000,75000,25000,94.2
PV04192,35,K85,General Surgery,82,1-3d,10,0.6443,12.89,8,500000,200000,300000,63.69
PV04193,60,K80,General Surgery,65,1-3d,10,0.6022,12.04,4,750000,100000,650000,52.04
PV04194,50,I60,Neurosurgery,98,>3d,5,0.9362,18.72,6,75000,75000,0,68.92
PV04195,37,N17,Nephrology,82,>3d,5,0.9402,18.8,8,300000,100000,200000,64.6
PV04196,40,O72,Obstetrics,95,1-3d,10,0.8457,16.91,8,1000000,150000,850000,72.91
PV04197,23,N17,Nephrology,82,2-6h,25,0.8592,17.18,10,400000,150000,250000,84.98
PV04198,33,S06,Neurosurgery,95,6-24h,20,0.9093,18.19,8,50000,50000,0,84.19
PV04199,71,K92,Gastroenterology,88,>3d,5,0.9074,18.15,4,500000,10000,490000,62.35
PV04200,18,J96,Critical Care,98,1-3d,10,0.7896,15.79,10,50000,50000,0,74.99
PV04201,74,C50,Oncology,65,1-3d,10,0.9156,18.31,4,400000,50000,350000,58.31
PV04202,41,K80,General Surgery,65,>3d,5,0.7854,15.71,8,200000,75000,125000,54.71
PV04203,72,K85,General Surgery,82,>3d,5,0.8444,16.89,4,300000,100000,200000,58.69
PV04204,35,S06,Neurosurgery,95,1-3d,10,0.84,16.8,8,100000,100000,0,72.8
PV04205,74,I71,Cardiovascular Surgery,99,>3d,5,0.7341,14.68,4,750000,10000,740000,63.28
PV04206,56,T79,Trauma,92,2-6h,25,0.7457,14.91,6,75000,75000,0,82.71
PV04207,75,N39,Urology,50,1-3d,10,0.99,19.8,2,1000000,100000,900000,51.8
PV04208,22,K92,Gastroenterology,88,>3d,5,0.7308,14.62,10,50000,50000,0,64.82
PV04209,72,A41,Critical Care,98,<2h,30,0.857,17.14,4,150000,75000,75000,90.34
PV04210,36,C18,Oncology,72,6-24h,20,0.878,17.56,8,300000,75000,225000,74.36
PV04211,42,K35,General Surgery,70,1-3d,10,0.8146,16.29,8,300000,25000,275000,62.29
PV04212,21,N20,Urology,55,1-3d,10,0.8871,17.74,10,100000,75000,25000,59.74
PV04213,82,S27,Trauma,88,2-6h,25,0.8529,17.06,2,100000,25000,75000,79.26
PV04214,61,N20,Urology,55,6-24h,20,0.733,14.66,4,300000,200000,100000,60.66
PV04215,84,C50,Oncology,65,6-24h,20,0.8737,17.47,2,50000,0,50000,65.47
PV04216,56,C22,Oncology,73,6-24h,20,0.7655,15.31,6,75000,0,75000,70.51
PV04217,28,O72,Obstetrics,95,>3d,5,0.99,19.8,10,150000,100000,50000,72.8
PV04218,40,K85,General Surgery,82,1-3d,10,0.8629,17.26,8,50000,50000,0,68.06
PV04219,47,O00,Obstetrics,96,1-3d,10,0.75,15.0,6,50000,50000,0,69.4
PV04220,28,K35,General Surgery,70,<2h,30,0.8542,17.08,10,50000,50000,0,85.08
PV04221,81,S06,Neurosurgery,95,6-24h,20,0.7275,14.55,2,750000,0,750000,74.55
PV04222,83,O00,Obstetrics,96,6-24h,20,0.8458,16.92,2,75000,75000,0,77.32
PV04223,56,T79,Trauma,92,>3d,5,0.7974,15.95,6,75000,75000,0,63.75
PV04224,57,O00,Obstetrics,96,>3d,5,0.7373,14.75,6,500000,10000,490000,64.15
PV04225,65,S32,Orthopedics,82,6-24h,20,0.7361,14.72,4,200000,0,200000,71.52
PV04226,64,K56,General Surgery,85,>3d,5,0.99,19.8,4,200000,75000,125000,62.8
PV04227,22,S72,Orthopedics,76,<2h,30,0.8291,16.58,10,400000,25000,375000,86.98
PV04228,54,C18,Oncology,72,6-24h,20,0.7768,15.54,6,400000,10000,390000,70.34
PV04229,70,K85,General Surgery,82,1-3d,10,0.7595,15.19,4,200000,0,200000,61.99
PV04230,72,I21,Cardiology,95,6-24h,20,0.8671,17.34,4,750000,100000,650000,79.34
PV04231,58,I61,Neurosurgery,98,>3d,5,0.7562,15.12,6,100000,25000,75000,65.32
PV04232,78,N39,Urology,50,2-6h,25,0.7105,14.21,2,100000,100000,0,61.21
PV04233,57,C18,Oncology,72,1-3d,10,0.8168,16.34,6,300000,25000,275000,61.14
PV04234,44,J96,Critical Care,98,2-6h,25,0.816,16.32,8,750000,75000,675000,88.52
PV04235,48,J96,Critical Care,98,2-6h,25,0.7783,15.57,6,750000,25000,725000,85.77
PV04236,64,I60,Neurosurgery,98,6-24h,20,0.7309,14.62,4,500000,75000,425000,77.82
PV04237,78,K92,Gastroenterology,88,>3d,5,0.7809,15.62,2,50000,50000,0,57.82
PV04238,33,S06,Neurosurgery,95,1-3d,10,0.773,15.46,8,500000,25000,475000,71.46
PV04239,37,K80,General Surgery,65,1-3d,10,0.7592,15.18,8,75000,75000,0,59.18
PV04240,62,J96,Critical Care,98,<2h,30,0.8477,16.95,4,750000,100000,650000,90.15
PV04241,69,K85,General Surgery,82,<2h,30,0.99,19.8,4,75000,10000,65000,86.6
PV04242,45,I71,Cardiovascular Surgery,99,<2h,30,0.9532,19.06,6,75000,75000,0,94.66
PV04243,61,T79,Trauma,92,1-3d,10,0.99,19.8,4,300000,50000,250000,70.6
PV04244,18,I21,Cardiology,95,6-24h,20,0.7632,15.26,10,300000,100000,200000,83.26
PV04245,37,K85,General Surgery,82,6-24h,20,0.9875,19.75,8,150000,25000,125000,80.55
PV04246,82,I71,Cardiovascular Surgery,99,1-3d,10,0.8427,16.85,2,200000,0,200000,68.45
PV04247,57,I71,Cardiovascular Surgery,99,1-3d,10,0.9186,18.37,6,500000,75000,425000,73.97
PV04248,77,K56,General Surgery,85,6-24h,20,0.8658,17.32,2,400000,75000,325000,73.32
PV04249,32,N39,Urology,50,<2h,30,0.7857,15.71,8,500000,100000,400000,73.71
PV04250,37,S36,Trauma,90,6-24h,20,0.8919,17.84,8,100000,100000,0,81.84
PV04251,84,S27,Trauma,88,1-3d,10,0.8685,17.37,2,300000,100000,200000,64.57
PV04252,85,S36,Trauma,90,6-24h,20,0.6432,12.86,2,75000,75000,0,70.86
PV04253,77,C22,Oncology,73,1-3d,10,0.8076,16.15,2,100000,0,100000,57.35
PV04254,39,K85,General Surgery,82,<2h,30,0.9072,18.14,8,1000000,75000,925000,88.94
PV04255,72,K85,General Surgery,82,>3d,5,0.8477,16.95,4,50000,50000,0,58.75
PV04256,49,I74,Vascular Surgery,92,>3d,5,0.8669,17.34,6,200000,200000,0,65.14
PV04257,75,I74,Vascular Surgery,92,<2h,30,0.7449,14.9,2,200000,0,200000,83.7
PV04258,75,I61,Neurosurgery,98,6-24h,20,0.8456,16.91,2,100000,100000,0,78.11
PV04259,47,C18,Oncology,72,6-24h,20,0.8104,16.21,6,50000,10000,40000,71.01
PV04260,38,I21,Cardiology,95,1-3d,10,0.7997,15.99,8,75000,0,75000,71.99
PV04261,84,A41,Critical Care,98,1-3d,10,0.7521,15.04,2,500000,0,500000,66.24
PV04262,48,A41,Critical Care,98,1-3d,10,0.9115,18.23,6,300000,75000,225000,73.43
PV04263,47,I71,Cardiovascular Surgery,99,2-6h,25,0.8545,17.09,6,300000,10000,290000,87.69
PV04264,63,K80,General Surgery,65,<2h,30,0.8445,16.89,4,75000,75000,0,76.89
PV04265,81,J18,Pulmonology,78,1-3d,10,0.99,19.8,2,300000,50000,250000,63.0
PV04266,26,C22,Oncology,73,1-3d,10,0.8674,17.35,10,75000,75000,0,66.55
PV04267,84,K85,General Surgery,82,1-3d,10,0.94,18.8,2,150000,10000,140000,63.6
PV04268,46,N39,Urology,50,1-3d,10,0.8473,16.95,6,1000000,25000,975000,52.95
PV04269,19,I60,Neurosurgery,98,1-3d,10,0.7847,15.69,10,200000,75000,125000,74.89
PV04270,39,O00,Obstetrics,96,1-3d,10,0.7141,14.28,8,50000,10000,40000,70.68
PV04271,49,S32,Orthopedics,82,>3d,5,0.8441,16.88,6,300000,50000,250000,60.68
PV04272,64,O00,Obstetrics,96,1-3d,10,0.5537,11.07,4,75000,75000,0,63.47
PV04273,56,N39,Urology,50,>3d,5,0.8472,16.94,6,50000,50000,0,47.94
PV04274,27,I74,Vascular Surgery,92,>3d,5,0.8515,17.03,10,400000,50000,350000,68.83
PV04275,51,I21,Cardiology,95,6-24h,20,0.7982,15.96,6,400000,0,400000,79.96
PV04276,33,S32,Orthopedics,82,1-3d,10,0.8108,16.22,8,100000,25000,75000,67.02
PV04277,36,I61,Neurosurgery,98,1-3d,10,0.6949,13.9,8,500000,0,500000,71.1
PV04278,66,K80,General Surgery,65,2-6h,25,0.9586,19.17,4,75000,75000,0,74.17
PV04279,72,K80,General Surgery,65,1-3d,10,0.7863,15.73,4,300000,75000,225000,55.73
PV04280,28,G93,Neurology,80,6-24h,20,0.7228,14.46,10,300000,25000,275000,76.46
PV04281,58,O72,Obstetrics,95,6-24h,20,0.8745,17.49,6,75000,25000,50000,81.49
PV04282,46,I20,Cardiology,80,2-6h,25,0.8311,16.62,6,400000,0,400000,79.62
PV04283,40,K56,General Surgery,85,1-3d,10,0.7842,15.68,8,300000,50000,250000,67.68
PV04284,66,S72,Orthopedics,76,1-3d,10,0.7736,15.47,4,200000,0,200000,59.87
PV04285,34,S06,Neurosurgery,95,1-3d,10,0.8194,16.39,8,500000,100000,400000,72.39
PV04286,70,S32,Orthopedics,82,2-6h,25,0.9546,19.09,4,500000,10000,490000,80.89
PV04287,45,N20,Urology,55,1-3d,10,0.867,17.34,6,200000,0,200000,55.34
PV04288,24,T79,Trauma,92,2-6h,25,0.8166,16.33,10,750000,0,750000,88.13
PV04289,71,K80,General Surgery,65,6-24h,20,0.9052,18.1,4,50000,0,50000,68.1
PV04290,75,I74,Vascular Surgery,92,6-24h,20,0.8228,16.46,2,400000,50000,350000,75.26
PV04291,56,I61,Neurosurgery,98,>3d,5,0.8602,17.2,6,100000,0,100000,67.4
PV04292,67,N39,Urology,50,6-24h,20,0.8351,16.7,4,300000,0,300000,60.7
PV04293,28,O72,Obstetrics,95,1-3d,10,0.879,17.58,10,400000,10000,390000,75.58
PV04294,41,I61,Neurosurgery,98,>3d,5,0.7756,15.51,8,750000,75000,675000,67.71
PV04295,41,N39,Urology,50,6-24h,20,0.7061,14.12,8,300000,10000,290000,62.12
PV04296,69,C22,Oncology,73,>3d,5,0.9107,18.21,4,50000,50000,0,56.41
PV04297,41,S72,Orthopedics,76,2-6h,25,0.9705,19.41,8,1000000,50000,950000,82.81
PV04298,67,S32,Orthopedics,82,6-24h,20,0.7108,14.22,4,300000,75000,225000,71.02
PV04299,38,I60,Neurosurgery,98,2-6h,25,0.8379,16.76,8,75000,0,75000,88.96
PV04300,58,I61,Neurosurgery,98,1-3d,10,0.7751,15.5,6,75000,75000,0,70.7
PV04301,32,I71,Cardiovascular Surgery,99,>3d,5,0.9083,18.17,8,50000,0,50000,70.77
PV04302,55,C34,Oncology,74,1-3d,10,0.8447,16.89,6,100000,100000,0,62.49
PV04303,23,K35,General Surgery,70,1-3d,10,0.99,19.8,10,100000,25000,75000,67.8
PV04304,67,I60,Neurosurgery,98,6-24h,20,0.7899,15.8,4,1000000,50000,950000,79.0
PV04305,19,C50,Oncology,65,>3d,5,0.9737,19.47,10,750000,0,750000,60.47
PV04306,85,S32,Orthopedics,82,6-24h,20,0.9835,19.67,2,50000,25000,25000,74.47
PV04307,75,K80,General Surgery,65,6-24h,20,0.8734,17.47,2,150000,150000,0,65.47
PV04308,57,S32,Orthopedics,82,>3d,5,0.8237,16.47,6,150000,100000,50000,60.27
PV04309,79,T79,Trauma,92,6-24h,20,0.8295,16.59,2,200000,75000,125000,75.39
PV04310,72,C18,Oncology,72,6-24h,20,0.821,16.42,4,75000,25000,50000,69.22
PV04311,27,O00,Obstetrics,96,<2h,30,0.9333,18.67,10,100000,100000,0,97.07
PV04312,68,G93,Neurology,80,2-6h,25,0.7327,14.65,4,300000,150000,150000,75.65
PV04313,43,K85,General Surgery,82,1-3d,10,0.8039,16.08,8,300000,25000,275000,66.88
PV04314,76,I61,Neurosurgery,98,6-24h,20,0.7918,15.84,2,750000,75000,675000,77.04
PV04315,76,K80,General Surgery,65,>3d,5,0.6474,12.95,2,1000000,50000,950000,45.95
PV04316,82,I71,Cardiovascular Surgery,99,2-6h,25,0.9059,18.12,2,150000,10000,140000,84.72
PV04317,48,C22,Oncology,73,1-3d,10,0.9263,18.53,6,750000,100000,650000,63.73
PV04318,31,S27,Trauma,88,1-3d,10,0.7566,15.13,8,750000,50000,700000,68.33
PV04319,26,G93,Neurology,80,1-3d,10,0.923,18.46,10,150000,0,150000,70.46
PV04320,29,I60,Neurosurgery,98,1-3d,10,0.6616,13.23,10,200000,150000,50000,72.43
PV04321,85,C34,Oncology,74,1-3d,10,0.8224,16.45,2,400000,75000,325000,58.05
PV04322,57,S72,Orthopedics,76,1-3d,10,0.8074,16.15,6,1000000,75000,925000,62.55
PV04323,41,S72,Orthopedics,76,>3d,5,0.8288,16.58,8,500000,200000,300000,59.98
PV04324,48,J96,Critical Care,98,6-24h,20,0.8283,16.57,6,750000,100000,650000,81.77
PV04325,29,C22,Oncology,73,6-24h,20,0.8123,16.25,10,500000,200000,300000,75.45
PV04326,56,S36,Trauma,90,1-3d,10,0.7812,15.62,6,75000,75000,0,67.62
PV04327,46,G93,Neurology,80,6-24h,20,0.8091,16.18,6,100000,10000,90000,74.18
PV04328,72,S27,Trauma,88,2-6h,25,0.9563,19.13,4,750000,50000,700000,83.33
PV04329,19,I60,Neurosurgery,98,>3d,5,0.7621,15.24,10,200000,75000,125000,69.44
PV04330,81,I20,Cardiology,80,2-6h,25,0.99,19.8,2,75000,25000,50000,78.8
PV04331,22,K56,General Surgery,85,6-24h,20,0.7565,15.13,10,100000,25000,75000,79.13
PV04332,46,I71,Cardiovascular Surgery,99,1-3d,10,0.844,16.88,6,200000,75000,125000,72.48
PV04333,41,G93,Neurology,80,<2h,30,0.8771,17.54,8,300000,50000,250000,87.54
PV04334,66,I20,Cardiology,80,<2h,30,0.7908,15.82,4,75000,0,75000,81.82
PV04335,62,N39,Urology,50,<2h,30,0.9582,19.16,4,100000,75000,25000,73.16
PV04336,31,S27,Trauma,88,2-6h,25,0.8745,17.49,8,150000,75000,75000,85.69
PV04337,51,K80,General Surgery,65,6-24h,20,0.7995,15.99,6,100000,100000,0,67.99
PV04338,54,I74,Vascular Surgery,92,1-3d,10,0.9571,19.14,6,1000000,0,1000000,71.94
PV04339,49,K80,General Surgery,65,6-24h,20,0.7185,14.37,6,50000,50000,0,66.37
PV04340,19,O00,Obstetrics,96,6-24h,20,0.7635,15.27,10,500000,200000,300000,83.67
PV04341,30,I60,Neurosurgery,98,1-3d,10,0.8763,17.53,8,100000,25000,75000,74.73
PV04342,52,S27,Trauma,88,6-24h,20,0.9001,18.0,6,300000,100000,200000,79.2
PV04343,35,O72,Obstetrics,95,6-24h,20,0.8523,17.05,8,150000,25000,125000,83.05
PV04344,55,J96,Critical Care,98,6-24h,20,0.8073,16.15,6,1000000,10000,990000,81.35
PV04345,29,S36,Trauma,90,6-24h,20,0.7949,15.9,10,1000000,100000,900000,81.9
PV04346,68,O00,Obstetrics,96,6-24h,20,0.9331,18.66,4,150000,150000,0,81.06
PV04347,30,I60,Neurosurgery,98,<2h,30,0.844,16.88,8,50000,50000,0,94.08
PV04348,62,K35,General Surgery,70,>3d,5,0.7328,14.66,4,75000,75000,0,51.66
PV04349,74,S32,Orthopedics,82,>3d,5,0.727,14.54,4,500000,25000,475000,56.34
PV04350,42,K85,General Surgery,82,>3d,5,0.9713,19.43,8,750000,100000,650000,65.23
PV04351,27,C18,Oncology,72,<2h,30,0.7481,14.96,10,50000,0,50000,83.76
PV04352,18,N17,Nephrology,82,1-3d,10,0.8473,16.95,10,50000,25000,25000,69.75
PV04353,42,N17,Nephrology,82,1-3d,10,0.9551,19.1,8,200000,10000,190000,69.9
PV04354,25,S27,Trauma,88,2-6h,25,0.8742,17.48,10,750000,75000,675000,87.68
PV04355,77,O72,Obstetrics,95,>3d,5,0.7442,14.88,2,500000,100000,400000,59.88
PV04356,84,T79,Trauma,92,1-3d,10,0.7184,14.37,2,50000,50000,0,63.17
PV04357,84,K92,Gastroenterology,88,2-6h,25,0.99,19.8,2,1000000,10000,990000,82.0
PV04358,80,J96,Critical Care,98,>3d,5,0.7159,14.32,2,100000,50000,50000,60.52
PV04359,57,C50,Oncology,65,2-6h,25,0.7647,15.29,6,100000,0,100000,72.29
PV04360,40,C22,Oncology,73,6-24h,20,0.8573,17.15,8,150000,75000,75000,74.35
PV04361,48,I21,Cardiology,95,2-6h,25,0.7981,15.96,6,500000,100000,400000,84.96
PV04362,35,S32,Orthopedics,82,2-6h,25,0.8774,17.55,8,150000,10000,140000,83.35
PV04363,75,O72,Obstetrics,95,>3d,5,0.6732,13.46,2,400000,75000,325000,58.46
PV04364,47,C22,Oncology,73,1-3d,10,0.799,15.98,6,100000,100000,0,61.18
PV04365,44,J18,Pulmonology,78,6-24h,20,0.8878,17.76,8,75000,0,75000,76.96
PV04366,64,G93,Neurology,80,1-3d,10,0.8881,17.76,4,75000,75000,0,63.76
PV04367,43,K35,General Surgery,70,>3d,5,0.7628,15.26,8,200000,25000,175000,56.26
PV04368,42,K35,General Surgery,70,>3d,5,0.7178,14.36,8,50000,25000,25000,55.36
PV04369,33,N39,Urology,50,>3d,5,0.8414,16.83,8,300000,100000,200000,49.83
PV04370,22,O00,Obstetrics,96,>3d,5,0.6888,13.78,10,500000,25000,475000,67.18
PV04371,20,N17,Nephrology,82,1-3d,10,0.9484,18.97,10,300000,50000,250000,71.77
PV04372,45,K56,General Surgery,85,6-24h,20,0.8357,16.71,6,200000,10000,190000,76.71
PV04373,85,A41,Critical Care,98,>3d,5,0.7503,15.01,2,75000,10000,65000,61.21
PV04374,35,T79,Trauma,92,2-6h,25,0.7145,14.29,8,75000,75000,0,84.09
PV04375,61,I74,Vascular Surgery,92,2-6h,25,0.7567,15.13,4,75000,0,75000,80.93
PV04376,40,J18,Pulmonology,78,6-24h,20,0.6638,13.28,8,50000,10000,40000,72.48
PV04377,38,I74,Vascular Surgery,92,6-24h,20,0.8695,17.39,8,300000,150000,150000,82.19
PV04378,29,J96,Critical Care,98,1-3d,10,0.7397,14.79,10,100000,100000,0,73.99
PV04379,56,K35,General Surgery,70,>3d,5,0.86,17.2,6,400000,10000,390000,56.2
PV04380,62,N39,Urology,50,6-24h,20,0.8738,17.48,4,150000,150000,0,61.48
PV04381,41,K92,Gastroenterology,88,1-3d,10,0.9166,18.33,8,150000,100000,50000,71.53
PV04382,53,S06,Neurosurgery,95,6-24h,20,0.8452,16.9,6,200000,25000,175000,80.9
PV04383,50,K85,General Surgery,82,1-3d,10,0.9325,18.65,6,150000,0,150000,67.45
PV04384,36,N17,Nephrology,82,2-6h,25,0.9586,19.17,8,75000,75000,0,84.97
PV04385,65,S36,Trauma,90,<2h,30,0.8458,16.92,4,50000,50000,0,86.92
PV04386,55,N20,Urology,55,1-3d,10,0.8519,17.04,6,1000000,50000,950000,55.04
PV04387,22,J96,Critical Care,98,1-3d,10,0.7643,15.29,10,75000,25000,50000,74.49
PV04388,51,I60,Neurosurgery,98,6-24h,20,0.7212,14.42,6,100000,25000,75000,79.62
PV04389,44,K85,General Surgery,82,6-24h,20,0.9482,18.96,8,200000,25000,175000,79.76
PV04390,72,J18,Pulmonology,78,<2h,30,0.8806,17.61,4,200000,200000,0,82.81
PV04391,38,K56,General Surgery,85,1-3d,10,0.8887,17.77,8,500000,10000,490000,69.77
PV04392,83,T79,Trauma,92,6-24h,20,0.7609,15.22,2,500000,50000,450000,74.02
PV04393,59,I21,Cardiology,95,6-24h,20,0.9824,19.65,6,400000,100000,300000,83.65
PV04394,26,I61,Neurosurgery,98,>3d,5,0.7971,15.94,10,150000,0,150000,70.14
PV04395,45,O00,Obstetrics,96,1-3d,10,0.7398,14.8,6,1000000,75000,925000,69.2
PV04396,78,O00,Obstetrics,96,2-6h,25,0.7626,15.25,2,50000,50000,0,80.65
PV04397,35,I71,Cardiovascular Surgery,99,1-3d,10,0.9771,19.54,8,150000,75000,75000,77.14
PV04398,65,J96,Critical Care,98,2-6h,25,0.7089,14.18,4,150000,100000,50000,82.38
PV04399,71,I61,Neurosurgery,98,2-6h,25,0.7449,14.9,4,150000,50000,100000,83.1
PV04400,65,C34,Oncology,74,1-3d,10,0.99,19.8,4,300000,100000,200000,63.4
PV04401,24,S36,Trauma,90,2-6h,25,0.9141,18.28,10,50000,50000,0,89.28
PV04402,43,S06,Neurosurgery,95,6-24h,20,0.7467,14.93,8,750000,25000,725000,80.93
PV04403,41,S36,Trauma,90,>3d,5,0.7119,14.24,8,75000,25000,50000,63.24
PV04404,41,K92,Gastroenterology,88,1-3d,10,0.6527,13.05,8,150000,100000,50000,66.25
PV04405,77,J96,Critical Care,98,>3d,5,0.8297,16.59,2,300000,0,300000,62.79
PV04406,18,I20,Cardiology,80,>3d,5,0.8928,17.86,10,750000,25000,725000,64.86
PV04407,54,J96,Critical Care,98,6-24h,20,0.9719,19.44,6,300000,10000,290000,84.64
PV04408,84,K56,General Surgery,85,1-3d,10,0.6306,12.61,2,300000,50000,250000,58.61
PV04409,77,J96,Critical Care,98,6-24h,20,0.6875,13.75,2,100000,0,100000,74.95
PV04410,59,I74,Vascular Surgery,92,1-3d,10,0.808,16.16,6,500000,10000,490000,68.96
PV04411,85,S06,Neurosurgery,95,6-24h,20,0.99,19.8,2,300000,50000,250000,79.8
PV04412,45,J18,Pulmonology,78,<2h,30,0.9086,18.17,6,50000,50000,0,85.37
PV04413,59,K85,General Surgery,82,2-6h,25,0.8573,17.15,6,200000,50000,150000,80.95
PV04414,54,N20,Urology,55,1-3d,10,0.6975,13.95,6,750000,150000,600000,51.95
PV04415,21,O72,Obstetrics,95,2-6h,25,0.608,12.16,10,750000,150000,600000,85.16
PV04416,20,S72,Orthopedics,76,1-3d,10,0.8239,16.48,10,100000,0,100000,66.88
PV04417,78,O72,Obstetrics,95,>3d,5,0.8101,16.2,2,500000,100000,400000,61.2
PV04418,29,K35,General Surgery,70,1-3d,10,0.7932,15.86,10,150000,0,150000,63.86
PV04419,42,N20,Urology,55,6-24h,20,0.782,15.64,8,500000,10000,490000,65.64
PV04420,60,S06,Neurosurgery,95,2-6h,25,0.7452,14.9,4,300000,150000,150000,81.9
PV04421,57,N20,Urology,55,>3d,5,0.7222,14.44,6,150000,75000,75000,47.44
PV04422,52,C22,Oncology,73,1-3d,10,0.959,19.18,6,1000000,25000,975000,64.38
PV04423,84,K80,General Surgery,65,6-24h,20,0.7313,14.63,2,100000,10000,90000,62.63
PV04424,71,S72,Orthopedics,76,>3d,5,0.7924,15.85,4,150000,25000,125000,55.25
PV04425,82,I74,Vascular Surgery,92,2-6h,25,0.8161,16.32,2,1000000,150000,850000,80.12
PV04426,62,I20,Cardiology,80,6-24h,20,0.8906,17.81,4,100000,75000,25000,73.81
PV04427,84,J96,Critical Care,98,2-6h,25,0.7348,14.7,2,75000,10000,65000,80.9
PV04428,58,O72,Obstetrics,95,2-6h,25,0.9178,18.36,6,1000000,50000,950000,87.36
PV04429,54,S32,Orthopedics,82,6-24h,20,0.762,15.24,6,200000,10000,190000,74.04
PV04430,73,N39,Urology,50,1-3d,10,0.8038,16.08,4,750000,0,750000,50.08
PV04431,77,N39,Urology,50,6-24h,20,0.9843,19.69,2,50000,0,50000,61.69
PV04432,22,I61,Neurosurgery,98,1-3d,10,0.7231,14.46,10,400000,150000,250000,73.66
PV04433,79,I20,Cardiology,80,1-3d,10,0.8921,17.84,2,75000,10000,65000,61.84
PV04434,64,S06,Neurosurgery,95,>3d,5,0.9205,18.41,4,200000,10000,190000,65.41
PV04435,79,J18,Pulmonology,78,<2h,30,0.851,17.02,2,100000,100000,0,80.22
PV04436,66,N39,Urology,50,1-3d,10,0.8082,16.16,4,200000,150000,50000,50.16
PV04437,81,C34,Oncology,74,2-6h,25,0.99,19.8,2,150000,75000,75000,76.4
PV04438,36,K92,Gastroenterology,88,1-3d,10,0.8186,16.37,8,1000000,150000,850000,69.57
PV04439,30,K85,General Surgery,82,6-24h,20,0.8404,16.81,8,400000,0,400000,77.61
PV04440,31,I74,Vascular Surgery,92,1-3d,10,0.7863,15.73,8,50000,10000,40000,70.53
PV04441,35,I74,Vascular Surgery,92,2-6h,25,0.8351,16.7,8,200000,25000,175000,86.5
PV04442,32,K85,General Surgery,82,1-3d,10,0.9164,18.33,8,500000,150000,350000,69.13
PV04443,48,C50,Oncology,65,2-6h,25,0.7925,15.85,6,200000,0,200000,72.85
PV04444,31,S72,Orthopedics,76,2-6h,25,0.6091,12.18,8,400000,100000,300000,75.58
PV04445,28,K80,General Surgery,65,1-3d,10,0.8714,17.43,10,300000,0,300000,63.43
PV04446,53,S27,Trauma,88,6-24h,20,0.7122,14.24,6,1000000,200000,800000,75.44
PV04447,71,I74,Vascular Surgery,92,1-3d,10,0.8942,17.88,4,400000,10000,390000,68.68
PV04448,27,K56,General Surgery,85,1-3d,10,0.8199,16.4,10,300000,100000,200000,70.4
PV04449,52,N17,Nephrology,82,1-3d,10,0.9143,18.29,6,1000000,75000,925000,67.09
PV04450,62,I20,Cardiology,80,1-3d,10,0.7252,14.5,4,100000,50000,50000,60.5
PV04451,65,G93,Neurology,80,1-3d,10,0.7665,15.33,4,500000,150000,350000,61.33
PV04452,25,J96,Critical Care,98,>3d,5,0.786,15.72,10,500000,75000,425000,69.92
PV04453,67,O72,Obstetrics,95,2-6h,25,0.6718,13.44,4,150000,50000,100000,80.44
PV04454,19,N20,Urology,55,1-3d,10,0.9311,18.62,10,1000000,100000,900000,60.62
PV04455,34,C18,Oncology,72,1-3d,10,0.6575,13.15,8,100000,25000,75000,59.95
PV04456,39,I61,Neurosurgery,98,2-6h,25,0.9297,18.59,8,1000000,100000,900000,90.79
PV04457,76,J18,Pulmonology,78,6-24h,20,0.8624,17.25,2,50000,50000,0,70.45
PV04458,31,I60,Neurosurgery,98,6-24h,20,0.8001,16.0,8,100000,50000,50000,83.2
PV04459,71,S06,Neurosurgery,95,1-3d,10,0.8545,17.09,4,150000,100000,50000,69.09
PV04460,85,C34,Oncology,74,6-24h,20,0.8518,17.04,2,150000,150000,0,68.64
PV04461,83,S06,Neurosurgery,95,1-3d,10,0.78,15.6,2,200000,100000,100000,65.6
PV04462,38,K85,General Surgery,82,1-3d,10,0.8498,17.0,8,500000,25000,475000,67.8
PV04463,24,J18,Pulmonology,78,1-3d,10,0.8931,17.86,10,200000,25000,175000,69.06
PV04464,33,C34,Oncology,74,6-24h,20,0.7255,14.51,8,300000,200000,100000,72.11
PV04465,70,S72,Orthopedics,76,1-3d,10,0.8546,17.09,4,75000,75000,0,61.49
PV04466,31,I61,Neurosurgery,98,1-3d,10,0.5574,11.15,8,50000,25000,25000,68.35
PV04467,61,S32,Orthopedics,82,2-6h,25,0.627,12.54,4,150000,100000,50000,74.34
PV04468,43,K92,Gastroenterology,88,2-6h,25,0.8765,17.53,8,75000,0,75000,85.73
PV04469,70,I20,Cardiology,80,6-24h,20,0.7782,15.56,4,75000,75000,0,71.56
PV04470,59,K80,General Surgery,65,>3d,5,0.7347,14.69,6,50000,10000,40000,51.69
PV04471,57,S27,Trauma,88,6-24h,20,0.8147,16.29,6,100000,25000,75000,77.49
PV04472,71,I20,Cardiology,80,<2h,30,0.7804,15.61,4,75000,75000,0,81.61
PV04473,82,O72,Obstetrics,95,2-6h,25,0.7211,14.42,2,75000,10000,65000,79.42
PV04474,42,K35,General Surgery,70,<2h,30,0.6561,13.12,8,150000,150000,0,79.12
PV04475,53,G93,Neurology,80,6-24h,20,0.6232,12.46,6,100000,50000,50000,70.46
PV04476,60,I74,Vascular Surgery,92,1-3d,10,0.8939,17.88,4,1000000,50000,950000,68.68
PV04477,73,K92,Gastroenterology,88,6-24h,20,0.7778,15.56,4,400000,50000,350000,74.76
PV04478,50,S36,Trauma,90,1-3d,10,0.917,18.34,6,400000,200000,200000,70.34
PV04479,43,I20,Cardiology,80,<2h,30,0.7767,15.53,8,400000,75000,325000,85.53
PV04480,75,N17,Nephrology,82,6-24h,20,0.8555,17.11,2,50000,10000,40000,71.91
PV04481,82,O72,Obstetrics,95,1-3d,10,0.8075,16.15,2,200000,0,200000,66.15
PV04482,56,I71,Cardiovascular Surgery,99,1-3d,10,0.8244,16.49,6,400000,10000,390000,72.09
PV04483,25,G93,Neurology,80,>3d,5,0.8293,16.59,10,1000000,10000,990000,63.59
PV04484,37,I60,Neurosurgery,98,6-24h,20,0.7754,15.51,8,200000,10000,190000,82.71
PV04485,49,O72,Obstetrics,95,6-24h,20,0.697,13.94,6,100000,100000,0,77.94
PV04486,65,S36,Trauma,90,1-3d,10,0.8966,17.93,4,500000,50000,450000,67.93
PV04487,63,N17,Nephrology,82,2-6h,25,0.9794,19.59,4,75000,75000,0,81.39
PV04488,73,J96,Critical Care,98,1-3d,10,0.9859,19.72,4,750000,75000,675000,72.92
PV04489,20,C34,Oncology,74,6-24h,20,0.7647,15.29,10,150000,10000,140000,74.89
PV04490,49,S36,Trauma,90,2-6h,25,0.7467,14.93,6,50000,10000,40000,81.93
PV04491,65,K56,General Surgery,85,1-3d,10,0.7646,15.29,4,150000,150000,0,63.29
PV04492,85,K56,General Surgery,85,1-3d,10,0.8024,16.05,2,1000000,0,1000000,62.05
PV04493,27,C50,Oncology,65,>3d,5,0.8148,16.3,10,200000,0,200000,57.3
PV04494,77,J96,Critical Care,98,>3d,5,0.7202,14.4,2,50000,50000,0,60.6
PV04495,18,I74,Vascular Surgery,92,6-24h,20,0.672,13.44,10,150000,25000,125000,80.24
PV04496,31,C18,Oncology,72,1-3d,10,0.825,16.5,8,500000,10000,490000,63.3
PV04497,75,I74,Vascular Surgery,92,>3d,5,0.467,9.34,2,50000,50000,0,53.14
PV04498,71,S36,Trauma,90,6-24h,20,0.8099,16.2,4,1000000,75000,925000,76.2
PV04499,84,J96,Critical Care,98,6-24h,20,0.7255,14.51,2,500000,50000,450000,75.71
PV04500,58,K85,General Surgery,82,>3d,5,0.898,17.96,6,500000,75000,425000,61.76
PV04501,59,C50,Oncology,65,2-6h,25,0.9248,18.5,6,500000,100000,400000,75.5
PV04502,54,N17,Nephrology,82,>3d,5,0.9271,18.54,6,75000,10000,65000,62.34
PV04503,52,C22,Oncology,73,6-24h,20,0.7854,15.71,6,750000,25000,725000,70.91
PV04504,52,S32,Orthopedics,82,>3d,5,0.7065,14.13,6,100000,0,100000,57.93
PV04505,37,I21,Cardiology,95,1-3d,10,0.7385,14.77,8,75000,75000,0,70.77
PV04506,76,S36,Trauma,90,1-3d,10,0.8488,16.98,2,50000,50000,0,64.98
PV04507,42,I71,Cardiovascular Surgery,99,1-3d,10,0.6554,13.11,8,75000,75000,0,70.71
PV04508,59,J18,Pulmonology,78,<2h,30,0.9594,19.19,6,75000,75000,0,86.39
PV04509,63,J96,Critical Care,98,1-3d,10,0.7869,15.74,4,750000,0,750000,68.94
PV04510,54,K92,Gastroenterology,88,>3d,5,0.87,17.4,6,50000,50000,0,63.6
PV04511,59,I71,Cardiovascular Surgery,99,>3d,5,0.6419,12.84,6,400000,150000,250000,63.44
PV04512,21,O00,Obstetrics,96,>3d,5,0.7274,14.55,10,50000,50000,0,67.95
PV04513,39,S06,Neurosurgery,95,1-3d,10,0.6294,12.59,8,1000000,75000,925000,68.59
PV04514,48,N39,Urology,50,1-3d,10,0.9221,18.44,6,300000,200000,100000,54.44
PV04515,44,N39,Urology,50,1-3d,10,0.804,16.08,8,300000,100000,200000,54.08
PV04516,79,S32,Orthopedics,82,1-3d,10,0.8771,17.54,2,50000,50000,0,62.34
PV04517,79,K85,General Surgery,82,1-3d,10,0.8263,16.53,2,750000,150000,600000,61.33
PV04518,66,I60,Neurosurgery,98,<2h,30,0.8668,17.34,4,200000,25000,175000,90.54
PV04519,41,N20,Urology,55,2-6h,25,0.7863,15.73,8,75000,75000,0,70.73
PV04520,21,S27,Trauma,88,1-3d,10,0.7996,15.99,10,500000,150000,350000,71.19
PV04521,69,C22,Oncology,73,6-24h,20,0.8108,16.22,4,1000000,0,1000000,69.42
PV04522,78,C50,Oncology,65,6-24h,20,0.8606,17.21,2,50000,50000,0,65.21
PV04523,51,N17,Nephrology,82,2-6h,25,0.8632,17.26,6,100000,10000,90000,81.06
PV04524,74,C22,Oncology,73,1-3d,10,0.99,19.8,4,400000,75000,325000,63.0
PV04525,81,T79,Trauma,92,>3d,5,0.9882,19.76,2,50000,50000,0,63.56
PV04526,55,S72,Orthopedics,76,1-3d,10,0.6421,12.84,6,500000,100000,400000,59.24
PV04527,32,I21,Cardiology,95,>3d,5,0.8057,16.11,8,400000,150000,250000,67.11
PV04528,19,I61,Neurosurgery,98,>3d,5,0.7794,15.59,10,300000,50000,250000,69.79
PV04529,69,S72,Orthopedics,76,2-6h,25,0.948,18.96,4,150000,0,150000,78.36
PV04530,56,N17,Nephrology,82,2-6h,25,0.7884,15.77,6,200000,200000,0,79.57
PV04531,28,I21,Cardiology,95,2-6h,25,0.8664,17.33,10,50000,0,50000,90.33
PV04532,21,S06,Neurosurgery,95,2-6h,25,0.5863,11.73,10,500000,10000,490000,84.73
PV04533,83,N20,Urology,55,1-3d,10,0.6686,13.37,2,400000,100000,300000,47.37
PV04534,39,K80,General Surgery,65,6-24h,20,0.99,19.8,8,300000,50000,250000,73.8
PV04535,40,I21,Cardiology,95,>3d,5,0.825,16.5,8,500000,50000,450000,67.5
PV04536,60,O00,Obstetrics,96,1-3d,10,0.7202,14.4,4,300000,0,300000,66.8
PV04537,42,I61,Neurosurgery,98,6-24h,20,0.8443,16.89,8,200000,10000,190000,84.09
PV04538,80,N20,Urology,55,>3d,5,0.7147,14.29,2,750000,100000,650000,43.29
PV04539,64,G93,Neurology,80,>3d,5,0.7917,15.83,4,1000000,75000,925000,56.83
PV04540,42,I20,Cardiology,80,1-3d,10,0.6747,13.49,8,750000,25000,725000,63.49
PV04541,36,J18,Pulmonology,78,1-3d,10,0.7411,14.82,8,300000,50000,250000,64.02
PV04542,76,C18,Oncology,72,>3d,5,0.7784,15.57,2,150000,50000,100000,51.37
PV04543,58,N39,Urology,50,1-3d,10,0.9321,18.64,6,75000,75000,0,54.64
PV04544,80,C18,Oncology,72,>3d,5,0.8664,17.33,2,200000,200000,0,53.13
PV04545,41,S72,Orthopedics,76,<2h,30,0.8839,17.68,8,750000,50000,700000,86.08
PV04546,19,K80,General Surgery,65,1-3d,10,0.8174,16.35,10,750000,10000,740000,62.35
PV04547,79,J18,Pulmonology,78,6-24h,20,0.9023,18.05,2,75000,75000,0,71.25
PV04548,34,G93,Neurology,80,<2h,30,0.7326,14.65,8,300000,0,300000,84.65
PV04549,75,O00,Obstetrics,96,2-6h,25,0.7467,14.93,2,400000,100000,300000,80.33
PV04550,66,I20,Cardiology,80,<2h,30,0.8608,17.22,4,400000,75000,325000,83.22
PV04551,33,I60,Neurosurgery,98,6-24h,20,0.7921,15.84,8,750000,200000,550000,83.04
PV04552,69,I60,Neurosurgery,98,<2h,30,0.8186,16.37,4,50000,50000,0,89.57
PV04553,23,I61,Neurosurgery,98,6-24h,20,0.8036,16.07,10,200000,75000,125000,85.27
PV04554,44,N17,Nephrology,82,1-3d,10,0.9453,18.91,8,50000,0,50000,69.71
PV04555,42,N20,Urology,55,1-3d,10,0.9506,19.01,8,500000,150000,350000,59.01
PV04556,62,A41,Critical Care,98,1-3d,10,0.7574,15.15,4,300000,25000,275000,68.35
PV04557,54,K35,General Surgery,70,<2h,30,0.644,12.88,6,200000,150000,50000,76.88
PV04558,59,G93,Neurology,80,1-3d,10,0.7489,14.98,6,750000,10000,740000,62.98
PV04559,50,K80,General Surgery,65,2-6h,25,0.7303,14.61,6,750000,25000,725000,71.61
PV04560,68,C34,Oncology,74,6-24h,20,0.9032,18.06,4,150000,25000,125000,71.66
PV04561,28,O72,Obstetrics,95,6-24h,20,0.912,18.24,10,750000,200000,550000,86.24
PV04562,66,S27,Trauma,88,>3d,5,0.7169,14.34,4,1000000,150000,850000,58.54
PV04563,21,I21,Cardiology,95,>3d,5,0.7445,14.89,10,50000,50000,0,67.89
PV04564,23,K56,General Surgery,85,1-3d,10,0.6721,13.44,10,500000,25000,475000,67.44
PV04565,67,I20,Cardiology,80,1-3d,10,0.8334,16.67,4,75000,75000,0,62.67
PV04566,28,K85,General Surgery,82,1-3d,10,0.8155,16.31,10,500000,50000,450000,69.11
PV04567,70,N20,Urology,55,1-3d,10,0.8989,17.98,4,400000,100000,300000,53.98
PV04568,27,N20,Urology,55,2-6h,25,0.8697,17.39,10,750000,25000,725000,74.39
PV04569,27,I74,Vascular Surgery,92,6-24h,20,0.881,17.62,10,300000,75000,225000,84.42
PV04570,81,A41,Critical Care,98,>3d,5,0.6658,13.32,2,100000,100000,0,59.52
PV04571,30,C50,Oncology,65,>3d,5,0.7574,15.15,8,400000,0,400000,54.15
PV04572,80,I61,Neurosurgery,98,6-24h,20,0.9149,18.3,2,150000,150000,0,79.5
PV04573,41,O72,Obstetrics,95,6-24h,20,0.7661,15.32,8,50000,50000,0,81.32
PV04574,72,I20,Cardiology,80,6-24h,20,0.6572,13.14,4,75000,50000,25000,69.14
PV04575,81,N20,Urology,55,6-24h,20,0.9008,18.02,2,750000,200000,550000,62.02
PV04576,25,K80,General Surgery,65,6-24h,20,0.7623,15.25,10,150000,100000,50000,71.25
PV04577,40,I61,Neurosurgery,98,1-3d,10,0.9263,18.53,8,75000,75000,0,75.73
PV04578,57,K56,General Surgery,85,<2h,30,0.8182,16.36,6,50000,25000,25000,86.36
PV04579,76,I71,Cardiovascular Surgery,99,2-6h,25,0.7923,15.85,2,50000,50000,0,82.45
PV04580,30,I71,Cardiovascular Surgery,99,6-24h,20,0.9563,19.13,8,500000,0,500000,86.73
PV04581,30,K56,General Surgery,85,1-3d,10,0.6897,13.79,8,75000,25000,50000,65.79
PV04582,43,C22,Oncology,73,6-24h,20,0.9634,19.27,8,750000,50000,700000,76.47
PV04583,31,K35,General Surgery,70,6-24h,20,0.7561,15.12,8,300000,10000,290000,71.12
PV04584,36,N20,Urology,55,1-3d,10,0.8362,16.72,8,100000,75000,25000,56.72
PV04585,26,J18,Pulmonology,78,1-3d,10,0.8372,16.74,10,1000000,150000,850000,67.94
PV04586,74,C18,Oncology,72,6-24h,20,0.7773,15.55,4,200000,25000,175000,68.35
PV04587,72,A41,Critical Care,98,1-3d,10,0.7438,14.88,4,150000,50000,100000,68.08
PV04588,27,I74,Vascular Surgery,92,6-24h,20,0.783,15.66,10,400000,50000,350000,82.46
PV04589,54,C18,Oncology,72,1-3d,10,0.7185,14.37,6,400000,100000,300000,59.17
PV04590,61,I71,Cardiovascular Surgery,99,6-24h,20,0.99,19.8,4,500000,100000,400000,83.4
PV04591,60,C50,Oncology,65,>3d,5,0.7719,15.44,4,400000,10000,390000,50.44
PV04592,84,I60,Neurosurgery,98,>3d,5,0.9359,18.72,2,1000000,200000,800000,64.92
PV04593,61,I61,Neurosurgery,98,1-3d,10,0.9227,18.45,4,200000,100000,100000,71.65
PV04594,64,N20,Urology,55,>3d,5,0.8563,17.13,4,100000,100000,0,48.13
PV04595,20,C18,Oncology,72,2-6h,25,0.8064,16.13,10,75000,75000,0,79.93
PV04596,23,I60,Neurosurgery,98,1-3d,10,0.8394,16.79,10,100000,75000,25000,75.99
PV04597,60,I20,Cardiology,80,2-6h,25,0.8772,17.54,4,500000,100000,400000,78.54
PV04598,79,I21,Cardiology,95,6-24h,20,0.83,16.6,2,750000,100000,650000,76.6
PV04599,45,K92,Gastroenterology,88,1-3d,10,0.6633,13.27,6,100000,75000,25000,64.47
PV04600,61,N20,Urology,55,1-3d,10,0.6382,12.76,4,50000,50000,0,48.76
PV04601,32,C22,Oncology,73,1-3d,10,0.9709,19.42,8,500000,10000,490000,66.62
PV04602,49,K92,Gastroenterology,88,>3d,5,0.5565,11.13,6,500000,25000,475000,57.33
PV04603,69,I74,Vascular Surgery,92,1-3d,10,0.8396,16.79,4,50000,50000,0,67.59
PV04604,62,K80,General Surgery,65,>3d,5,0.7965,15.93,4,75000,75000,0,50.93
PV04605,25,A41,Critical Care,98,>3d,5,0.8361,16.72,10,150000,50000,100000,70.92
PV04606,77,O72,Obstetrics,95,1-3d,10,0.706,14.12,2,200000,0,200000,64.12
PV04607,81,J96,Critical Care,98,6-24h,20,0.8551,17.1,2,75000,10000,65000,78.3
PV04608,50,O72,Obstetrics,95,1-3d,10,0.8406,16.81,6,300000,200000,100000,70.81
PV04609,41,I20,Cardiology,80,1-3d,10,0.99,19.8,8,200000,10000,190000,69.8
PV04610,54,S72,Orthopedics,76,>3d,5,0.833,16.66,6,500000,25000,475000,58.06
PV04611,72,I61,Neurosurgery,98,<2h,30,0.9548,19.1,4,1000000,0,1000000,92.3
PV04612,48,I74,Vascular Surgery,92,6-24h,20,0.6701,13.4,6,75000,10000,65000,76.2
PV04613,20,S32,Orthopedics,82,6-24h,20,0.922,18.44,10,200000,150000,50000,81.24
PV04614,22,O00,Obstetrics,96,6-24h,20,0.8426,16.85,10,750000,25000,725000,85.25
PV04615,73,N17,Nephrology,82,1-3d,10,0.847,16.94,4,50000,50000,0,63.74
PV04616,71,S27,Trauma,88,<2h,30,0.8484,16.97,4,750000,150000,600000,86.17
PV04617,70,I71,Cardiovascular Surgery,99,6-24h,20,0.99,19.8,4,150000,100000,50000,83.4
PV04618,26,J18,Pulmonology,78,1-3d,10,0.8455,16.91,10,500000,25000,475000,68.11
PV04619,29,C18,Oncology,72,6-24h,20,0.7416,14.83,10,400000,200000,200000,73.63
PV04620,44,I20,Cardiology,80,2-6h,25,0.7584,15.17,8,1000000,75000,925000,80.17
PV04621,33,C18,Oncology,72,1-3d,10,0.9017,18.03,8,75000,75000,0,64.83
PV04622,44,C22,Oncology,73,1-3d,10,0.8647,17.29,8,750000,25000,725000,64.49
PV04623,55,T79,Trauma,92,>3d,5,0.667,13.34,6,300000,100000,200000,61.14
PV04624,37,I61,Neurosurgery,98,1-3d,10,0.8715,17.43,8,500000,100000,400000,74.63
PV04625,26,S36,Trauma,90,>3d,5,0.7118,14.24,10,500000,75000,425000,65.24
PV04626,45,S36,Trauma,90,2-6h,25,0.8638,17.28,6,300000,75000,225000,84.28
PV04627,67,I21,Cardiology,95,1-3d,10,0.7394,14.79,4,200000,100000,100000,66.79
PV04628,60,K56,General Surgery,85,1-3d,10,0.7919,15.84,4,750000,200000,550000,63.84
PV04629,39,K80,General Surgery,65,1-3d,10,0.7655,15.31,8,300000,150000,150000,59.31
PV04630,39,K85,General Surgery,82,6-24h,20,0.9719,19.44,8,1000000,25000,975000,80.24
PV04631,57,K35,General Surgery,70,2-6h,25,0.8602,17.2,6,400000,200000,200000,76.2
PV04632,29,I71,Cardiovascular Surgery,99,<2h,30,0.9461,18.92,10,400000,25000,375000,98.52
PV04633,74,I71,Cardiovascular Surgery,99,1-3d,10,0.99,19.8,4,300000,10000,290000,73.4
PV04634,77,K56,General Surgery,85,1-3d,10,0.8247,16.49,2,100000,10000,90000,62.49
PV04635,19,S06,Neurosurgery,95,2-6h,25,0.9702,19.4,10,500000,100000,400000,92.4
PV04636,84,K80,General Surgery,65,1-3d,10,0.7501,15.0,2,100000,50000,50000,53.0
PV04637,19,T79,Trauma,92,1-3d,10,0.9455,18.91,10,400000,150000,250000,75.71
PV04638,49,O72,Obstetrics,95,1-3d,10,0.7392,14.78,6,500000,150000,350000,68.78
PV04639,63,C18,Oncology,72,6-24h,20,0.8182,16.36,4,200000,75000,125000,69.16
PV04640,40,N39,Urology,50,>3d,5,0.8737,17.47,8,1000000,10000,990000,50.47
PV04641,31,G93,Neurology,80,1-3d,10,0.8894,17.79,8,75000,0,75000,67.79
PV04642,21,I21,Cardiology,95,1-3d,10,0.6927,13.85,10,100000,100000,0,71.85
PV04643,67,K92,Gastroenterology,88,1-3d,10,0.7333,14.67,4,150000,25000,125000,63.87
PV04644,20,I61,Neurosurgery,98,1-3d,10,0.8811,17.62,10,1000000,0,1000000,76.82
PV04645,50,I21,Cardiology,95,2-6h,25,0.7832,15.66,6,300000,50000,250000,84.66
PV04646,44,S27,Trauma,88,>3d,5,0.6803,13.61,8,100000,100000,0,61.81
PV04647,83,K80,General Surgery,65,6-24h,20,0.8129,16.26,2,1000000,0,1000000,64.26
PV04648,81,I61,Neurosurgery,98,1-3d,10,0.8081,16.16,2,200000,100000,100000,67.36
PV04649,73,I71,Cardiovascular Surgery,99,>3d,5,0.8377,16.75,4,100000,50000,50000,65.35
PV04650,67,J96,Critical Care,98,1-3d,10,0.8729,17.46,4,1000000,200000,800000,70.66
PV04651,54,S36,Trauma,90,1-3d,10,0.8666,17.33,6,75000,50000,25000,69.33
PV04652,41,C22,Oncology,73,2-6h,25,0.7432,14.86,8,1000000,75000,925000,77.06
PV04653,29,I74,Vascular Surgery,92,6-24h,20,0.7789,15.58,10,50000,50000,0,82.38
PV04654,83,A41,Critical Care,98,1-3d,10,0.9128,18.26,2,300000,100000,200000,69.46
PV04655,44,S06,Neurosurgery,95,2-6h,25,0.7657,15.31,8,300000,0,300000,86.31
PV04656,47,K56,General Surgery,85,2-6h,25,0.7805,15.61,6,1000000,0,1000000,80.61
PV04657,27,S06,Neurosurgery,95,>3d,5,0.6696,13.39,10,1000000,75000,925000,66.39
PV04658,36,J18,Pulmonology,78,6-24h,20,0.8171,16.34,8,750000,50000,700000,75.54
PV04659,61,S27,Trauma,88,6-24h,20,0.8545,17.09,4,1000000,10000,990000,76.29
PV04660,46,O72,Obstetrics,95,6-24h,20,0.6225,12.45,6,750000,150000,600000,76.45
PV04661,57,T79,Trauma,92,1-3d,10,0.713,14.26,6,300000,100000,200000,67.06
PV04662,32,J18,Pulmonology,78,6-24h,20,0.6778,13.56,8,750000,0,750000,72.76
PV04663,23,K35,General Surgery,70,1-3d,10,0.8988,17.98,10,500000,10000,490000,65.98
PV04664,78,S36,Trauma,90,6-24h,20,0.6288,12.58,2,150000,150000,0,70.58
PV04665,47,I74,Vascular Surgery,92,<2h,30,0.8121,16.24,6,750000,50000,700000,89.04
PV04666,42,T79,Trauma,92,6-24h,20,0.8918,17.84,8,50000,25000,25000,82.64
PV04667,37,I74,Vascular Surgery,92,<2h,30,0.8388,16.78,8,75000,75000,0,91.58
PV04668,62,K35,General Surgery,70,1-3d,10,0.776,15.52,4,75000,25000,50000,57.52
PV04669,56,K80,General Surgery,65,2-6h,25,0.8546,17.09,6,300000,0,300000,74.09
PV04670,44,S27,Trauma,88,2-6h,25,0.9237,18.47,8,50000,50000,0,86.67
PV04671,81,I61,Neurosurgery,98,6-24h,20,0.8092,16.18,2,100000,100000,0,77.38
PV04672,79,C50,Oncology,65,2-6h,25,0.5961,11.92,2,100000,0,100000,64.92
PV04673,31,A41,Critical Care,98,1-3d,10,0.9348,18.7,8,100000,10000,90000,75.9
PV04674,61,I20,Cardiology,80,6-24h,20,0.86,17.2,4,50000,50000,0,73.2
PV04675,83,T79,Trauma,92,>3d,5,0.8167,16.33,2,100000,100000,0,60.13
PV04676,51,S36,Trauma,90,2-6h,25,0.622,12.44,6,100000,100000,0,79.44
PV04677,20,N17,Nephrology,82,1-3d,10,0.7902,15.8,10,500000,75000,425000,68.6
PV04678,26,J18,Pulmonology,78,1-3d,10,0.7325,14.65,10,300000,0,300000,65.85
PV04679,63,C34,Oncology,74,2-6h,25,0.6984,13.97,4,150000,25000,125000,72.57
PV04680,79,I61,Neurosurgery,98,1-3d,10,0.8064,16.13,2,75000,25000,50000,67.33
PV04681,26,I74,Vascular Surgery,92,>3d,5,0.7664,15.33,10,300000,200000,100000,67.13
PV04682,55,K56,General Surgery,85,1-3d,10,0.773,15.46,6,150000,0,150000,65.46
PV04683,51,C50,Oncology,65,>3d,5,0.894,17.88,6,400000,50000,350000,54.88
PV04684,37,I61,Neurosurgery,98,1-3d,10,0.8456,16.91,8,100000,75000,25000,74.11
PV04685,60,O00,Obstetrics,96,6-24h,20,0.7704,15.41,4,1000000,25000,975000,77.81
PV04686,77,N20,Urology,55,>3d,5,0.7578,15.16,2,50000,50000,0,44.16
PV04687,34,K92,Gastroenterology,88,6-24h,20,0.7745,15.49,8,750000,10000,740000,78.69
PV04688,21,I71,Cardiovascular Surgery,99,1-3d,10,0.7953,15.91,10,400000,200000,200000,75.51
PV04689,42,I21,Cardiology,95,1-3d,10,0.8784,17.57,8,400000,50000,350000,73.57
PV04690,39,N20,Urology,55,>3d,5,0.7157,14.31,8,750000,25000,725000,49.31
PV04691,67,I21,Cardiology,95,>3d,5,0.9658,19.32,4,200000,200000,0,66.32
PV04692,54,I60,Neurosurgery,98,2-6h,25,0.8785,17.57,6,500000,10000,490000,87.77
PV04693,19,C22,Oncology,73,1-3d,10,0.5462,10.92,10,300000,50000,250000,60.12
PV04694,41,G93,Neurology,80,2-6h,25,0.8285,16.57,8,400000,0,400000,81.57
PV04695,67,N20,Urology,55,1-3d,10,0.9241,18.48,4,300000,75000,225000,54.48
PV04696,50,G93,Neurology,80,1-3d,10,0.8589,17.18,6,1000000,25000,975000,65.18
PV04697,56,I61,Neurosurgery,98,2-6h,25,0.7788,15.58,6,150000,100000,50000,85.78
PV04698,35,I61,Neurosurgery,98,1-3d,10,0.8139,16.28,8,500000,75000,425000,73.48
PV04699,39,I74,Vascular Surgery,92,6-24h,20,0.8378,16.76,8,75000,75000,0,81.56
PV04700,26,I21,Cardiology,95,1-3d,10,0.897,17.94,10,50000,50000,0,75.94
PV04701,23,I20,Cardiology,80,>3d,5,0.6785,13.57,10,500000,200000,300000,60.57
PV04702,20,I60,Neurosurgery,98,1-3d,10,0.7595,15.19,10,100000,10000,90000,74.39
PV04703,60,N17,Nephrology,82,1-3d,10,0.9839,19.68,4,50000,50000,0,66.48
PV04704,28,G93,Neurology,80,<2h,30,0.8233,16.47,10,400000,150000,250000,88.47
PV04705,57,K80,General Surgery,65,2-6h,25,0.9728,19.46,6,400000,10000,390000,76.46
PV04706,82,J96,Critical Care,98,<2h,30,0.99,19.8,2,400000,50000,350000,91.0
PV04707,65,O72,Obstetrics,95,6-24h,20,0.7708,15.42,4,200000,75000,125000,77.42
PV04708,57,N17,Nephrology,82,6-24h,20,0.7003,14.01,6,750000,150000,600000,72.81
PV04709,25,S32,Orthopedics,82,1-3d,10,0.7934,15.87,10,50000,0,50000,68.67
PV04710,51,S27,Trauma,88,1-3d,10,0.9299,18.6,6,75000,75000,0,69.8
PV04711,78,I71,Cardiovascular Surgery,99,2-6h,25,0.9439,18.88,2,150000,10000,140000,85.48
PV04712,44,S32,Orthopedics,82,1-3d,10,0.99,19.8,8,1000000,150000,850000,70.6
PV04713,74,I20,Cardiology,80,>3d,5,0.8163,16.33,4,500000,100000,400000,57.33
PV04714,66,O72,Obstetrics,95,2-6h,25,0.8688,17.38,4,300000,50000,250000,84.38
PV04715,36,I21,Cardiology,95,1-3d,10,0.7488,14.98,8,1000000,10000,990000,70.98
PV04716,27,O00,Obstetrics,96,<2h,30,0.5693,11.39,10,1000000,25000,975000,89.79
PV04717,19,I20,Cardiology,80,1-3d,10,0.816,16.32,10,75000,75000,0,68.32
PV04718,36,C22,Oncology,73,1-3d,10,0.7046,14.09,8,300000,10000,290000,61.29
PV04719,40,S27,Trauma,88,<2h,30,0.8843,17.69,8,1000000,100000,900000,90.89
PV04720,62,K35,General Surgery,70,6-24h,20,0.6319,12.64,4,75000,10000,65000,64.64
PV04721,56,J18,Pulmonology,78,>3d,5,0.7461,14.92,6,75000,0,75000,57.12
PV04722,50,T79,Trauma,92,6-24h,20,0.8468,16.94,6,150000,75000,75000,79.74
PV04723,67,K92,Gastroenterology,88,1-3d,10,0.8572,17.14,4,1000000,150000,850000,66.34
PV04724,70,I60,Neurosurgery,98,1-3d,10,0.8153,16.31,4,100000,100000,0,69.51
PV04725,66,I71,Cardiovascular Surgery,99,2-6h,25,0.99,19.8,4,400000,75000,325000,88.4
PV04726,79,O72,Obstetrics,95,1-3d,10,0.9769,19.54,2,100000,75000,25000,69.54
PV04727,42,I61,Neurosurgery,98,1-3d,10,0.7516,15.03,8,500000,100000,400000,72.23
PV04728,73,I20,Cardiology,80,2-6h,25,0.9809,19.62,4,750000,50000,700000,80.62
PV04729,46,S06,Neurosurgery,95,>3d,5,0.99,19.8,6,50000,0,50000,68.8
PV04730,30,C34,Oncology,74,6-24h,20,0.8076,16.15,8,150000,10000,140000,73.75
PV04731,27,N39,Urology,50,1-3d,10,0.8245,16.49,10,300000,50000,250000,56.49
PV04732,24,C50,Oncology,65,2-6h,25,0.8149,16.3,10,75000,75000,0,77.3
PV04733,82,K80,General Surgery,65,2-6h,25,0.7555,15.11,2,400000,25000,375000,68.11
PV04734,29,J96,Critical Care,98,1-3d,10,0.7654,15.31,10,150000,10000,140000,74.51
PV04735,74,T79,Trauma,92,1-3d,10,0.9519,19.04,4,50000,50000,0,69.84
PV04736,71,S27,Trauma,88,6-24h,20,0.8637,17.27,4,400000,0,400000,76.47
PV04737,47,I60,Neurosurgery,98,1-3d,10,0.7646,15.29,6,50000,50000,0,70.49
PV04738,80,K85,General Surgery,82,6-24h,20,0.7274,14.55,2,100000,0,100000,69.35
PV04739,79,K85,General Surgery,82,6-24h,20,0.7442,14.88,2,75000,25000,50000,69.68
PV04740,80,O00,Obstetrics,96,1-3d,10,0.8036,16.07,2,50000,50000,0,66.47
PV04741,51,J96,Critical Care,98,1-3d,10,0.9113,18.23,6,200000,150000,50000,73.43
PV04742,38,S72,Orthopedics,76,6-24h,20,0.734,14.68,8,750000,50000,700000,73.08
PV04743,20,S27,Trauma,88,1-3d,10,0.9102,18.2,10,150000,0,150000,73.4
PV04744,75,I74,Vascular Surgery,92,1-3d,10,0.8397,16.79,2,100000,100000,0,65.59
PV04745,77,C50,Oncology,65,>3d,5,0.8343,16.69,2,750000,200000,550000,49.69
PV04746,54,I74,Vascular Surgery,92,1-3d,10,0.9226,18.45,6,1000000,50000,950000,71.25
PV04747,22,K80,General Surgery,65,6-24h,20,0.9043,18.09,10,150000,0,150000,74.09
PV04748,73,J96,Critical Care,98,6-24h,20,0.6795,13.59,4,50000,50000,0,76.79
PV04749,38,G93,Neurology,80,>3d,5,0.7116,14.23,8,500000,150000,350000,59.23
PV04750,55,K85,General Surgery,82,>3d,5,0.797,15.94,6,400000,150000,250000,59.74
PV04751,62,I60,Neurosurgery,98,2-6h,25,0.8556,17.11,4,1000000,100000,900000,85.31
PV04752,27,K35,General Surgery,70,6-24h,20,0.9565,19.13,10,400000,150000,250000,77.13
PV04753,22,T79,Trauma,92,6-24h,20,0.8265,16.53,10,1000000,75000,925000,83.33
PV04754,23,I20,Cardiology,80,>3d,5,0.99,19.8,10,75000,10000,65000,66.8
PV04755,83,A41,Critical Care,98,>3d,5,0.7493,14.99,2,75000,75000,0,61.19
PV04756,83,C18,Oncology,72,1-3d,10,0.7662,15.32,2,400000,10000,390000,56.12
PV04757,47,J18,Pulmonology,78,6-24h,20,0.7894,15.79,6,500000,100000,400000,72.99
PV04758,46,K35,General Surgery,70,>3d,5,0.7383,14.77,6,150000,10000,140000,53.77
PV04759,45,S72,Orthopedics,76,<2h,30,0.9359,18.72,6,200000,0,200000,85.12
PV04760,41,C50,Oncology,65,6-24h,20,0.543,10.86,8,150000,50000,100000,64.86
PV04761,54,C22,Oncology,73,6-24h,20,0.7696,15.39,6,50000,50000,0,70.59
PV04762,42,G93,Neurology,80,1-3d,10,0.9348,18.7,8,750000,10000,740000,68.7
PV04763,59,I61,Neurosurgery,98,1-3d,10,0.7888,15.78,6,1000000,150000,850000,70.98
PV04764,43,J96,Critical Care,98,6-24h,20,0.9273,18.55,8,1000000,100000,900000,85.75
PV04765,60,S72,Orthopedics,76,2-6h,25,0.99,19.8,4,300000,150000,150000,79.2
PV04766,82,K35,General Surgery,70,1-3d,10,0.828,16.56,2,75000,25000,50000,56.56
PV04767,31,J18,Pulmonology,78,<2h,30,0.9369,18.74,8,200000,100000,100000,87.94
PV04768,22,I21,Cardiology,95,6-24h,20,0.99,19.8,10,400000,200000,200000,87.8
PV04769,53,S06,Neurosurgery,95,2-6h,25,0.8602,17.2,6,75000,10000,65000,86.2
PV04770,26,I60,Neurosurgery,98,6-24h,20,0.8152,16.3,10,75000,75000,0,85.5
PV04771,33,I71,Cardiovascular Surgery,99,6-24h,20,0.9102,18.2,8,1000000,100000,900000,85.8
PV04772,71,K80,General Surgery,65,1-3d,10,0.9384,18.77,4,50000,50000,0,58.77
PV04773,46,K56,General Surgery,85,6-24h,20,0.8161,16.32,6,300000,100000,200000,76.32
PV04774,55,C22,Oncology,73,6-24h,20,0.7716,15.43,6,75000,75000,0,70.63
PV04775,70,I71,Cardiovascular Surgery,99,1-3d,10,0.99,19.8,4,50000,50000,0,73.4
PV04776,26,I60,Neurosurgery,98,2-6h,25,0.7929,15.86,10,400000,0,400000,90.06
PV04777,50,K85,General Surgery,82,1-3d,10,0.9394,18.79,6,75000,0,75000,67.59
PV04778,20,K80,General Surgery,65,6-24h,20,0.8463,16.93,10,500000,0,500000,72.93
PV04779,51,S06,Neurosurgery,95,>3d,5,0.99,19.8,6,750000,200000,550000,68.8
PV04780,33,I61,Neurosurgery,98,<2h,30,0.7351,14.7,8,300000,50000,250000,91.9
PV04781,79,G93,Neurology,80,1-3d,10,0.7349,14.7,2,75000,75000,0,58.7
PV04782,35,J18,Pulmonology,78,1-3d,10,0.9054,18.11,8,1000000,200000,800000,67.31
PV04783,31,K85,General Surgery,82,1-3d,10,0.707,14.14,8,150000,25000,125000,64.94
PV04784,18,K80,General Surgery,65,1-3d,10,0.8317,16.63,10,500000,0,500000,62.63
PV04785,27,G93,Neurology,80,2-6h,25,0.9748,19.5,10,75000,75000,0,86.5
PV04786,32,K85,General Surgery,82,6-24h,20,0.6415,12.83,8,75000,50000,25000,73.63
PV04787,33,N17,Nephrology,82,>3d,5,0.8602,17.2,8,400000,25000,375000,63.0
PV04788,68,I21,Cardiology,95,>3d,5,0.9412,18.82,4,100000,100000,0,65.82
PV04789,78,I74,Vascular Surgery,92,6-24h,20,0.8174,16.35,2,300000,50000,250000,75.15
PV04790,76,J18,Pulmonology,78,1-3d,10,0.7273,14.55,2,300000,25000,275000,57.75
PV04791,83,K56,General Surgery,85,1-3d,10,0.7937,15.87,2,75000,50000,25000,61.87
PV04792,79,C22,Oncology,73,1-3d,10,0.7361,14.72,2,150000,150000,0,55.92
PV04793,48,C22,Oncology,73,>3d,5,0.8269,16.54,6,75000,25000,50000,56.74
PV04794,44,J96,Critical Care,98,1-3d,10,0.7923,15.85,8,50000,50000,0,73.05
PV04795,62,S36,Trauma,90,6-24h,20,0.7687,15.37,4,1000000,75000,925000,75.37
PV04796,39,K56,General Surgery,85,1-3d,10,0.8666,17.33,8,50000,0,50000,69.33
PV04797,59,O00,Obstetrics,96,6-24h,20,0.9779,19.56,6,750000,0,750000,83.96
PV04798,85,S06,Neurosurgery,95,2-6h,25,0.8528,17.06,2,200000,75000,125000,82.06
PV04799,31,S36,Trauma,90,1-3d,10,0.9544,19.09,8,100000,10000,90000,73.09
PV04800,70,N17,Nephrology,82,1-3d,10,0.9779,19.56,4,300000,10000,290000,66.36
PV04801,81,C18,Oncology,72,<2h,30,0.7613,15.23,2,1000000,50000,950000,76.03
PV04802,54,J18,Pulmonology,78,1-3d,10,0.8475,16.95,6,400000,50000,350000,64.15
PV04803,42,A41,Critical Care,98,6-24h,20,0.7775,15.55,8,50000,50000,0,82.75
PV04804,35,S32,Orthopedics,82,<2h,30,0.6718,13.44,8,500000,200000,300000,84.24
PV04805,29,C50,Oncology,65,1-3d,10,0.8556,17.11,10,500000,200000,300000,63.11
PV04806,39,K80,General Surgery,65,1-3d,10,0.7148,14.3,8,1000000,0,1000000,58.3
PV04807,68,O72,Obstetrics,95,6-24h,20,0.8684,17.37,4,100000,100000,0,79.37
PV04808,53,I20,Cardiology,80,<2h,30,0.6644,13.29,6,750000,200000,550000,81.29
PV04809,33,S36,Trauma,90,1-3d,10,0.8371,16.74,8,150000,75000,75000,70.74
PV04810,54,T79,Trauma,92,<2h,30,0.6629,13.26,6,150000,150000,0,86.06
PV04811,73,A41,Critical Care,98,>3d,5,0.8874,17.75,4,400000,150000,250000,65.95
PV04812,18,J96,Critical Care,98,6-24h,20,0.7807,15.61,10,300000,100000,200000,84.81
PV04813,19,O00,Obstetrics,96,>3d,5,0.771,15.42,10,100000,50000,50000,68.82
PV04814,83,N17,Nephrology,82,<2h,30,0.9327,18.65,2,100000,25000,75000,83.45
PV04815,68,K80,General Surgery,65,2-6h,25,0.7878,15.76,4,400000,50000,350000,70.76
PV04816,57,I71,Cardiovascular Surgery,99,6-24h,20,0.8311,16.62,6,1000000,25000,975000,82.22
PV04817,79,I20,Cardiology,80,1-3d,10,0.8001,16.0,2,100000,75000,25000,60.0
PV04818,58,I74,Vascular Surgery,92,>3d,5,0.8707,17.41,6,300000,50000,250000,65.21
PV04819,53,N17,Nephrology,82,1-3d,10,0.9243,18.49,6,150000,25000,125000,67.29
PV04820,32,N39,Urology,50,6-24h,20,0.9036,18.07,8,100000,10000,90000,66.07
PV04821,73,N17,Nephrology,82,<2h,30,0.7733,15.47,4,500000,75000,425000,82.27
PV04822,70,C50,Oncology,65,1-3d,10,0.9409,18.82,4,500000,0,500000,58.82
PV04823,38,N39,Urology,50,6-24h,20,0.7284,14.57,8,200000,25000,175000,62.57
PV04824,68,C22,Oncology,73,>3d,5,0.7458,14.92,4,200000,0,200000,53.12
PV04825,67,O72,Obstetrics,95,6-24h,20,0.8072,16.14,4,200000,25000,175000,78.14
PV04826,24,S27,Trauma,88,1-3d,10,0.9247,18.49,10,1000000,100000,900000,73.69
PV04827,28,K56,General Surgery,85,1-3d,10,0.703,14.06,10,1000000,100000,900000,68.06
PV04828,58,N17,Nephrology,82,2-6h,25,0.9091,18.18,6,50000,0,50000,81.98
PV04829,60,N39,Urology,50,6-24h,20,0.8145,16.29,4,750000,100000,650000,60.29
PV04830,62,O72,Obstetrics,95,>3d,5,0.7766,15.53,4,150000,25000,125000,62.53
PV04831,43,K85,General Surgery,82,6-24h,20,0.9298,18.6,8,400000,50000,350000,79.4
PV04832,74,S06,Neurosurgery,95,1-3d,10,0.7397,14.79,4,1000000,100000,900000,66.79
PV04833,48,S36,Trauma,90,>3d,5,0.99,19.8,6,200000,0,200000,66.8
PV04834,32,J96,Critical Care,98,6-24h,20,0.8023,16.05,8,200000,10000,190000,83.25
PV04835,25,C22,Oncology,73,>3d,5,0.835,16.7,10,400000,10000,390000,60.9
PV04836,77,O00,Obstetrics,96,6-24h,20,0.9743,19.49,2,150000,25000,125000,79.89
PV04837,66,K35,General Surgery,70,1-3d,10,0.8376,16.75,4,100000,0,100000,58.75
PV04838,49,I61,Neurosurgery,98,6-24h,20,0.9389,18.78,6,400000,0,400000,83.98
PV04839,32,G93,Neurology,80,1-3d,10,0.6247,12.49,8,100000,75000,25000,62.49
PV04840,24,N39,Urology,50,<2h,30,0.7757,15.51,10,400000,0,400000,75.51
PV04841,28,K80,General Surgery,65,<2h,30,0.8597,17.19,10,100000,50000,50000,83.19
PV04842,25,S06,Neurosurgery,95,6-24h,20,0.9281,18.56,10,50000,10000,40000,86.56
PV04843,53,I61,Neurosurgery,98,6-24h,20,0.897,17.94,6,75000,75000,0,83.14
PV04844,31,K56,General Surgery,85,1-3d,10,0.8876,17.75,8,100000,10000,90000,69.75
PV04845,26,K80,General Surgery,65,<2h,30,0.9261,18.52,10,75000,50000,25000,84.52
PV04846,37,K80,General Surgery,65,2-6h,25,0.8675,17.35,8,150000,50000,100000,76.35
PV04847,65,G93,Neurology,80,2-6h,25,0.6057,12.11,4,200000,100000,100000,73.11
PV04848,51,I61,Neurosurgery,98,6-24h,20,0.9642,19.28,6,100000,10000,90000,84.48
PV04849,28,K35,General Surgery,70,6-24h,20,0.7362,14.72,10,300000,200000,100000,72.72
PV04850,68,N39,Urology,50,2-6h,25,0.8514,17.03,4,150000,25000,125000,66.03
PV04851,51,N39,Urology,50,1-3d,10,0.8381,16.76,6,50000,0,50000,52.76
PV04852,30,N20,Urology,55,1-3d,10,0.8247,16.49,8,150000,100000,50000,56.49
PV04853,65,S06,Neurosurgery,95,1-3d,10,0.7094,14.19,4,50000,50000,0,66.19
PV04854,85,I61,Neurosurgery,98,6-24h,20,0.6261,12.52,2,500000,100000,400000,73.72
PV04855,54,I60,Neurosurgery,98,>3d,5,0.7198,14.4,6,200000,200000,0,64.6
PV04856,28,C50,Oncology,65,1-3d,10,0.9026,18.05,10,300000,50000,250000,64.05
PV04857,39,G93,Neurology,80,1-3d,10,0.6753,13.51,8,75000,75000,0,63.51
PV04858,58,C18,Oncology,72,2-6h,25,0.732,14.64,6,200000,200000,0,74.44
PV04859,85,J96,Critical Care,98,6-24h,20,0.8618,17.24,2,750000,75000,675000,78.44
PV04860,81,K80,General Surgery,65,6-24h,20,0.7173,14.35,2,100000,100000,0,62.35
PV04861,81,I60,Neurosurgery,98,6-24h,20,0.7657,15.31,2,1000000,0,1000000,76.51
PV04862,74,T79,Trauma,92,1-3d,10,0.8282,16.56,4,200000,75000,125000,67.36
PV04863,57,I20,Cardiology,80,6-24h,20,0.8483,16.97,6,75000,0,75000,74.97
PV04864,62,N20,Urology,55,2-6h,25,0.7153,14.31,4,75000,50000,25000,65.31
PV04865,67,I20,Cardiology,80,2-6h,25,0.8341,16.68,4,200000,100000,100000,77.68
PV04866,66,J18,Pulmonology,78,2-6h,25,0.8599,17.2,4,1000000,0,1000000,77.4
PV04867,61,O72,Obstetrics,95,6-24h,20,0.6927,13.85,4,200000,50000,150000,75.85
PV04868,27,I74,Vascular Surgery,92,<2h,30,0.8415,16.83,10,75000,50000,25000,93.63
PV04869,77,N39,Urology,50,1-3d,10,0.7483,14.97,2,150000,10000,140000,46.97
PV04870,18,C50,Oncology,65,6-24h,20,0.8324,16.65,10,750000,75000,675000,72.65
PV04871,46,K56,General Surgery,85,1-3d,10,0.8923,17.85,6,1000000,150000,850000,67.85
PV04872,47,K92,Gastroenterology,88,>3d,5,0.8024,16.05,6,400000,200000,200000,62.25
PV04873,85,I60,Neurosurgery,98,>3d,5,0.9113,18.23,2,750000,200000,550000,64.43
PV04874,24,J18,Pulmonology,78,1-3d,10,0.8991,17.98,10,750000,200000,550000,69.18
PV04875,50,K56,General Surgery,85,6-24h,20,0.9108,18.22,6,200000,10000,190000,78.22
PV04876,42,C34,Oncology,74,1-3d,10,0.8603,17.21,8,750000,0,750000,64.81
PV04877,24,S27,Trauma,88,>3d,5,0.9301,18.6,10,50000,10000,40000,68.8
PV04878,33,S72,Orthopedics,76,6-24h,20,0.8585,17.17,8,750000,200000,550000,75.57
PV04879,46,C50,Oncology,65,2-6h,25,0.6533,13.07,6,300000,10000,290000,70.07
PV04880,80,K80,General Surgery,65,1-3d,10,0.7408,14.82,2,300000,150000,150000,52.82
PV04881,44,S36,Trauma,90,<2h,30,0.7989,15.98,8,1000000,50000,950000,89.98
PV04882,77,C22,Oncology,73,1-3d,10,0.8113,16.23,2,100000,100000,0,57.43
PV04883,67,O72,Obstetrics,95,2-6h,25,0.8558,17.12,4,75000,75000,0,84.12
PV04884,73,K35,General Surgery,70,2-6h,25,0.7393,14.79,4,400000,200000,200000,71.79
PV04885,76,I21,Cardiology,95,1-3d,10,0.99,19.8,2,500000,0,500000,69.8
PV04886,66,A41,Critical Care,98,1-3d,10,0.8098,16.2,4,50000,25000,25000,69.4
PV04887,67,C50,Oncology,65,1-3d,10,0.8192,16.38,4,200000,0,200000,56.38
PV04888,28,N17,Nephrology,82,1-3d,10,0.7529,15.06,10,150000,50000,100000,67.86
PV04889,66,K85,General Surgery,82,>3d,5,0.7197,14.39,4,750000,25000,725000,56.19
PV04890,21,O72,Obstetrics,95,6-24h,20,0.8074,16.15,10,750000,150000,600000,84.15
PV04891,68,G93,Neurology,80,>3d,5,0.8228,16.46,4,75000,75000,0,57.46
PV04892,62,J18,Pulmonology,78,6-24h,20,0.8113,16.23,4,300000,0,300000,71.43
PV04893,69,I60,Neurosurgery,98,2-6h,25,0.9855,19.71,4,500000,50000,450000,87.91
PV04894,61,I60,Neurosurgery,98,1-3d,10,0.8074,16.15,4,100000,100000,0,69.35
PV04895,43,O72,Obstetrics,95,6-24h,20,0.8114,16.23,8,1000000,100000,900000,82.23
PV04896,43,S27,Trauma,88,>3d,5,0.9015,18.03,8,750000,150000,600000,66.23
PV04897,58,G93,Neurology,80,<2h,30,0.8029,16.06,6,75000,10000,65000,84.06
PV04898,50,J18,Pulmonology,78,2-6h,25,0.8739,17.48,6,50000,50000,0,79.68
PV04899,41,K80,General Surgery,65,<2h,30,0.6921,13.84,8,300000,200000,100000,77.84
PV04900,51,J18,Pulmonology,78,1-3d,10,0.6929,13.86,6,750000,10000,740000,61.06
PV04901,54,K85,General Surgery,82,1-3d,10,0.8322,16.64,6,400000,100000,300000,65.44
PV04902,34,C34,Oncology,74,6-24h,20,0.7968,15.94,8,500000,100000,400000,73.54
PV04903,61,C18,Oncology,72,2-6h,25,0.7391,14.78,4,500000,200000,300000,72.58
PV04904,39,N20,Urology,55,6-24h,20,0.8322,16.64,8,75000,0,75000,66.64
PV04905,36,K56,General Surgery,85,6-24h,20,0.8409,16.82,8,50000,10000,40000,78.82
PV04906,46,C34,Oncology,74,1-3d,10,0.749,14.98,6,50000,50000,0,60.58
PV04907,25,I71,Cardiovascular Surgery,99,1-3d,10,0.7681,15.36,10,1000000,0,1000000,74.96
PV04908,59,S32,Orthopedics,82,2-6h,25,0.8417,16.83,6,1000000,50000,950000,80.63
PV04909,67,S32,Orthopedics,82,6-24h,20,0.7179,14.36,4,750000,25000,725000,71.16
PV04910,82,C18,Oncology,72,1-3d,10,0.7596,15.19,2,50000,50000,0,55.99
PV04911,37,K92,Gastroenterology,88,6-24h,20,0.8734,17.47,8,750000,50000,700000,80.67
PV04912,54,N17,Nephrology,82,6-24h,20,0.8176,16.35,6,1000000,150000,850000,75.15
PV04913,52,I21,Cardiology,95,1-3d,10,0.7723,15.45,6,500000,0,500000,69.45
PV04914,67,C18,Oncology,72,6-24h,20,0.7297,14.59,4,200000,75000,125000,67.39
PV04915,60,S32,Orthopedics,82,<2h,30,0.7187,14.37,4,50000,50000,0,81.17
PV04916,72,S06,Neurosurgery,95,6-24h,20,0.8068,16.14,4,150000,75000,75000,78.14
PV04917,75,S06,Neurosurgery,95,1-3d,10,0.99,19.8,2,100000,0,100000,69.8
PV04918,25,I71,Cardiovascular Surgery,99,6-24h,20,0.8766,17.53,10,400000,50000,350000,87.13
PV04919,42,G93,Neurology,80,1-3d,10,0.6867,13.73,8,750000,200000,550000,63.73
PV04920,62,O00,Obstetrics,96,6-24h,20,0.8907,17.81,4,200000,75000,125000,80.21
PV04921,54,C22,Oncology,73,6-24h,20,0.7441,14.88,6,50000,0,50000,70.08
PV04922,50,I20,Cardiology,80,1-3d,10,0.8195,16.39,6,150000,100000,50000,64.39
PV04923,29,N17,Nephrology,82,6-24h,20,0.7611,15.22,10,500000,200000,300000,78.02
PV04924,56,C50,Oncology,65,6-24h,20,0.99,19.8,6,400000,150000,250000,71.8
PV04925,68,I74,Vascular Surgery,92,2-6h,25,0.7066,14.13,4,50000,0,50000,79.93
PV04926,20,I61,Neurosurgery,98,1-3d,10,0.8514,17.03,10,150000,0,150000,76.23
PV04927,58,S36,Trauma,90,6-24h,20,0.7515,15.03,6,150000,10000,140000,77.03
PV04928,79,J18,Pulmonology,78,1-3d,10,0.8939,17.88,2,50000,25000,25000,61.08
PV04929,57,K56,General Surgery,85,6-24h,20,0.8493,16.99,6,150000,150000,0,76.99
PV04930,82,A41,Critical Care,98,6-24h,20,0.9455,18.91,2,750000,50000,700000,80.11
PV04931,41,I21,Cardiology,95,6-24h,20,0.8918,17.84,8,75000,75000,0,83.84
PV04932,18,K80,General Surgery,65,2-6h,25,0.7506,15.01,10,300000,0,300000,76.01
PV04933,64,I20,Cardiology,80,1-3d,10,0.99,19.8,4,400000,150000,250000,65.8
PV04934,32,T79,Trauma,92,2-6h,25,0.8755,17.51,8,400000,150000,250000,87.31
PV04935,18,S36,Trauma,90,>3d,5,0.7649,15.3,10,150000,150000,0,66.3
PV04936,30,J18,Pulmonology,78,<2h,30,0.8406,16.81,8,300000,75000,225000,86.01
PV04937,81,K92,Gastroenterology,88,1-3d,10,0.8831,17.66,2,500000,75000,425000,64.86
PV04938,71,J18,Pulmonology,78,<2h,30,0.8793,17.59,4,400000,0,400000,82.79
PV04939,36,I71,Cardiovascular Surgery,99,1-3d,10,0.8696,17.39,8,750000,200000,550000,74.99
PV04940,58,K85,General Surgery,82,2-6h,25,0.9166,18.33,6,100000,100000,0,82.13
PV04941,41,N20,Urology,55,1-3d,10,0.9068,18.14,8,75000,75000,0,58.14
PV04942,30,S72,Orthopedics,76,>3d,5,0.7352,14.7,8,1000000,25000,975000,58.1
PV04943,85,G93,Neurology,80,1-3d,10,0.99,19.8,2,500000,0,500000,63.8
PV04944,73,G93,Neurology,80,2-6h,25,0.99,19.8,4,200000,100000,100000,80.8
PV04945,42,I60,Neurosurgery,98,1-3d,10,0.9001,18.0,8,300000,100000,200000,75.2
PV04946,42,N20,Urology,55,6-24h,20,0.8239,16.48,8,1000000,10000,990000,66.48
PV04947,73,S36,Trauma,90,<2h,30,0.8256,16.51,4,750000,150000,600000,86.51
PV04948,49,O00,Obstetrics,96,6-24h,20,0.7876,15.75,6,750000,0,750000,80.15
PV04949,43,J96,Critical Care,98,1-3d,10,0.8006,16.01,8,300000,100000,200000,73.21
PV04950,44,S36,Trauma,90,6-24h,20,0.6013,12.03,8,500000,0,500000,76.03
PV04951,48,I74,Vascular Surgery,92,1-3d,10,0.973,19.46,6,300000,150000,150000,72.26
PV04952,53,I60,Neurosurgery,98,1-3d,10,0.9377,18.75,6,200000,50000,150000,73.95
PV04953,20,S32,Orthopedics,82,6-24h,20,0.6523,13.05,10,400000,25000,375000,75.85
PV04954,50,K35,General Surgery,70,6-24h,20,0.909,18.18,6,50000,50000,0,72.18
PV04955,47,S36,Trauma,90,1-3d,10,0.8192,16.38,6,750000,150000,600000,68.38
PV04956,36,K56,General Surgery,85,6-24h,20,0.8001,16.0,8,150000,75000,75000,78.0
PV04957,42,K35,General Surgery,70,2-6h,25,0.8693,17.39,8,300000,100000,200000,78.39
PV04958,46,S36,Trauma,90,6-24h,20,0.6457,12.91,6,400000,0,400000,74.91
PV04959,42,N39,Urology,50,>3d,5,0.8189,16.38,8,150000,150000,0,49.38
PV04960,79,K92,Gastroenterology,88,6-24h,20,0.8279,16.56,2,150000,75000,75000,73.76
PV04961,53,S36,Trauma,90,6-24h,20,0.828,16.56,6,75000,10000,65000,78.56
PV04962,52,O00,Obstetrics,96,2-6h,25,0.6833,13.67,6,50000,50000,0,83.07
PV04963,35,C22,Oncology,73,<2h,30,0.8647,17.29,8,750000,100000,650000,84.49
PV04964,80,J96,Critical Care,98,>3d,5,0.926,18.52,2,300000,150000,150000,64.72
PV04965,19,K92,Gastroenterology,88,1-3d,10,0.8607,17.21,10,400000,75000,325000,72.41
PV04966,55,S06,Neurosurgery,95,1-3d,10,0.7971,15.94,6,75000,25000,50000,69.94
PV04967,29,A41,Critical Care,98,1-3d,10,0.99,19.8,10,750000,25000,725000,79.0
PV04968,70,K85,General Surgery,82,6-24h,20,0.7275,14.55,4,150000,100000,50000,71.35
PV04969,43,I60,Neurosurgery,98,1-3d,10,0.8973,17.95,8,200000,150000,50000,75.15
PV04970,37,T79,Trauma,92,>3d,5,0.8443,16.89,8,300000,100000,200000,66.69
PV04971,21,G93,Neurology,80,1-3d,10,0.99,19.8,10,500000,150000,350000,71.8
PV04972,71,S36,Trauma,90,1-3d,10,0.8587,17.17,4,75000,75000,0,67.17
PV04973,44,G93,Neurology,80,6-24h,20,0.8801,17.6,8,1000000,50000,950000,77.6
PV04974,35,S32,Orthopedics,82,1-3d,10,0.8706,17.41,8,75000,50000,25000,68.21
PV04975,75,T79,Trauma,92,2-6h,25,0.7142,14.28,2,400000,50000,350000,78.08
PV04976,19,T79,Trauma,92,1-3d,10,0.7331,14.66,10,100000,0,100000,71.46
PV04977,49,J18,Pulmonology,78,6-24h,20,0.7924,15.85,6,1000000,75000,925000,73.05
PV04978,28,S06,Neurosurgery,95,1-3d,10,0.9157,18.31,10,300000,10000,290000,76.31
PV04979,26,N39,Urology,50,>3d,5,0.8433,16.87,10,1000000,200000,800000,51.87
PV04980,19,C18,Oncology,72,1-3d,10,0.7993,15.99,10,1000000,150000,850000,64.79
PV04981,30,N39,Urology,50,<2h,30,0.9572,19.14,8,100000,50000,50000,77.14
PV04982,82,K92,Gastroenterology,88,1-3d,10,0.6218,12.44,2,100000,75000,25000,59.64
PV04983,48,K56,General Surgery,85,>3d,5,0.6904,13.81,6,75000,0,75000,58.81
PV04984,85,S27,Trauma,88,1-3d,10,0.5703,11.41,2,500000,75000,425000,58.61
PV04985,36,K56,General Surgery,85,>3d,5,0.9408,18.82,8,50000,50000,0,65.82
PV04986,69,I60,Neurosurgery,98,1-3d,10,0.8103,16.21,4,75000,75000,0,69.41
PV04987,24,K92,Gastroenterology,88,>3d,5,0.9166,18.33,10,1000000,150000,850000,68.53
PV04988,25,N39,Urology,50,6-24h,20,0.8091,16.18,10,400000,0,400000,66.18
PV04989,19,N39,Urology,50,6-24h,20,0.9223,18.45,10,200000,200000,0,68.45
PV04990,79,I20,Cardiology,80,1-3d,10,0.8073,16.15,2,75000,25000,50000,60.15
PV04991,63,C34,Oncology,74,>3d,5,0.861,17.22,4,750000,0,750000,55.82
PV04992,68,O00,Obstetrics,96,2-6h,25,0.8464,16.93,4,750000,75000,675000,84.33
PV04993,81,C22,Oncology,73,2-6h,25,0.8538,17.08,2,50000,50000,0,73.28
PV04994,40,N17,Nephrology,82,6-24h,20,0.9885,19.77,8,500000,10000,490000,80.57
PV04995,67,C34,Oncology,74,1-3d,10,0.6576,13.15,4,150000,25000,125000,56.75
PV04996,52,A41,Critical Care,98,>3d,5,0.8132,16.26,6,400000,200000,200000,66.46
PV04997,54,K80,General Surgery,65,1-3d,10,0.8398,16.8,6,100000,10000,90000,58.8
PV04998,62,T79,Trauma,92,2-6h,25,0.8248,16.5,4,50000,0,50000,82.3
PV04999,49,C50,Oncology,65,6-24h,20,0.7802,15.6,6,500000,150000,350000,67.6
PV05000,19,O72,Obstetrics,95,>3d,5,0.7665,15.33,10,750000,100000,650000,68.33
PV05001,23,K56,General Surgery,85,6-24h,20,0.973,19.46,10,400000,50000,350000,83.46
PV05002,52,I60,Neurosurgery,98,2-6h,25,0.8129,16.26,6,75000,25000,50000,86.46
PV05003,56,C18,Oncology,72,6-24h,20,0.99,19.8,6,200000,150000,50000,74.6
PV05004,67,C50,Oncology,65,1-3d,10,0.8728,17.46,4,300000,150000,150000,57.46
PV05005,56,S32,Orthopedics,82,6-24h,20,0.791,15.82,6,500000,0,500000,74.62
PV05006,30,K92,Gastroenterology,88,2-6h,25,0.8753,17.51,8,500000,150000,350000,85.71
PV05007,42,O72,Obstetrics,95,6-24h,20,0.8309,16.62,8,750000,50000,700000,82.62
PV05008,48,T79,Trauma,92,>3d,5,0.9542,19.08,6,400000,25000,375000,66.88
PV05009,84,N20,Urology,55,6-24h,20,0.7032,14.06,2,1000000,25000,975000,58.06
PV05010,54,I71,Cardiovascular Surgery,99,6-24h,20,0.6399,12.8,6,750000,50000,700000,78.4
PV05011,61,G93,Neurology,80,2-6h,25,0.8561,17.12,4,100000,75000,25000,78.12
PV05012,68,I60,Neurosurgery,98,6-24h,20,0.9036,18.07,4,500000,200000,300000,81.27
PV05013,42,J18,Pulmonology,78,1-3d,10,0.8486,16.97,8,50000,0,50000,66.17
PV05014,83,K92,Gastroenterology,88,1-3d,10,0.8872,17.74,2,500000,75000,425000,64.94
PV05015,63,C34,Oncology,74,6-24h,20,0.8725,17.45,4,100000,0,100000,71.05
PV05016,75,K92,Gastroenterology,88,>3d,5,0.672,13.44,2,100000,0,100000,55.64
PV05017,68,I60,Neurosurgery,98,6-24h,20,0.8481,16.96,4,300000,25000,275000,80.16
PV05018,60,O00,Obstetrics,96,>3d,5,0.9517,19.03,4,150000,150000,0,66.43
PV05019,20,S32,Orthopedics,82,<2h,30,0.8372,16.74,10,400000,25000,375000,89.54
PV05020,57,C34,Oncology,74,6-24h,20,0.689,13.78,6,300000,25000,275000,69.38
PV05021,26,I20,Cardiology,80,>3d,5,0.7866,15.73,10,400000,200000,200000,62.73
PV05022,59,S72,Orthopedics,76,>3d,5,0.8757,17.51,6,300000,25000,275000,58.91
PV05023,65,C50,Oncology,65,1-3d,10,0.99,19.8,4,100000,100000,0,59.8
PV05024,55,S27,Trauma,88,1-3d,10,0.6244,12.49,6,400000,150000,250000,63.69
PV05025,38,I20,Cardiology,80,1-3d,10,0.8561,17.12,8,1000000,100000,900000,67.12
PV05026,22,S06,Neurosurgery,95,1-3d,10,0.7268,14.54,10,300000,200000,100000,72.54
PV05027,63,J96,Critical Care,98,6-24h,20,0.8708,17.42,4,400000,200000,200000,80.62
PV05028,65,I61,Neurosurgery,98,6-24h,20,0.8788,17.58,4,500000,0,500000,80.78
PV05029,50,N20,Urology,55,1-3d,10,0.7967,15.93,6,50000,10000,40000,53.93
PV05030,66,A41,Critical Care,98,1-3d,10,0.8832,17.66,4,75000,50000,25000,70.86
PV05031,70,I74,Vascular Surgery,92,>3d,5,0.934,18.68,4,300000,100000,200000,64.48
PV05032,52,G93,Neurology,80,6-24h,20,0.8035,16.07,6,150000,25000,125000,74.07
PV05033,21,K85,General Surgery,82,2-6h,25,0.6863,13.73,10,400000,100000,300000,81.53
PV05034,77,K35,General Surgery,70,2-6h,25,0.9626,19.25,2,1000000,200000,800000,74.25
PV05035,49,I21,Cardiology,95,1-3d,10,0.9029,18.06,6,500000,0,500000,72.06
PV05036,63,A41,Critical Care,98,<2h,30,0.8764,17.53,4,100000,100000,0,90.73
PV05037,79,N39,Urology,50,>3d,5,0.7509,15.02,2,150000,50000,100000,42.02
PV05038,42,N17,Nephrology,82,<2h,30,0.9185,18.37,8,75000,75000,0,89.17
PV05039,60,C22,Oncology,73,6-24h,20,0.99,19.8,4,50000,50000,0,73.0
PV05040,19,A41,Critical Care,98,1-3d,10,0.8079,16.16,10,500000,0,500000,75.36
PV05041,78,K85,General Surgery,82,6-24h,20,0.8294,16.59,2,400000,200000,200000,71.39
PV05042,22,K35,General Surgery,70,1-3d,10,0.7135,14.27,10,75000,0,75000,62.27
PV05043,54,S36,Trauma,90,2-6h,25,0.748,14.96,6,500000,25000,475000,81.96
PV05044,41,N17,Nephrology,82,6-24h,20,0.7125,14.25,8,200000,75000,125000,75.05
PV05045,20,T79,Trauma,92,1-3d,10,0.8331,16.66,10,750000,200000,550000,73.46
PV05046,49,S36,Trauma,90,>3d,5,0.7859,15.72,6,500000,10000,490000,62.72
PV05047,81,S32,Orthopedics,82,2-6h,25,0.8573,17.15,2,100000,75000,25000,76.95
PV05048,29,C18,Oncology,72,6-24h,20,0.7308,14.62,10,200000,0,200000,73.42
PV05049,37,I71,Cardiovascular Surgery,99,1-3d,10,0.8032,16.06,8,100000,25000,75000,73.66
PV05050,30,N39,Urology,50,>3d,5,0.7246,14.49,8,1000000,25000,975000,47.49
PV05051,26,S72,Orthopedics,76,1-3d,10,0.8388,16.78,10,300000,50000,250000,67.18
PV05052,33,K35,General Surgery,70,1-3d,10,0.6568,13.14,8,750000,100000,650000,59.14
PV05053,56,K92,Gastroenterology,88,6-24h,20,0.8352,16.7,6,300000,100000,200000,77.9
PV05054,71,N39,Urology,50,1-3d,10,0.7921,15.84,4,300000,100000,200000,49.84
PV05055,64,I60,Neurosurgery,98,>3d,5,0.8381,16.76,4,75000,0,75000,64.96
PV05056,70,N39,Urology,50,>3d,5,0.6548,13.1,4,1000000,150000,850000,42.1
PV05057,66,K92,Gastroenterology,88,1-3d,10,0.8855,17.71,4,400000,100000,300000,66.91
PV05058,44,T79,Trauma,92,1-3d,10,0.7901,15.8,8,100000,0,100000,70.6
PV05059,79,J96,Critical Care,98,>3d,5,0.8417,16.83,2,750000,200000,550000,63.03
PV05060,29,C18,Oncology,72,2-6h,25,0.633,12.66,10,100000,100000,0,76.46
PV05061,65,N17,Nephrology,82,6-24h,20,0.6957,13.91,4,50000,50000,0,70.71
PV05062,25,C18,Oncology,72,>3d,5,0.781,15.62,10,400000,50000,350000,59.42
PV05063,70,C18,Oncology,72,1-3d,10,0.9576,19.15,4,500000,150000,350000,61.95
PV05064,23,C34,Oncology,74,2-6h,25,0.8727,17.45,10,300000,25000,275000,82.05
PV05065,32,O00,Obstetrics,96,6-24h,20,0.833,16.66,8,500000,100000,400000,83.06
PV05066,44,C50,Oncology,65,1-3d,10,0.7276,14.55,8,100000,75000,25000,58.55
PV05067,65,O00,Obstetrics,96,1-3d,10,0.7094,14.19,4,100000,75000,25000,66.59
PV05068,21,I21,Cardiology,95,1-3d,10,0.8477,16.95,10,150000,150000,0,74.95
PV05069,35,I60,Neurosurgery,98,<2h,30,0.8901,17.8,8,100000,10000,90000,95.0
PV05070,40,K92,Gastroenterology,88,6-24h,20,0.8409,16.82,8,100000,0,100000,80.02
PV05071,67,N39,Urology,50,<2h,30,0.99,19.8,4,50000,50000,0,73.8
PV05072,83,J18,Pulmonology,78,>3d,5,0.7518,15.04,2,100000,100000,0,53.24
PV05073,59,K56,General Surgery,85,2-6h,25,0.8379,16.76,6,300000,25000,275000,81.76
PV05074,52,S32,Orthopedics,82,1-3d,10,0.6507,13.01,6,150000,75000,75000,61.81
PV05075,40,K35,General Surgery,70,1-3d,10,0.8411,16.82,8,200000,200000,0,62.82
PV05076,73,S36,Trauma,90,1-3d,10,0.9669,19.34,4,1000000,75000,925000,69.34
PV05077,25,I74,Vascular Surgery,92,1-3d,10,0.7158,14.32,10,50000,0,50000,71.12
PV05078,26,I21,Cardiology,95,1-3d,10,0.9042,18.08,10,750000,200000,550000,76.08
PV05079,31,T79,Trauma,92,1-3d,10,0.9641,19.28,8,50000,50000,0,74.08
PV05080,36,O00,Obstetrics,96,2-6h,25,0.751,15.02,8,300000,100000,200000,86.42
PV05081,49,I74,Vascular Surgery,92,6-24h,20,0.8667,17.33,6,75000,75000,0,80.13
PV05082,82,O00,Obstetrics,96,1-3d,10,0.978,19.56,2,200000,75000,125000,69.96
PV05083,62,I21,Cardiology,95,6-24h,20,0.843,16.86,4,750000,75000,675000,78.86
PV05084,44,S72,Orthopedics,76,1-3d,10,0.8987,17.97,8,50000,25000,25000,66.37
PV05085,32,O00,Obstetrics,96,6-24h,20,0.6426,12.85,8,300000,100000,200000,79.25
PV05086,62,K85,General Surgery,82,1-3d,10,0.8797,17.59,4,200000,75000,125000,64.39
PV05087,35,T79,Trauma,92,2-6h,25,0.8717,17.43,8,200000,150000,50000,87.23
PV05088,84,J96,Critical Care,98,1-3d,10,0.6874,13.75,2,400000,150000,250000,64.95
PV05089,50,K35,General Surgery,70,2-6h,25,0.7236,14.47,6,150000,100000,50000,73.47
PV05090,55,O00,Obstetrics,96,1-3d,10,0.8804,17.61,6,500000,200000,300000,72.01
PV05091,79,I20,Cardiology,80,6-24h,20,0.7897,15.79,2,100000,50000,50000,69.79
PV05092,38,S36,Trauma,90,1-3d,10,0.9312,18.62,8,150000,150000,0,72.62
PV05093,50,I60,Neurosurgery,98,2-6h,25,0.8511,17.02,6,200000,25000,175000,87.22
PV05094,54,C22,Oncology,73,1-3d,10,0.8256,16.51,6,1000000,150000,850000,61.71
PV05095,36,S72,Orthopedics,76,1-3d,10,0.803,16.06,8,300000,25000,275000,64.46
PV05096,21,K56,General Surgery,85,>3d,5,0.8493,16.99,10,750000,100000,650000,65.99
PV05097,37,C18,Oncology,72,1-3d,10,0.9003,18.01,8,75000,0,75000,64.81
PV05098,25,I74,Vascular Surgery,92,1-3d,10,0.8734,17.47,10,50000,50000,0,74.27
PV05099,63,K92,Gastroenterology,88,1-3d,10,0.7777,15.55,4,300000,25000,275000,64.75
PV05100,18,I71,Cardiovascular Surgery,99,2-6h,25,0.9439,18.88,10,1000000,10000,990000,93.48
PV05101,39,N17,Nephrology,82,1-3d,10,0.8858,17.72,8,100000,25000,75000,68.52
PV05102,78,N17,Nephrology,82,6-24h,20,0.8585,17.17,2,100000,50000,50000,71.97
PV05103,56,J96,Critical Care,98,1-3d,10,0.8292,16.58,6,75000,10000,65000,71.78
PV05104,63,O72,Obstetrics,95,<2h,30,0.87,17.4,4,1000000,75000,925000,89.4
PV05105,63,S06,Neurosurgery,95,6-24h,20,0.6368,12.74,4,50000,0,50000,74.74
PV05106,38,C34,Oncology,74,1-3d,10,0.8441,16.88,8,400000,75000,325000,64.48
PV05107,60,K80,General Surgery,65,6-24h,20,0.984,19.68,4,150000,25000,125000,69.68
PV05108,33,K92,Gastroenterology,88,6-24h,20,0.842,16.84,8,200000,75000,125000,80.04
PV05109,61,I74,Vascular Surgery,92,6-24h,20,0.8283,16.57,4,500000,10000,490000,77.37
PV05110,64,I71,Cardiovascular Surgery,99,1-3d,10,0.7604,15.21,4,200000,200000,0,68.81
PV05111,77,N17,Nephrology,82,2-6h,25,0.8693,17.39,2,50000,0,50000,77.19
PV05112,80,C50,Oncology,65,6-24h,20,0.8005,16.01,2,300000,150000,150000,64.01
PV05113,19,C22,Oncology,73,>3d,5,0.9509,19.02,10,50000,25000,25000,63.22
PV05114,38,I21,Cardiology,95,>3d,5,0.7336,14.67,8,750000,150000,600000,65.67
PV05115,55,J96,Critical Care,98,<2h,30,0.7748,15.5,6,1000000,75000,925000,90.7
PV05116,39,J96,Critical Care,98,1-3d,10,0.7599,15.2,8,750000,150000,600000,72.4
PV05117,60,J96,Critical Care,98,<2h,30,0.99,19.8,4,200000,75000,125000,93.0
PV05118,76,S72,Orthopedics,76,>3d,5,0.801,16.02,2,200000,150000,50000,53.42
PV05119,35,I20,Cardiology,80,6-24h,20,0.7652,15.3,8,300000,100000,200000,75.3
PV05120,78,I21,Cardiology,95,6-24h,20,0.6109,12.22,2,750000,100000,650000,72.22
PV05121,77,T79,Trauma,92,6-24h,20,0.7289,14.58,2,500000,75000,425000,73.38
PV05122,80,C18,Oncology,72,1-3d,10,0.8728,17.46,2,200000,25000,175000,58.26
PV05123,23,C18,Oncology,72,2-6h,25,0.8724,17.45,10,750000,150000,600000,81.25
PV05124,37,C50,Oncology,65,1-3d,10,0.7549,15.1,8,200000,150000,50000,59.1
PV05125,26,S06,Neurosurgery,95,6-24h,20,0.7604,15.21,10,500000,100000,400000,83.21
PV05126,26,K80,General Surgery,65,1-3d,10,0.99,19.8,10,100000,25000,75000,65.8
PV05127,21,J96,Critical Care,98,1-3d,10,0.99,19.8,10,200000,50000,150000,79.0
PV05128,47,O00,Obstetrics,96,2-6h,25,0.935,18.7,6,750000,100000,650000,88.1
PV05129,23,C50,Oncology,65,2-6h,25,0.9759,19.52,10,100000,10000,90000,80.52
PV05130,38,C18,Oncology,72,6-24h,20,0.99,19.8,8,400000,0,400000,76.6
PV05131,84,I74,Vascular Surgery,92,1-3d,10,0.99,19.8,2,100000,50000,50000,68.6
PV05132,78,S36,Trauma,90,<2h,30,0.7898,15.8,2,200000,75000,125000,83.8
PV05133,81,O72,Obstetrics,95,1-3d,10,0.7322,14.64,2,150000,150000,0,64.64
PV05134,20,I60,Neurosurgery,98,6-24h,20,0.99,19.8,10,400000,25000,375000,89.0
PV05135,62,N20,Urology,55,1-3d,10,0.7236,14.47,4,500000,10000,490000,50.47
PV05136,61,I61,Neurosurgery,98,1-3d,10,0.7171,14.34,4,750000,100000,650000,67.54
PV05137,27,S72,Orthopedics,76,<2h,30,0.7194,14.39,10,150000,150000,0,84.79
PV05138,79,C34,Oncology,74,6-24h,20,0.8069,16.14,2,75000,75000,0,67.74
PV05139,45,I61,Neurosurgery,98,1-3d,10,0.6216,12.43,6,1000000,100000,900000,67.63
PV05140,84,C22,Oncology,73,6-24h,20,0.6767,13.53,2,150000,0,150000,64.73
PV05141,25,S36,Trauma,90,1-3d,10,0.7578,15.16,10,400000,100000,300000,71.16
PV05142,62,I21,Cardiology,95,>3d,5,0.7004,14.01,4,150000,0,150000,61.01
PV05143,26,C34,Oncology,74,<2h,30,0.9262,18.52,10,750000,150000,600000,88.12
PV05144,82,N17,Nephrology,82,6-24h,20,0.8207,16.41,2,50000,50000,0,71.21
PV05145,59,C34,Oncology,74,6-24h,20,0.8777,17.55,6,50000,50000,0,73.15
PV05146,23,K80,General Surgery,65,2-6h,25,0.8668,17.34,10,150000,10000,140000,78.34
PV05147,32,O72,Obstetrics,95,>3d,5,0.7993,15.99,8,200000,25000,175000,66.99
PV05148,42,T79,Trauma,92,>3d,5,0.9188,18.38,8,500000,100000,400000,68.18
PV05149,18,S36,Trauma,90,6-24h,20,0.8652,17.3,10,200000,150000,50000,83.3
PV05150,18,N17,Nephrology,82,>3d,5,0.7882,15.76,10,100000,100000,0,63.56
PV05151,80,K35,General Surgery,70,<2h,30,0.6516,13.03,2,50000,0,50000,73.03
PV05152,84,C18,Oncology,72,>3d,5,0.8721,17.44,2,750000,100000,650000,53.24
PV05153,54,J96,Critical Care,98,1-3d,10,0.6939,13.88,6,300000,200000,100000,69.08
PV05154,79,C50,Oncology,65,2-6h,25,0.858,17.16,2,1000000,0,1000000,70.16
PV05155,62,T79,Trauma,92,1-3d,10,0.8279,16.56,4,150000,50000,100000,67.36
PV05156,19,G93,Neurology,80,1-3d,10,0.684,13.68,10,100000,100000,0,65.68
PV05157,66,N39,Urology,50,6-24h,20,0.8458,16.92,4,100000,75000,25000,60.92
PV05158,19,S06,Neurosurgery,95,6-24h,20,0.8391,16.78,10,200000,200000,0,84.78
PV05159,73,K35,General Surgery,70,1-3d,10,0.8395,16.79,4,75000,75000,0,58.79
PV05160,42,N39,Urology,50,2-6h,25,0.8347,16.69,8,75000,25000,50000,69.69
PV05161,27,S36,Trauma,90,2-6h,25,0.7548,15.1,10,500000,75000,425000,86.1
PV05162,35,I21,Cardiology,95,6-24h,20,0.8792,17.58,8,400000,100000,300000,83.58
PV05163,64,I71,Cardiovascular Surgery,99,1-3d,10,0.7512,15.02,4,300000,150000,150000,68.62
PV05164,75,G93,Neurology,80,6-24h,20,0.7125,14.25,2,200000,25000,175000,68.25
PV05165,56,K85,General Surgery,82,6-24h,20,0.8875,17.75,6,200000,200000,0,76.55
PV05166,28,I61,Neurosurgery,98,2-6h,25,0.9136,18.27,10,300000,200000,100000,92.47
PV05167,79,N20,Urology,55,2-6h,25,0.8806,17.61,2,100000,10000,90000,66.61
PV05168,71,K56,General Surgery,85,1-3d,10,0.7993,15.99,4,500000,10000,490000,63.99
PV05169,45,K85,General Surgery,82,2-6h,25,0.6261,12.52,6,50000,50000,0,76.32
PV05170,55,I21,Cardiology,95,1-3d,10,0.9682,19.36,6,500000,25000,475000,73.36
PV05171,83,C18,Oncology,72,6-24h,20,0.6245,12.49,2,500000,10000,490000,63.29
PV05172,43,S72,Orthopedics,76,1-3d,10,0.8786,17.57,8,300000,10000,290000,65.97
PV05173,19,I20,Cardiology,80,6-24h,20,0.99,19.8,10,100000,100000,0,81.8
PV05174,27,K85,General Surgery,82,1-3d,10,0.8349,16.7,10,750000,200000,550000,69.5
PV05175,58,A41,Critical Care,98,<2h,30,0.8491,16.98,6,750000,0,750000,92.18
PV05176,85,K35,General Surgery,70,>3d,5,0.8579,17.16,2,1000000,75000,925000,52.16
PV05177,68,A41,Critical Care,98,6-24h,20,0.8398,16.8,4,50000,25000,25000,80.0
PV05178,60,S72,Orthopedics,76,<2h,30,0.99,19.8,4,400000,10000,390000,84.2
PV05179,39,I61,Neurosurgery,98,1-3d,10,0.7357,14.71,8,50000,50000,0,71.91
PV05180,47,S27,Trauma,88,6-24h,20,0.7231,14.46,6,50000,10000,40000,75.66
PV05181,20,G93,Neurology,80,6-24h,20,0.7872,15.74,10,50000,0,50000,77.74
PV05182,43,S32,Orthopedics,82,1-3d,10,0.99,19.8,8,500000,150000,350000,70.6
PV05183,60,C34,Oncology,74,1-3d,10,0.7623,15.25,4,500000,50000,450000,58.85
PV05184,79,I20,Cardiology,80,1-3d,10,0.863,17.26,2,750000,0,750000,61.26
PV05185,80,S32,Orthopedics,82,>3d,5,0.9271,18.54,2,400000,200000,200000,58.34
PV05186,73,C34,Oncology,74,6-24h,20,0.8979,17.96,4,300000,100000,200000,71.56
PV05187,19,G93,Neurology,80,<2h,30,0.9218,18.44,10,75000,75000,0,90.44
PV05188,73,S06,Neurosurgery,95,1-3d,10,0.9618,19.24,4,500000,75000,425000,71.24
PV05189,32,T79,Trauma,92,6-24h,20,0.8508,17.02,8,1000000,50000,950000,81.82
PV05190,59,I71,Cardiovascular Surgery,99,2-6h,25,0.7743,15.49,6,150000,150000,0,86.09
PV05191,82,N20,Urology,55,<2h,30,0.8347,16.69,2,400000,25000,375000,70.69
PV05192,78,N39,Urology,50,6-24h,20,0.7861,15.72,2,300000,100000,200000,57.72
PV05193,63,O72,Obstetrics,95,6-24h,20,0.99,19.8,4,300000,200000,100000,81.8
PV05194,38,I61,Neurosurgery,98,6-24h,20,0.7667,15.33,8,500000,150000,350000,82.53
PV05195,53,S36,Trauma,90,1-3d,10,0.8683,17.37,6,100000,75000,25000,69.37
PV05196,65,S27,Trauma,88,1-3d,10,0.6699,13.4,4,750000,0,750000,62.6
PV05197,52,K92,Gastroenterology,88,>3d,5,0.8333,16.67,6,1000000,0,1000000,62.87
PV05198,45,K92,Gastroenterology,88,2-6h,25,0.7913,15.83,6,75000,50000,25000,82.03
PV05199,45,J18,Pulmonology,78,2-6h,25,0.8876,17.75,6,300000,100000,200000,79.95
PV05200,58,K92,Gastroenterology,88,1-3d,10,0.8902,17.8,6,50000,0,50000,69.0
PV05201,20,S72,Orthopedics,76,2-6h,25,0.9617,19.23,10,150000,50000,100000,84.63
PV05202,85,S27,Trauma,88,6-24h,20,0.9538,19.08,2,150000,50000,100000,76.28
PV05203,24,G93,Neurology,80,1-3d,10,0.8134,16.27,10,400000,50000,350000,68.27
PV05204,84,C50,Oncology,65,1-3d,10,0.7256,14.51,2,150000,75000,75000,52.51
PV05205,20,O00,Obstetrics,96,2-6h,25,0.7373,14.75,10,150000,25000,125000,88.15
PV05206,52,S72,Orthopedics,76,1-3d,10,0.8503,17.01,6,500000,75000,425000,63.41
PV05207,46,N20,Urology,55,1-3d,10,0.8358,16.72,6,500000,50000,450000,54.72
PV05208,57,K80,General Surgery,65,>3d,5,0.8458,16.92,6,50000,50000,0,53.92
PV05209,47,O72,Obstetrics,95,6-24h,20,0.7665,15.33,6,150000,25000,125000,79.33
PV05210,79,I21,Cardiology,95,1-3d,10,0.9637,19.27,2,500000,200000,300000,69.27
PV05211,19,S06,Neurosurgery,95,1-3d,10,0.6727,13.45,10,75000,75000,0,71.45
PV05212,85,K35,General Surgery,70,6-24h,20,0.761,15.22,2,300000,25000,275000,65.22
PV05213,64,S72,Orthopedics,76,1-3d,10,0.7123,14.25,4,200000,50000,150000,58.65
PV05214,70,C18,Oncology,72,1-3d,10,0.7991,15.98,4,400000,100000,300000,58.78
PV05215,27,T79,Trauma,92,6-24h,20,0.9447,18.89,10,400000,50000,350000,85.69
PV05216,22,A41,Critical Care,98,6-24h,20,0.7912,15.82,10,300000,100000,200000,85.02
PV05217,44,S32,Orthopedics,82,6-24h,20,0.8301,16.6,8,200000,25000,175000,77.4
PV05218,39,C34,Oncology,74,1-3d,10,0.8864,17.73,8,500000,200000,300000,65.33
PV05219,71,I60,Neurosurgery,98,<2h,30,0.7865,15.73,4,150000,100000,50000,88.93
PV05220,78,K85,General Surgery,82,6-24h,20,0.8583,17.17,2,200000,0,200000,71.97
PV05221,47,I74,Vascular Surgery,92,2-6h,25,0.8451,16.9,6,200000,10000,190000,84.7
PV05222,70,I20,Cardiology,80,1-3d,10,0.7069,14.14,4,150000,75000,75000,60.14
PV05223,22,N39,Urology,50,1-3d,10,0.7736,15.47,10,400000,25000,375000,55.47
PV05224,68,T79,Trauma,92,6-24h,20,0.8555,17.11,4,400000,50000,350000,77.91
PV05225,24,O00,Obstetrics,96,1-3d,10,0.9482,18.96,10,750000,100000,650000,77.36
PV05226,63,O72,Obstetrics,95,6-24h,20,0.9481,18.96,4,200000,25000,175000,80.96
PV05227,43,I74,Vascular Surgery,92,6-24h,20,0.99,19.8,8,500000,200000,300000,84.6
PV05228,46,S32,Orthopedics,82,1-3d,10,0.8685,17.37,6,150000,75000,75000,66.17
PV05229,36,I61,Neurosurgery,98,2-6h,25,0.7787,15.57,8,1000000,50000,950000,87.77
PV05230,45,I71,Cardiovascular Surgery,99,1-3d,10,0.8136,16.27,6,1000000,25000,975000,71.87
PV05231,77,K35,General Surgery,70,1-3d,10,0.8086,16.17,2,300000,25000,275000,56.17
PV05232,73,O72,Obstetrics,95,>3d,5,0.7792,15.58,4,500000,0,500000,62.58
PV05233,41,I71,Cardiovascular Surgery,99,6-24h,20,0.8583,17.17,8,300000,0,300000,84.77
PV05234,37,K56,General Surgery,85,6-24h,20,0.8629,17.26,8,75000,75000,0,79.26
PV05235,52,S36,Trauma,90,<2h,30,0.7026,14.05,6,1000000,150000,850000,86.05
PV05236,64,G93,Neurology,80,>3d,5,0.9288,18.58,4,500000,0,500000,59.58
PV05237,30,N17,Nephrology,82,1-3d,10,0.6363,12.73,8,200000,75000,125000,63.53
PV05238,67,T79,Trauma,92,1-3d,10,0.7978,15.96,4,100000,25000,75000,66.76
PV05239,82,N39,Urology,50,1-3d,10,0.9349,18.7,2,400000,100000,300000,50.7
PV05240,75,N39,Urology,50,6-24h,20,0.8807,17.61,2,200000,75000,125000,59.61
PV05241,55,K85,General Surgery,82,1-3d,10,0.7843,15.69,6,750000,150000,600000,64.49
PV05242,39,I20,Cardiology,80,1-3d,10,0.99,19.8,8,100000,75000,25000,69.8
PV05243,39,N39,Urology,50,2-6h,25,0.776,15.52,8,300000,10000,290000,68.52
PV05244,68,K92,Gastroenterology,88,>3d,5,0.6198,12.4,4,75000,75000,0,56.6
PV05245,48,K85,General Surgery,82,>3d,5,0.8653,17.31,6,500000,150000,350000,61.11
PV05246,25,A41,Critical Care,98,>3d,5,0.6421,12.84,10,150000,150000,0,67.04
PV05247,64,J18,Pulmonology,78,1-3d,10,0.7369,14.74,4,75000,75000,0,59.94
PV05248,27,N39,Urology,50,6-24h,20,0.8823,17.65,10,300000,50000,250000,67.65
PV05249,85,N39,Urology,50,1-3d,10,0.7739,15.48,2,300000,75000,225000,47.48
PV05250,46,J18,Pulmonology,78,2-6h,25,0.8781,17.56,6,150000,10000,140000,79.76
PV05251,41,K35,General Surgery,70,1-3d,10,0.7042,14.08,8,1000000,100000,900000,60.08
PV05252,21,S27,Trauma,88,2-6h,25,0.9058,18.12,10,50000,10000,40000,88.32
PV05253,29,N20,Urology,55,>3d,5,0.6509,13.02,10,150000,25000,125000,50.02
PV05254,82,N17,Nephrology,82,6-24h,20,0.9519,19.04,2,100000,75000,25000,73.84
PV05255,54,K85,General Surgery,82,2-6h,25,0.7725,15.45,6,1000000,50000,950000,79.25
PV05256,79,K85,General Surgery,82,<2h,30,0.9731,19.46,2,100000,50000,50000,84.26
PV05257,83,I60,Neurosurgery,98,1-3d,10,0.7359,14.72,2,100000,100000,0,65.92
PV05258,21,I71,Cardiovascular Surgery,99,2-6h,25,0.99,19.8,10,300000,200000,100000,94.4
PV05259,43,C50,Oncology,65,2-6h,25,0.7242,14.48,8,100000,100000,0,73.48
PV05260,75,J96,Critical Care,98,2-6h,25,0.6406,12.81,2,100000,75000,25000,79.01
PV05261,51,C22,Oncology,73,6-24h,20,0.8243,16.49,6,100000,75000,25000,71.69
PV05262,52,I61,Neurosurgery,98,>3d,5,0.9434,18.87,6,300000,50000,250000,69.07
PV05263,56,J18,Pulmonology,78,6-24h,20,0.8991,17.98,6,500000,200000,300000,75.18
PV05264,65,O72,Obstetrics,95,6-24h,20,0.9363,18.73,4,200000,150000,50000,80.73
PV05265,81,T79,Trauma,92,2-6h,25,0.9011,18.02,2,750000,0,750000,81.82
PV05266,78,I20,Cardiology,80,<2h,30,0.738,14.76,2,100000,100000,0,78.76
PV05267,60,N17,Nephrology,82,6-24h,20,0.8966,17.93,4,750000,0,750000,74.73
PV05268,57,C18,Oncology,72,2-6h,25,0.8293,16.59,6,500000,100000,400000,76.39
PV05269,42,C50,Oncology,65,<2h,30,0.749,14.98,8,50000,25000,25000,78.98
PV05270,25,O00,Obstetrics,96,2-6h,25,0.8379,16.76,10,400000,75000,325000,90.16
PV05271,66,K56,General Surgery,85,6-24h,20,0.8144,16.29,4,1000000,150000,850000,74.29
PV05272,18,S27,Trauma,88,1-3d,10,0.9616,19.23,10,400000,10000,390000,74.43
PV05273,65,J96,Critical Care,98,<2h,30,0.7685,15.37,4,100000,10000,90000,88.57
PV05274,51,S72,Orthopedics,76,1-3d,10,0.7638,15.28,6,200000,75000,125000,61.68
PV05275,71,C18,Oncology,72,1-3d,10,0.7501,15.0,4,750000,150000,600000,57.8
PV05276,82,A41,Critical Care,98,>3d,5,0.99,19.8,2,150000,0,150000,66.0
PV05277,55,J96,Critical Care,98,2-6h,25,0.7557,15.11,6,200000,50000,150000,85.31
PV05278,56,T79,Trauma,92,1-3d,10,0.9497,18.99,6,300000,75000,225000,71.79
PV05279,51,S36,Trauma,90,>3d,5,0.7169,14.34,6,750000,10000,740000,61.34
PV05280,43,K56,General Surgery,85,>3d,5,0.8707,17.41,8,1000000,150000,850000,64.41
PV05281,24,N20,Urology,55,1-3d,10,0.8463,16.93,10,500000,75000,425000,58.93
PV05282,20,N20,Urology,55,2-6h,25,0.9433,18.87,10,200000,75000,125000,75.87
PV05283,67,T79,Trauma,92,>3d,5,0.9288,18.58,4,200000,10000,190000,64.38
PV05284,80,K80,General Surgery,65,1-3d,10,0.8282,16.56,2,400000,0,400000,54.56
PV05285,21,C22,Oncology,73,2-6h,25,0.7663,15.33,10,50000,10000,40000,79.53
PV05286,40,J18,Pulmonology,78,2-6h,25,0.9825,19.65,8,200000,0,200000,83.85
PV05287,59,I71,Cardiovascular Surgery,99,>3d,5,0.7563,15.13,6,150000,75000,75000,65.73
PV05288,65,G93,Neurology,80,2-6h,25,0.5932,11.86,4,1000000,150000,850000,72.86
PV05289,67,J96,Critical Care,98,1-3d,10,0.6341,12.68,4,750000,150000,600000,65.88
PV05290,65,I71,Cardiovascular Surgery,99,6-24h,20,0.6585,13.17,4,100000,10000,90000,76.77
PV05291,23,T79,Trauma,92,1-3d,10,0.8796,17.59,10,400000,10000,390000,74.39
PV05292,35,I20,Cardiology,80,2-6h,25,0.99,19.8,8,200000,75000,125000,84.8
PV05293,49,K85,General Surgery,82,1-3d,10,0.616,12.32,6,750000,150000,600000,61.12
PV05294,22,N20,Urology,55,6-24h,20,0.7417,14.83,10,200000,150000,50000,66.83
PV05295,41,N39,Urology,50,>3d,5,0.8289,16.58,8,400000,75000,325000,49.58
PV05296,44,S32,Orthopedics,82,2-6h,25,0.9746,19.49,8,500000,25000,475000,85.29
PV05297,84,I21,Cardiology,95,2-6h,25,0.7412,14.82,2,750000,50000,700000,79.82
PV05298,39,C34,Oncology,74,2-6h,25,0.8791,17.58,8,500000,100000,400000,80.18
PV05299,84,K56,General Surgery,85,<2h,30,0.795,15.9,2,100000,100000,0,81.9
PV05300,65,G93,Neurology,80,>3d,5,0.99,19.8,4,500000,0,500000,60.8
PV05301,65,I61,Neurosurgery,98,2-6h,25,0.8345,16.69,4,150000,150000,0,84.89
PV05302,73,C22,Oncology,73,2-6h,25,0.8556,17.11,4,500000,100000,400000,75.31
PV05303,75,K56,General Surgery,85,1-3d,10,0.8284,16.57,2,1000000,10000,990000,62.57
PV05304,33,S27,Trauma,88,6-24h,20,0.7785,15.57,8,200000,0,200000,78.77
PV05305,46,J96,Critical Care,98,6-24h,20,0.915,18.3,6,750000,25000,725000,83.5
PV05306,53,T79,Trauma,92,1-3d,10,0.7041,14.08,6,75000,25000,50000,66.88
PV05307,84,S36,Trauma,90,6-24h,20,0.6198,12.4,2,200000,0,200000,70.4
PV05308,20,K80,General Surgery,65,1-3d,10,0.805,16.1,10,750000,25000,725000,62.1
PV05309,50,I61,Neurosurgery,98,1-3d,10,0.9016,18.03,6,500000,10000,490000,73.23
PV05310,32,S72,Orthopedics,76,6-24h,20,0.7619,15.24,8,150000,150000,0,73.64
PV05311,32,N39,Urology,50,1-3d,10,0.8386,16.77,8,300000,0,300000,54.77
PV05312,69,N39,Urology,50,>3d,5,0.6979,13.96,4,75000,75000,0,42.96
PV05313,31,A41,Critical Care,98,6-24h,20,0.9263,18.53,8,750000,25000,725000,85.73
PV05314,71,S36,Trauma,90,1-3d,10,0.8852,17.7,4,75000,75000,0,67.7
PV05315,85,S27,Trauma,88,6-24h,20,0.822,16.44,2,300000,50000,250000,73.64
PV05316,70,N17,Nephrology,82,1-3d,10,0.8369,16.74,4,200000,75000,125000,63.54
PV05317,29,N17,Nephrology,82,1-3d,10,0.6806,13.61,10,400000,50000,350000,66.41
PV05318,27,S06,Neurosurgery,95,<2h,30,0.6851,13.7,10,200000,150000,50000,91.7
PV05319,47,K80,General Surgery,65,6-24h,20,0.8078,16.16,6,50000,50000,0,68.16
PV05320,55,A41,Critical Care,98,2-6h,25,0.8714,17.43,6,400000,75000,325000,87.63
PV05321,70,I74,Vascular Surgery,92,1-3d,10,0.8764,17.53,4,750000,50000,700000,68.33
PV05322,46,G93,Neurology,80,1-3d,10,0.7837,15.67,6,400000,50000,350000,63.67
PV05323,29,C50,Oncology,65,6-24h,20,0.8945,17.89,10,50000,25000,25000,73.89
PV05324,85,S36,Trauma,90,<2h,30,0.9621,19.24,2,75000,75000,0,87.24
PV05325,79,N39,Urology,50,>3d,5,0.8111,16.22,2,100000,25000,75000,43.22
PV05326,62,S36,Trauma,90,6-24h,20,0.851,17.02,4,100000,25000,75000,77.02
PV05327,65,N17,Nephrology,82,6-24h,20,0.7992,15.98,4,75000,50000,25000,72.78
PV05328,81,J96,Critical Care,98,2-6h,25,0.8074,16.15,2,750000,200000,550000,82.35
PV05329,50,K56,General Surgery,85,1-3d,10,0.837,16.74,6,500000,50000,450000,66.74
PV05330,27,O72,Obstetrics,95,6-24h,20,0.99,19.8,10,500000,200000,300000,87.8
PV05331,59,N17,Nephrology,82,1-3d,10,0.9115,18.23,6,1000000,75000,925000,67.03
PV05332,48,T79,Trauma,92,1-3d,10,0.9025,18.05,6,750000,0,750000,70.85
PV05333,72,S36,Trauma,90,<2h,30,0.7746,15.49,4,75000,75000,0,85.49
PV05334,70,I20,Cardiology,80,1-3d,10,0.7302,14.6,4,50000,50000,0,60.6
PV05335,50,C18,Oncology,72,6-24h,20,0.859,17.18,6,500000,200000,300000,71.98
PV05336,43,I61,Neurosurgery,98,<2h,30,0.9444,18.89,8,1000000,10000,990000,96.09
PV05337,46,K80,General Surgery,65,1-3d,10,0.99,19.8,6,500000,25000,475000,61.8
PV05338,61,J18,Pulmonology,78,2-6h,25,0.5747,11.49,4,750000,100000,650000,71.69
PV05339,61,S36,Trauma,90,>3d,5,0.99,19.8,4,400000,50000,350000,64.8
PV05340,52,O72,Obstetrics,95,1-3d,10,0.8617,17.23,6,200000,150000,50000,71.23
PV05341,54,I74,Vascular Surgery,92,2-6h,25,0.9109,18.22,6,75000,75000,0,86.02
PV05342,85,C18,Oncology,72,>3d,5,0.646,12.92,2,400000,10000,390000,48.72
PV05343,35,J18,Pulmonology,78,1-3d,10,0.7963,15.93,8,100000,25000,75000,65.13
PV05344,29,S72,Orthopedics,76,2-6h,25,0.9023,18.05,10,100000,0,100000,83.45
PV05345,72,I71,Cardiovascular Surgery,99,6-24h,20,0.7025,14.05,4,750000,25000,725000,77.65
PV05346,81,S36,Trauma,90,>3d,5,0.5312,10.62,2,400000,150000,250000,53.62
PV05347,59,O72,Obstetrics,95,6-24h,20,0.8536,17.07,6,200000,10000,190000,81.07
PV05348,45,O72,Obstetrics,95,6-24h,20,0.815,16.3,6,500000,50000,450000,80.3
PV05349,41,I74,Vascular Surgery,92,6-24h,20,0.9641,19.28,8,500000,10000,490000,84.08
PV05350,49,J18,Pulmonology,78,6-24h,20,0.804,16.08,6,200000,50000,150000,73.28
PV05351,21,A41,Critical Care,98,2-6h,25,0.8113,16.23,10,1000000,200000,800000,90.43
PV05352,53,O00,Obstetrics,96,1-3d,10,0.8898,17.8,6,50000,50000,0,72.2
PV05353,36,S06,Neurosurgery,95,>3d,5,0.9234,18.47,8,200000,150000,50000,69.47
PV05354,36,O72,Obstetrics,95,1-3d,10,0.7491,14.98,8,200000,25000,175000,70.98
PV05355,56,S32,Orthopedics,82,2-6h,25,0.9144,18.29,6,75000,25000,50000,82.09
PV05356,83,T79,Trauma,92,6-24h,20,0.7678,15.36,2,500000,0,500000,74.16
PV05357,31,C50,Oncology,65,<2h,30,0.8217,16.43,8,75000,75000,0,80.43
PV05358,79,K80,General Surgery,65,6-24h,20,0.8871,17.74,2,500000,200000,300000,65.74
PV05359,53,I60,Neurosurgery,98,1-3d,10,0.9045,18.09,6,500000,25000,475000,73.29
PV05360,84,K85,General Surgery,82,6-24h,20,0.8518,17.04,2,200000,100000,100000,71.84
PV05361,43,C34,Oncology,74,1-3d,10,0.7119,14.24,8,100000,10000,90000,61.84
PV05362,85,T79,Trauma,92,6-24h,20,0.633,12.66,2,1000000,100000,900000,71.46
PV05363,62,J18,Pulmonology,78,1-3d,10,0.8012,16.02,4,500000,0,500000,61.22
PV05364,63,G93,Neurology,80,>3d,5,0.9171,18.34,4,75000,25000,50000,59.34
PV05365,56,I71,Cardiovascular Surgery,99,1-3d,10,0.865,17.3,6,500000,50000,450000,72.9
PV05366,48,K35,General Surgery,70,>3d,5,0.8442,16.88,6,75000,75000,0,55.88
PV05367,53,I61,Neurosurgery,98,1-3d,10,0.8193,16.39,6,400000,50000,350000,71.59
PV05368,75,J18,Pulmonology,78,1-3d,10,0.8509,17.02,2,100000,10000,90000,60.22
PV05369,71,C34,Oncology,74,6-24h,20,0.7206,14.41,4,400000,0,400000,68.01
PV05370,19,I71,Cardiovascular Surgery,99,6-24h,20,0.898,17.96,10,750000,10000,740000,87.56
PV05371,65,S32,Orthopedics,82,>3d,5,0.9046,18.09,4,500000,10000,490000,59.89
PV05372,74,K80,General Surgery,65,<2h,30,0.7845,15.69,4,500000,25000,475000,75.69
PV05373,68,K85,General Surgery,82,>3d,5,0.8637,17.27,4,500000,10000,490000,59.07
PV05374,51,J96,Critical Care,98,6-24h,20,0.6483,12.97,6,500000,100000,400000,78.17
PV05375,40,K80,General Surgery,65,1-3d,10,0.838,16.76,8,1000000,50000,950000,60.76
PV05376,63,C50,Oncology,65,6-24h,20,0.8067,16.13,4,750000,10000,740000,66.13
PV05377,63,K56,General Surgery,85,>3d,5,0.9459,18.92,4,500000,75000,425000,61.92
PV05378,43,J96,Critical Care,98,<2h,30,0.8001,16.0,8,200000,25000,175000,93.2
PV05379,45,O72,Obstetrics,95,6-24h,20,0.9069,18.14,6,100000,100000,0,82.14
PV05380,43,O00,Obstetrics,96,>3d,5,0.7809,15.62,8,150000,75000,75000,67.02
PV05381,21,K35,General Surgery,70,6-24h,20,0.5914,11.83,10,400000,200000,200000,69.83
PV05382,20,K92,Gastroenterology,88,6-24h,20,0.7974,15.95,10,400000,100000,300000,81.15
PV05383,23,S36,Trauma,90,>3d,5,0.8397,16.79,10,200000,25000,175000,67.79
PV05384,46,S36,Trauma,90,1-3d,10,0.8351,16.7,6,200000,10000,190000,68.7
PV05385,52,I60,Neurosurgery,98,2-6h,25,0.8366,16.73,6,500000,0,500000,86.93
PV05386,45,I20,Cardiology,80,1-3d,10,0.7694,15.39,6,300000,100000,200000,63.39
PV05387,82,J96,Critical Care,98,6-24h,20,0.7876,15.75,2,50000,0,50000,76.95
PV05388,33,C22,Oncology,73,2-6h,25,0.7074,14.15,8,75000,50000,25000,76.35
PV05389,44,O72,Obstetrics,95,1-3d,10,0.6203,12.41,8,150000,0,150000,68.41
PV05390,34,I20,Cardiology,80,2-6h,25,0.8094,16.19,8,150000,25000,125000,81.19
PV05391,38,K56,General Surgery,85,6-24h,20,0.7455,14.91,8,500000,200000,300000,76.91
PV05392,57,K35,General Surgery,70,6-24h,20,0.928,18.56,6,200000,0,200000,72.56
PV05393,39,T79,Trauma,92,>3d,5,0.6018,12.04,8,200000,200000,0,61.84
PV05394,39,T79,Trauma,92,1-3d,10,0.8491,16.98,8,50000,50000,0,71.78
PV05395,63,N17,Nephrology,82,2-6h,25,0.99,19.8,4,50000,50000,0,81.6
PV05396,74,I21,Cardiology,95,>3d,5,0.8017,16.03,4,1000000,100000,900000,63.03
PV05397,32,K92,Gastroenterology,88,1-3d,10,0.8197,16.39,8,750000,10000,740000,69.59
PV05398,25,S36,Trauma,90,6-24h,20,0.8626,17.25,10,50000,0,50000,83.25
PV05399,34,K92,Gastroenterology,88,>3d,5,0.8705,17.41,8,200000,200000,0,65.61
PV05400,57,I20,Cardiology,80,6-24h,20,0.7791,15.58,6,1000000,25000,975000,73.58
PV05401,83,G93,Neurology,80,6-24h,20,0.7192,14.38,2,500000,50000,450000,68.38
PV05402,28,C50,Oncology,65,6-24h,20,0.8853,17.71,10,50000,0,50000,73.71
PV05403,20,C50,Oncology,65,2-6h,25,0.6292,12.58,10,200000,0,200000,73.58
PV05404,53,O00,Obstetrics,96,1-3d,10,0.9032,18.06,6,750000,75000,675000,72.46
PV05405,85,I21,Cardiology,95,1-3d,10,0.7808,15.62,2,100000,50000,50000,65.62
PV05406,55,S36,Trauma,90,>3d,5,0.8203,16.41,6,300000,100000,200000,63.41
PV05407,80,N20,Urology,55,6-24h,20,0.7674,15.35,2,150000,150000,0,59.35
PV05408,61,T79,Trauma,92,2-6h,25,0.9631,19.26,4,75000,0,75000,85.06
PV05409,20,N17,Nephrology,82,6-24h,20,0.8449,16.9,10,750000,200000,550000,79.7
PV05410,47,N20,Urology,55,2-6h,25,0.7878,15.76,6,100000,100000,0,68.76
PV05411,70,I21,Cardiology,95,>3d,5,0.785,15.7,4,300000,75000,225000,62.7
PV05412,52,O72,Obstetrics,95,1-3d,10,0.8052,16.1,6,150000,25000,125000,70.1
PV05413,31,O00,Obstetrics,96,1-3d,10,0.99,19.8,8,400000,10000,390000,76.2
PV05414,30,I20,Cardiology,80,1-3d,10,0.6883,13.77,8,500000,10000,490000,63.77
PV05415,63,I74,Vascular Surgery,92,6-24h,20,0.9283,18.57,4,300000,100000,200000,79.37
PV05416,49,A41,Critical Care,98,2-6h,25,0.8768,17.54,6,75000,10000,65000,87.74
PV05417,57,K85,General Surgery,82,6-24h,20,0.974,19.48,6,100000,100000,0,78.28
PV05418,43,K56,General Surgery,85,1-3d,10,0.8829,17.66,8,100000,10000,90000,69.66
PV05419,41,N17,Nephrology,82,6-24h,20,0.8203,16.41,8,400000,150000,250000,77.21
PV05420,63,C34,Oncology,74,<2h,30,0.922,18.44,4,400000,150000,250000,82.04
PV05421,18,T79,Trauma,92,1-3d,10,0.843,16.86,10,75000,25000,50000,73.66
PV05422,47,C22,Oncology,73,2-6h,25,0.8955,17.91,6,400000,50000,350000,78.11
PV05423,43,I61,Neurosurgery,98,1-3d,10,0.9628,19.26,8,200000,75000,125000,76.46
PV05424,70,J96,Critical Care,98,<2h,30,0.8293,16.59,4,200000,150000,50000,89.79
PV05425,67,I74,Vascular Surgery,92,6-24h,20,0.7776,15.55,4,750000,0,750000,76.35
PV05426,46,J96,Critical Care,98,6-24h,20,0.7556,15.11,6,50000,10000,40000,80.31
PV05427,35,T79,Trauma,92,>3d,5,0.8651,17.3,8,500000,10000,490000,67.1
PV05428,34,K35,General Surgery,70,1-3d,10,0.7322,14.64,8,300000,25000,275000,60.64
PV05429,32,I21,Cardiology,95,<2h,30,0.785,15.7,8,100000,100000,0,91.7
PV05430,36,G93,Neurology,80,1-3d,10,0.7232,14.46,8,100000,50000,50000,64.46
PV05431,69,K92,Gastroenterology,88,1-3d,10,0.8708,17.42,4,75000,50000,25000,66.62
PV05432,21,A41,Critical Care,98,1-3d,10,0.7448,14.9,10,400000,50000,350000,74.1
PV05433,19,I74,Vascular Surgery,92,>3d,5,0.6913,13.83,10,400000,0,400000,65.63
PV05434,54,O00,Obstetrics,96,1-3d,10,0.7089,14.18,6,100000,0,100000,68.58
PV05435,33,O00,Obstetrics,96,2-6h,25,0.7629,15.26,8,150000,10000,140000,86.66
PV05436,74,C22,Oncology,73,6-24h,20,0.772,15.44,4,1000000,0,1000000,68.64
PV05437,69,S27,Trauma,88,6-24h,20,0.8451,16.9,4,500000,150000,350000,76.1
PV05438,70,I21,Cardiology,95,6-24h,20,0.8038,16.08,4,300000,200000,100000,78.08
PV05439,49,S27,Trauma,88,>3d,5,0.857,17.14,6,75000,50000,25000,63.34
PV05440,47,N17,Nephrology,82,1-3d,10,0.8651,17.3,6,300000,100000,200000,66.1
PV05441,46,O00,Obstetrics,96,6-24h,20,0.894,17.88,6,150000,0,150000,82.28
PV05442,31,O00,Obstetrics,96,>3d,5,0.6292,12.58,8,750000,0,750000,63.98
PV05443,56,N39,Urology,50,1-3d,10,0.7073,14.15,6,75000,75000,0,50.15
PV05444,76,T79,Trauma,92,6-24h,20,0.8755,17.51,2,1000000,150000,850000,76.31
PV05445,35,J96,Critical Care,98,>3d,5,0.8411,16.82,8,1000000,200000,800000,69.02
PV05446,21,K85,General Surgery,82,6-24h,20,0.9177,18.35,10,500000,25000,475000,81.15
PV05447,56,C50,Oncology,65,6-24h,20,0.6656,13.31,6,300000,50000,250000,65.31
PV05448,45,S27,Trauma,88,6-24h,20,0.7725,15.45,6,300000,150000,150000,76.65
PV05449,72,S27,Trauma,88,>3d,5,0.7904,15.81,4,1000000,10000,990000,60.01
PV05450,76,K56,General Surgery,85,6-24h,20,0.8367,16.73,2,750000,200000,550000,72.73
PV05451,82,J96,Critical Care,98,6-24h,20,0.8236,16.47,2,750000,25000,725000,77.67
PV05452,44,K80,General Surgery,65,1-3d,10,0.8669,17.34,8,75000,0,75000,61.34
PV05453,79,G93,Neurology,80,>3d,5,0.8085,16.17,2,200000,150000,50000,55.17
PV05454,26,S32,Orthopedics,82,2-6h,25,0.9572,19.14,10,500000,200000,300000,86.94
PV05455,43,I74,Vascular Surgery,92,2-6h,25,0.9891,19.78,8,75000,50000,25000,89.58
PV05456,36,K35,General Surgery,70,>3d,5,0.7082,14.16,8,400000,10000,390000,55.16
PV05457,80,K35,General Surgery,70,1-3d,10,0.8245,16.49,2,150000,10000,140000,56.49
PV05458,58,S36,Trauma,90,6-24h,20,0.8998,18.0,6,300000,25000,275000,80.0
PV05459,42,O00,Obstetrics,96,6-24h,20,0.8785,17.57,8,1000000,75000,925000,83.97
PV05460,28,I20,Cardiology,80,6-24h,20,0.7792,15.58,10,750000,100000,650000,77.58
PV05461,71,I20,Cardiology,80,1-3d,10,0.8455,16.91,4,150000,100000,50000,62.91
PV05462,62,I21,Cardiology,95,1-3d,10,0.6617,13.23,4,500000,100000,400000,65.23
PV05463,76,N20,Urology,55,1-3d,10,0.8181,16.36,2,50000,10000,40000,50.36
PV05464,47,I71,Cardiovascular Surgery,99,<2h,30,0.674,13.48,6,500000,10000,490000,89.08
PV05465,28,K56,General Surgery,85,1-3d,10,0.8708,17.42,10,75000,75000,0,71.42
PV05466,40,N17,Nephrology,82,<2h,30,0.7084,14.17,8,1000000,10000,990000,84.97
PV05467,60,I60,Neurosurgery,98,>3d,5,0.8363,16.73,4,100000,75000,25000,64.93
PV05468,34,K85,General Surgery,82,<2h,30,0.8519,17.04,8,400000,25000,375000,87.84
PV05469,22,N17,Nephrology,82,2-6h,25,0.8276,16.55,10,400000,100000,300000,84.35
PV05470,73,I71,Cardiovascular Surgery,99,2-6h,25,0.7568,15.14,4,100000,25000,75000,83.74
PV05471,54,J18,Pulmonology,78,6-24h,20,0.799,15.98,6,750000,0,750000,73.18
PV05472,44,S72,Orthopedics,76,6-24h,20,0.9381,18.76,8,75000,25000,50000,77.16
PV05473,55,S32,Orthopedics,82,1-3d,10,0.7775,15.55,6,1000000,0,1000000,64.35
PV05474,68,K56,General Surgery,85,>3d,5,0.8221,16.44,4,300000,10000,290000,59.44
PV05475,18,I60,Neurosurgery,98,1-3d,10,0.7643,15.29,10,200000,50000,150000,74.49
PV05476,47,O00,Obstetrics,96,1-3d,10,0.922,18.44,6,100000,100000,0,72.84
PV05477,35,J96,Critical Care,98,6-24h,20,0.8278,16.56,8,50000,10000,40000,83.76
PV05478,24,N20,Urology,55,1-3d,10,0.7436,14.87,10,400000,150000,250000,56.87
PV05479,20,I61,Neurosurgery,98,2-6h,25,0.8207,16.41,10,500000,75000,425000,90.61
PV05480,47,J18,Pulmonology,78,6-24h,20,0.7959,15.92,6,750000,200000,550000,73.12
PV05481,54,C22,Oncology,73,2-6h,25,0.9593,19.19,6,1000000,75000,925000,79.39
PV05482,52,I61,Neurosurgery,98,2-6h,25,0.8155,16.31,6,100000,0,100000,86.51
PV05483,71,I74,Vascular Surgery,92,1-3d,10,0.6817,13.63,4,300000,50000,250000,64.43
PV05484,49,G93,Neurology,80,2-6h,25,0.8699,17.4,6,1000000,0,1000000,80.4
PV05485,58,N17,Nephrology,82,2-6h,25,0.99,19.8,6,300000,10000,290000,83.6
PV05486,73,K56,General Surgery,85,1-3d,10,0.9397,18.79,4,500000,75000,425000,66.79
PV05487,62,A41,Critical Care,98,2-6h,25,0.7097,14.19,4,500000,200000,300000,82.39
PV05488,79,K80,General Surgery,65,1-3d,10,0.7931,15.86,2,1000000,75000,925000,53.86
PV05489,33,G93,Neurology,80,6-24h,20,0.8169,16.34,8,150000,25000,125000,76.34
PV05490,71,K85,General Surgery,82,>3d,5,0.8181,16.36,4,75000,75000,0,58.16
PV05491,65,O72,Obstetrics,95,1-3d,10,0.8581,17.16,4,1000000,10000,990000,69.16
PV05492,57,S32,Orthopedics,82,<2h,30,0.7856,15.71,6,200000,0,200000,84.51
PV05493,18,K56,General Surgery,85,>3d,5,0.7284,14.57,10,75000,75000,0,63.57
PV05494,54,A41,Critical Care,98,6-24h,20,0.9152,18.3,6,400000,150000,250000,83.5
PV05495,76,S32,Orthopedics,82,6-24h,20,0.7076,14.15,2,750000,75000,675000,68.95
PV05496,61,K56,General Surgery,85,1-3d,10,0.7398,14.8,4,500000,50000,450000,62.8
PV05497,18,S32,Orthopedics,82,1-3d,10,0.707,14.14,10,150000,50000,100000,66.94
PV05498,37,O72,Obstetrics,95,6-24h,20,0.8812,17.62,8,1000000,25000,975000,83.62
PV05499,56,C22,Oncology,73,6-24h,20,0.8306,16.61,6,50000,50000,0,71.81
PV05500,73,I21,Cardiology,95,2-6h,25,0.9084,18.17,4,750000,75000,675000,85.17
PV05501,48,K92,Gastroenterology,88,1-3d,10,0.7415,14.83,6,75000,75000,0,66.03
PV05502,76,A41,Critical Care,98,>3d,5,0.6947,13.89,2,100000,0,100000,60.09
PV05503,72,I60,Neurosurgery,98,6-24h,20,0.7756,15.51,4,150000,25000,125000,78.71
PV05504,36,N20,Urology,55,>3d,5,0.8018,16.04,8,200000,10000,190000,51.04
PV05505,31,O00,Obstetrics,96,2-6h,25,0.8409,16.82,8,50000,0,50000,88.22
PV05506,79,G93,Neurology,80,1-3d,10,0.6518,13.04,2,500000,200000,300000,57.04
PV05507,58,S06,Neurosurgery,95,>3d,5,0.8679,17.36,6,75000,0,75000,66.36
PV05508,75,I61,Neurosurgery,98,1-3d,10,0.7306,14.61,2,75000,75000,0,65.81
PV05509,80,J18,Pulmonology,78,2-6h,25,0.7553,15.11,2,50000,10000,40000,73.31
PV05510,46,I20,Cardiology,80,6-24h,20,0.9374,18.75,6,1000000,0,1000000,76.75
PV05511,21,S27,Trauma,88,2-6h,25,0.6017,12.03,10,50000,50000,0,82.23
PV05512,79,S32,Orthopedics,82,1-3d,10,0.8523,17.05,2,500000,25000,475000,61.85
PV05513,57,N39,Urology,50,>3d,5,0.8519,17.04,6,400000,25000,375000,48.04
PV05514,26,I20,Cardiology,80,6-24h,20,0.7381,14.76,10,750000,10000,740000,76.76
PV05515,54,O00,Obstetrics,96,2-6h,25,0.7753,15.51,6,200000,100000,100000,84.91
PV05516,19,C50,Oncology,65,6-24h,20,0.9421,18.84,10,1000000,200000,800000,74.84
PV05517,37,O00,Obstetrics,96,1-3d,10,0.99,19.8,8,200000,25000,175000,76.2
PV05518,41,C50,Oncology,65,1-3d,10,0.9265,18.53,8,75000,75000,0,62.53
PV05519,48,J18,Pulmonology,78,6-24h,20,0.99,19.8,6,1000000,50000,950000,77.0
PV05520,56,O00,Obstetrics,96,1-3d,10,0.7509,15.02,6,200000,75000,125000,69.42
PV05521,75,S72,Orthopedics,76,2-6h,25,0.662,13.24,2,50000,50000,0,70.64
PV05522,41,C34,Oncology,74,1-3d,10,0.8147,16.29,8,400000,200000,200000,63.89
PV05523,68,K80,General Surgery,65,6-24h,20,0.9005,18.01,4,150000,75000,75000,68.01
PV05524,82,N39,Urology,50,2-6h,25,0.6345,12.69,2,750000,25000,725000,59.69
PV05525,68,C18,Oncology,72,1-3d,10,0.7274,14.55,4,75000,50000,25000,57.35
PV05526,35,S06,Neurosurgery,95,1-3d,10,0.7385,14.77,8,500000,150000,350000,70.77
PV05527,64,J18,Pulmonology,78,6-24h,20,0.8557,17.11,4,750000,25000,725000,72.31
PV05528,37,I74,Vascular Surgery,92,1-3d,10,0.8428,16.86,8,75000,50000,25000,71.66
PV05529,50,I21,Cardiology,95,6-24h,20,0.7425,14.85,6,300000,150000,150000,78.85
PV05530,61,I61,Neurosurgery,98,6-24h,20,0.838,16.76,4,400000,150000,250000,79.96
PV05531,37,J18,Pulmonology,78,>3d,5,0.7055,14.11,8,1000000,50000,950000,58.31
PV05532,18,K92,Gastroenterology,88,>3d,5,0.7774,15.55,10,100000,100000,0,65.75
PV05533,74,O00,Obstetrics,96,2-6h,25,0.6935,13.87,4,200000,150000,50000,81.27
PV05534,67,S72,Orthopedics,76,>3d,5,0.805,16.1,4,200000,50000,150000,55.5
PV05535,26,I61,Neurosurgery,98,1-3d,10,0.74,14.8,10,150000,25000,125000,74.0
PV05536,43,C50,Oncology,65,2-6h,25,0.889,17.78,8,1000000,10000,990000,76.78
PV05537,35,I60,Neurosurgery,98,6-24h,20,0.8174,16.35,8,400000,0,400000,83.55
PV05538,84,G93,Neurology,80,<2h,30,0.7973,15.95,2,75000,10000,65000,79.95
PV05539,82,T79,Trauma,92,1-3d,10,0.99,19.8,2,750000,0,750000,68.6
PV05540,65,C22,Oncology,73,>3d,5,0.8583,17.17,4,75000,25000,50000,55.37
PV05541,47,I71,Cardiovascular Surgery,99,6-24h,20,0.7832,15.66,6,750000,200000,550000,81.26
PV05542,21,K35,General Surgery,70,6-24h,20,0.7616,15.23,10,200000,10000,190000,73.23
PV05543,34,I71,Cardiovascular Surgery,99,6-24h,20,0.7019,14.04,8,400000,50000,350000,81.64
PV05544,24,S32,Orthopedics,82,1-3d,10,0.8134,16.27,10,750000,50000,700000,69.07
PV05545,71,A41,Critical Care,98,1-3d,10,0.8508,17.02,4,750000,75000,675000,70.22
PV05546,23,I20,Cardiology,80,2-6h,25,0.6286,12.57,10,75000,75000,0,79.57
PV05547,64,K35,General Surgery,70,1-3d,10,0.6836,13.67,4,200000,75000,125000,55.67
PV05548,82,I60,Neurosurgery,98,6-24h,20,0.7684,15.37,2,50000,0,50000,76.57
PV05549,38,A41,Critical Care,98,1-3d,10,0.7102,14.2,8,400000,25000,375000,71.4
PV05550,64,K80,General Surgery,65,1-3d,10,0.8243,16.49,4,200000,200000,0,56.49
PV05551,77,C18,Oncology,72,1-3d,10,0.8382,16.76,2,1000000,200000,800000,57.56
PV05552,47,K85,General Surgery,82,6-24h,20,0.8078,16.16,6,400000,0,400000,74.96
PV05553,48,C34,Oncology,74,1-3d,10,0.875,17.5,6,200000,100000,100000,63.1
PV05554,31,C34,Oncology,74,1-3d,10,0.7615,15.23,8,75000,10000,65000,62.83
PV05555,47,N17,Nephrology,82,1-3d,10,0.8154,16.31,6,100000,75000,25000,65.11
PV05556,77,O00,Obstetrics,96,1-3d,10,0.7197,14.39,2,750000,0,750000,64.79
PV05557,63,S06,Neurosurgery,95,>3d,5,0.8485,16.97,4,75000,75000,0,63.97
PV05558,31,J96,Critical Care,98,6-24h,20,0.8276,16.55,8,750000,200000,550000,83.75
PV05559,53,O00,Obstetrics,96,<2h,30,0.7001,14.0,6,400000,0,400000,88.4
PV05560,66,K35,General Surgery,70,>3d,5,0.8045,16.09,4,300000,50000,250000,53.09
PV05561,23,O72,Obstetrics,95,<2h,30,0.8162,16.32,10,200000,10000,190000,94.32
PV05562,69,S06,Neurosurgery,95,>3d,5,0.8481,16.96,4,50000,10000,40000,63.96
PV05563,31,S32,Orthopedics,82,1-3d,10,0.8518,17.04,8,100000,100000,0,67.84
PV05564,38,S06,Neurosurgery,95,>3d,5,0.7479,14.96,8,300000,0,300000,65.96
PV05565,46,I61,Neurosurgery,98,1-3d,10,0.8964,17.93,6,200000,0,200000,73.13
PV05566,52,C34,Oncology,74,1-3d,10,0.8723,17.45,6,100000,25000,75000,63.05
PV05567,80,A41,Critical Care,98,1-3d,10,0.7475,14.95,2,750000,25000,725000,66.15
PV05568,33,K85,General Surgery,82,1-3d,10,0.7057,14.11,8,200000,200000,0,64.91
PV05569,35,I74,Vascular Surgery,92,6-24h,20,0.7552,15.1,8,150000,50000,100000,79.9
PV05570,43,A41,Critical Care,98,<2h,30,0.6728,13.46,8,500000,75000,425000,90.66
PV05571,76,K80,General Surgery,65,6-24h,20,0.8408,16.82,2,75000,0,75000,64.82
PV05572,83,C50,Oncology,65,>3d,5,0.9384,18.77,2,50000,25000,25000,51.77
PV05573,48,J96,Critical Care,98,6-24h,20,0.9622,19.24,6,150000,10000,140000,84.44
PV05574,65,C50,Oncology,65,1-3d,10,0.7111,14.22,4,50000,25000,25000,54.22
PV05575,80,N20,Urology,55,6-24h,20,0.8987,17.97,2,150000,25000,125000,61.97
PV05576,75,N17,Nephrology,82,6-24h,20,0.8285,16.57,2,75000,0,75000,71.37
PV05577,64,J18,Pulmonology,78,>3d,5,0.5804,11.61,4,400000,75000,325000,51.81
PV05578,54,K92,Gastroenterology,88,<2h,30,0.7868,15.74,6,50000,50000,0,86.94
PV05579,84,S72,Orthopedics,76,1-3d,10,0.7756,15.51,2,100000,75000,25000,57.91
PV05580,34,S36,Trauma,90,6-24h,20,0.9411,18.82,8,100000,50000,50000,82.82
PV05581,42,N17,Nephrology,82,<2h,30,0.7329,14.66,8,300000,75000,225000,85.46
PV05582,66,G93,Neurology,80,2-6h,25,0.8763,17.53,4,200000,100000,100000,78.53
PV05583,19,N20,Urology,55,1-3d,10,0.8093,16.19,10,500000,25000,475000,58.19
PV05584,52,I61,Neurosurgery,98,2-6h,25,0.6754,13.51,6,500000,10000,490000,83.71
PV05585,76,S72,Orthopedics,76,1-3d,10,0.7648,15.3,2,150000,100000,50000,57.7
PV05586,30,K80,General Surgery,65,1-3d,10,0.9732,19.46,8,50000,10000,40000,63.46
PV05587,72,A41,Critical Care,98,2-6h,25,0.8027,16.05,4,1000000,25000,975000,84.25
PV05588,46,C22,Oncology,73,6-24h,20,0.9106,18.21,6,150000,75000,75000,73.41
PV05589,76,T79,Trauma,92,2-6h,25,0.9051,18.1,2,300000,75000,225000,81.9
PV05590,61,G93,Neurology,80,1-3d,10,0.7752,15.5,4,1000000,100000,900000,61.5
PV05591,28,I61,Neurosurgery,98,1-3d,10,0.6917,13.83,10,400000,50000,350000,73.03
PV05592,68,J18,Pulmonology,78,<2h,30,0.7048,14.1,4,300000,50000,250000,79.3
PV05593,21,O00,Obstetrics,96,1-3d,10,0.9652,19.3,10,150000,0,150000,77.7
PV05594,34,C18,Oncology,72,6-24h,20,0.8352,16.7,8,750000,150000,600000,73.5
PV05595,78,G93,Neurology,80,1-3d,10,0.6466,12.93,2,75000,10000,65000,56.93
PV05596,77,K85,General Surgery,82,<2h,30,0.9034,18.07,2,200000,150000,50000,82.87
PV05597,21,N17,Nephrology,82,<2h,30,0.6413,12.83,10,150000,100000,50000,85.63
PV05598,43,C50,Oncology,65,6-24h,20,0.7374,14.75,8,50000,50000,0,68.75
PV05599,24,K80,General Surgery,65,1-3d,10,0.8281,16.56,10,100000,100000,0,62.56
PV05600,36,S32,Orthopedics,82,1-3d,10,0.99,19.8,8,75000,50000,25000,70.6
PV05601,83,K85,General Surgery,82,6-24h,20,0.9016,18.03,2,50000,50000,0,72.83
PV05602,31,C22,Oncology,73,2-6h,25,0.7718,15.44,8,500000,200000,300000,77.64
PV05603,61,I21,Cardiology,95,1-3d,10,0.8228,16.46,4,500000,200000,300000,68.46
PV05604,72,O72,Obstetrics,95,<2h,30,0.912,18.24,4,750000,100000,650000,90.24
PV05605,77,C18,Oncology,72,1-3d,10,0.9622,19.24,2,50000,50000,0,60.04
PV05606,42,I60,Neurosurgery,98,6-24h,20,0.7952,15.9,8,200000,75000,125000,83.1
PV05607,65,S72,Orthopedics,76,6-24h,20,0.7981,15.96,4,400000,0,400000,70.36
PV05608,50,J18,Pulmonology,78,1-3d,10,0.737,14.74,6,200000,75000,125000,61.94
PV05609,25,C18,Oncology,72,2-6h,25,0.8865,17.73,10,50000,25000,25000,81.53
PV05610,33,S06,Neurosurgery,95,1-3d,10,0.9226,18.45,8,200000,0,200000,74.45
PV05611,68,I71,Cardiovascular Surgery,99,2-6h,25,0.6261,12.52,4,75000,75000,0,81.12
PV05612,64,J96,Critical Care,98,6-24h,20,0.7803,15.61,4,50000,50000,0,78.81
PV05613,53,C34,Oncology,74,6-24h,20,0.6987,13.97,6,500000,100000,400000,69.57
PV05614,71,I74,Vascular Surgery,92,<2h,30,0.8351,16.7,4,50000,50000,0,87.5
PV05615,65,J18,Pulmonology,78,1-3d,10,0.6962,13.92,4,100000,25000,75000,59.12
PV05616,41,N20,Urology,55,1-3d,10,0.688,13.76,8,1000000,200000,800000,53.76
PV05617,37,S32,Orthopedics,82,>3d,5,0.9324,18.65,8,1000000,50000,950000,64.45
PV05618,82,K56,General Surgery,85,2-6h,25,0.8034,16.07,2,50000,50000,0,77.07
PV05619,84,N39,Urology,50,2-6h,25,0.814,16.28,2,200000,10000,190000,63.28
PV05620,20,K35,General Surgery,70,6-24h,20,0.8632,17.26,10,150000,150000,0,75.26
PV05621,71,I21,Cardiology,95,>3d,5,0.9171,18.34,4,400000,50000,350000,65.34
PV05622,27,I60,Neurosurgery,98,6-24h,20,0.7781,15.56,10,400000,10000,390000,84.76
PV05623,76,A41,Critical Care,98,6-24h,20,0.7804,15.61,2,50000,50000,0,76.81
PV05624,58,I20,Cardiology,80,1-3d,10,0.7808,15.62,6,200000,200000,0,63.62
PV05625,64,A41,Critical Care,98,<2h,30,0.9282,18.56,4,100000,10000,90000,91.76
PV05626,65,C50,Oncology,65,1-3d,10,0.8132,16.26,4,1000000,75000,925000,56.26
PV05627,59,S27,Trauma,88,6-24h,20,0.7909,15.82,6,100000,100000,0,77.02
PV05628,35,I60,Neurosurgery,98,1-3d,10,0.8591,17.18,8,50000,50000,0,74.38
PV05629,72,S72,Orthopedics,76,1-3d,10,0.99,19.8,4,400000,50000,350000,64.2
PV05630,55,I21,Cardiology,95,6-24h,20,0.8274,16.55,6,750000,75000,675000,80.55
PV05631,55,O72,Obstetrics,95,1-3d,10,0.7931,15.86,6,750000,0,750000,69.86
PV05632,39,N17,Nephrology,82,1-3d,10,0.99,19.8,8,75000,75000,0,70.6
PV05633,18,O00,Obstetrics,96,2-6h,25,0.953,19.06,10,500000,75000,425000,92.46
PV05634,55,I71,Cardiovascular Surgery,99,>3d,5,0.9385,18.77,6,100000,0,100000,69.37
PV05635,41,K80,General Surgery,65,1-3d,10,0.7699,15.4,8,75000,25000,50000,59.4
PV05636,62,J18,Pulmonology,78,>3d,5,0.76,15.2,4,300000,50000,250000,55.4
PV05637,42,J96,Critical Care,98,1-3d,10,0.6366,12.73,8,750000,200000,550000,69.93
PV05638,84,S72,Orthopedics,76,6-24h,20,0.9165,18.33,2,750000,200000,550000,70.73
PV05639,64,S06,Neurosurgery,95,6-24h,20,0.8277,16.55,4,400000,25000,375000,78.55
PV05640,48,N39,Urology,50,6-24h,20,0.6399,12.8,6,200000,10000,190000,58.8
PV05641,66,K80,General Surgery,65,<2h,30,0.9402,18.8,4,300000,0,300000,78.8
PV05642,62,I71,Cardiovascular Surgery,99,6-24h,20,0.7863,15.73,4,100000,75000,25000,79.33
PV05643,60,C50,Oncology,65,6-24h,20,0.7986,15.97,4,75000,50000,25000,65.97
PV05644,57,C50,Oncology,65,<2h,30,0.6687,13.37,6,200000,75000,125000,75.37
PV05645,81,C18,Oncology,72,1-3d,10,0.8692,17.38,2,75000,25000,50000,58.18
PV05646,39,I60,Neurosurgery,98,2-6h,25,0.8702,17.4,8,50000,50000,0,89.6
PV05647,47,I20,Cardiology,80,6-24h,20,0.8152,16.3,6,500000,75000,425000,74.3
PV05648,35,K92,Gastroenterology,88,1-3d,10,0.7782,15.56,8,750000,200000,550000,68.76
PV05649,56,C22,Oncology,73,1-3d,10,0.99,19.8,6,500000,10000,490000,65.0
PV05650,85,C22,Oncology,73,2-6h,25,0.6997,13.99,2,1000000,25000,975000,70.19
PV05651,59,N39,Urology,50,1-3d,10,0.7479,14.96,6,200000,75000,125000,50.96
PV05652,32,K80,General Surgery,65,1-3d,10,0.8908,17.82,8,400000,100000,300000,61.82
PV05653,80,I60,Neurosurgery,98,>3d,5,0.7186,14.37,2,100000,25000,75000,60.57
PV05654,71,S72,Orthopedics,76,6-24h,20,0.7112,14.22,4,200000,75000,125000,68.62
PV05655,47,J96,Critical Care,98,<2h,30,0.9332,18.66,6,75000,75000,0,93.86
PV05656,27,A41,Critical Care,98,1-3d,10,0.8805,17.61,10,400000,100000,300000,76.81
PV05657,45,T79,Trauma,92,6-24h,20,0.8684,17.37,6,200000,100000,100000,80.17
PV05658,72,T79,Trauma,92,1-3d,10,0.8382,16.76,4,300000,10000,290000,67.56
PV05659,57,O00,Obstetrics,96,1-3d,10,0.7508,15.02,6,750000,0,750000,69.42
PV05660,30,K80,General Surgery,65,1-3d,10,0.7947,15.89,8,50000,25000,25000,59.89
PV05661,28,S06,Neurosurgery,95,>3d,5,0.8121,16.24,10,200000,10000,190000,69.24
PV05662,83,A41,Critical Care,98,1-3d,10,0.9046,18.09,2,150000,75000,75000,69.29
PV05663,48,G93,Neurology,80,>3d,5,0.8626,17.25,6,500000,75000,425000,60.25
PV05664,64,S72,Orthopedics,76,1-3d,10,0.7272,14.54,4,400000,0,400000,58.94
PV05665,42,N17,Nephrology,82,2-6h,25,0.899,17.98,8,500000,150000,350000,83.78
PV05666,24,S72,Orthopedics,76,1-3d,10,0.6521,13.04,10,750000,100000,650000,63.44
PV05667,46,A41,Critical Care,98,1-3d,10,0.788,15.76,6,100000,50000,50000,70.96
PV05668,65,T79,Trauma,92,>3d,5,0.7058,14.12,4,150000,10000,140000,59.92
PV05669,40,K80,General Surgery,65,6-24h,20,0.7343,14.69,8,150000,10000,140000,68.69
PV05670,59,C50,Oncology,65,6-24h,20,0.99,19.8,6,750000,200000,550000,71.8
PV05671,47,K85,General Surgery,82,1-3d,10,0.6729,13.46,6,200000,10000,190000,62.26
PV05672,40,C34,Oncology,74,<2h,30,0.7381,14.76,8,500000,150000,350000,82.36
PV05673,35,K92,Gastroenterology,88,1-3d,10,0.871,17.42,8,100000,100000,0,70.62
PV05674,35,C34,Oncology,74,1-3d,10,0.773,15.46,8,1000000,75000,925000,63.06
PV05675,35,O72,Obstetrics,95,2-6h,25,0.8356,16.71,8,200000,150000,50000,87.71
PV05676,66,I71,Cardiovascular Surgery,99,2-6h,25,0.963,19.26,4,1000000,200000,800000,87.86
PV05677,40,O00,Obstetrics,96,1-3d,10,0.8855,17.71,8,200000,25000,175000,74.11
PV05678,68,S36,Trauma,90,<2h,30,0.7731,15.46,4,50000,50000,0,85.46
PV05679,39,C18,Oncology,72,1-3d,10,0.8066,16.13,8,100000,10000,90000,62.93
PV05680,40,I60,Neurosurgery,98,1-3d,10,0.8731,17.46,8,200000,150000,50000,74.66
PV05681,80,K56,General Surgery,85,1-3d,10,0.8835,17.67,2,75000,50000,25000,63.67
PV05682,77,S32,Orthopedics,82,6-24h,20,0.8221,16.44,2,500000,100000,400000,71.24
PV05683,45,S36,Trauma,90,<2h,30,0.8561,17.12,6,150000,150000,0,89.12
PV05684,36,S27,Trauma,88,1-3d,10,0.8562,17.12,8,750000,50000,700000,70.32
PV05685,66,N17,Nephrology,82,2-6h,25,0.8108,16.22,4,1000000,0,1000000,78.02
PV05686,22,S72,Orthopedics,76,6-24h,20,0.7595,15.19,10,50000,50000,0,75.59
PV05687,49,K80,General Surgery,65,>3d,5,0.8943,17.89,6,100000,10000,90000,54.89
PV05688,58,J96,Critical Care,98,6-24h,20,0.8492,16.98,6,400000,100000,300000,82.18
PV05689,63,K80,General Surgery,65,6-24h,20,0.6119,12.24,4,750000,50000,700000,62.24
PV05690,25,A41,Critical Care,98,>3d,5,0.7374,14.75,10,750000,50000,700000,68.95
PV05691,18,S36,Trauma,90,2-6h,25,0.7719,15.44,10,75000,25000,50000,86.44
PV05692,36,J18,Pulmonology,78,2-6h,25,0.7999,16.0,8,100000,75000,25000,80.2
PV05693,26,I20,Cardiology,80,6-24h,20,0.9404,18.81,10,75000,10000,65000,80.81
PV05694,52,A41,Critical Care,98,1-3d,10,0.99,19.8,6,150000,10000,140000,75.0
PV05695,80,J18,Pulmonology,78,>3d,5,0.5741,11.48,2,400000,50000,350000,49.68
PV05696,37,I60,Neurosurgery,98,1-3d,10,0.8504,17.01,8,150000,150000,0,74.21
PV05697,48,I61,Neurosurgery,98,>3d,5,0.827,16.54,6,500000,75000,425000,66.74
PV05698,32,S32,Orthopedics,82,<2h,30,0.802,16.04,8,150000,150000,0,86.84
PV05699,20,N20,Urology,55,1-3d,10,0.8743,17.49,10,300000,25000,275000,59.49
PV05700,65,S36,Trauma,90,2-6h,25,0.835,16.7,4,300000,0,300000,81.7
PV05701,35,C18,Oncology,72,>3d,5,0.7839,15.68,8,100000,25000,75000,57.48
PV05702,55,S36,Trauma,90,>3d,5,0.8229,16.46,6,50000,0,50000,63.46
PV05703,64,I71,Cardiovascular Surgery,99,6-24h,20,0.8757,17.51,4,100000,75000,25000,81.11
PV05704,75,S27,Trauma,88,1-3d,10,0.8661,17.32,2,500000,200000,300000,64.52
PV05705,30,I74,Vascular Surgery,92,1-3d,10,0.8389,16.78,8,500000,50000,450000,71.58
PV05706,57,T79,Trauma,92,2-6h,25,0.7617,15.23,6,75000,10000,65000,83.03
PV05707,79,S27,Trauma,88,1-3d,10,0.99,19.8,2,150000,75000,75000,67.0
PV05708,50,I74,Vascular Surgery,92,>3d,5,0.856,17.12,6,750000,100000,650000,64.92
PV05709,20,N17,Nephrology,82,6-24h,20,0.8962,17.92,10,750000,150000,600000,80.72
PV05710,35,K80,General Surgery,65,<2h,30,0.7692,15.38,8,50000,50000,0,79.38
PV05711,72,I71,Cardiovascular Surgery,99,>3d,5,0.839,16.78,4,500000,50000,450000,65.38
PV05712,71,K92,Gastroenterology,88,6-24h,20,0.8382,16.76,4,500000,75000,425000,75.96
PV05713,39,S72,Orthopedics,76,6-24h,20,0.6288,12.58,8,75000,10000,65000,70.98
PV05714,31,C34,Oncology,74,1-3d,10,0.7483,14.97,8,150000,0,150000,62.57
PV05715,37,K92,Gastroenterology,88,1-3d,10,0.7465,14.93,8,50000,50000,0,68.13
PV05716,34,S27,Trauma,88,6-24h,20,0.76,15.2,8,400000,10000,390000,78.4
PV05717,68,K56,General Surgery,85,2-6h,25,0.713,14.26,4,750000,100000,650000,77.26
PV05718,75,K80,General Surgery,65,1-3d,10,0.8244,16.49,2,75000,75000,0,54.49
PV05719,21,I21,Cardiology,95,6-24h,20,0.9597,19.19,10,150000,50000,100000,87.19
PV05720,68,S72,Orthopedics,76,1-3d,10,0.833,16.66,4,300000,50000,250000,61.06
PV05721,69,C22,Oncology,73,>3d,5,0.7019,14.04,4,50000,50000,0,52.24
PV05722,59,S27,Trauma,88,<2h,30,0.7169,14.34,6,100000,100000,0,85.54
PV05723,77,C50,Oncology,65,>3d,5,0.7823,15.65,2,100000,10000,90000,48.65
PV05724,20,O00,Obstetrics,96,1-3d,10,0.6784,13.57,10,50000,50000,0,71.97
PV05725,65,A41,Critical Care,98,>3d,5,0.8504,17.01,4,400000,10000,390000,65.21
PV05726,26,I74,Vascular Surgery,92,6-24h,20,0.9553,19.11,10,500000,150000,350000,85.91
PV05727,78,O00,Obstetrics,96,6-24h,20,0.7624,15.25,2,50000,50000,0,75.65
PV05728,51,S06,Neurosurgery,95,1-3d,10,0.8276,16.55,6,75000,50000,25000,70.55
PV05729,24,S27,Trauma,88,>3d,5,0.7771,15.54,10,50000,50000,0,65.74
PV05730,68,S27,Trauma,88,>3d,5,0.757,15.14,4,1000000,50000,950000,59.34
PV05731,68,G93,Neurology,80,6-24h,20,0.839,16.78,4,300000,10000,290000,72.78
PV05732,49,S06,Neurosurgery,95,1-3d,10,0.7537,15.07,6,300000,10000,290000,69.07
PV05733,39,G93,Neurology,80,2-6h,25,0.7392,14.78,8,50000,50000,0,79.78
PV05734,19,S27,Trauma,88,1-3d,10,0.6581,13.16,10,50000,50000,0,68.36
PV05735,79,C34,Oncology,74,1-3d,10,0.8265,16.53,2,1000000,50000,950000,58.13
PV05736,30,N17,Nephrology,82,1-3d,10,0.9267,18.53,8,1000000,50000,950000,69.33
PV05737,75,I71,Cardiovascular Surgery,99,6-24h,20,0.8907,17.81,2,300000,50000,250000,79.41
PV05738,58,N39,Urology,50,>3d,5,0.9692,19.38,6,75000,75000,0,50.38
PV05739,64,A41,Critical Care,98,2-6h,25,0.7525,15.05,4,50000,0,50000,83.25
PV05740,65,I60,Neurosurgery,98,6-24h,20,0.9051,18.1,4,750000,100000,650000,81.3
PV05741,76,K80,General Surgery,65,1-3d,10,0.7097,14.19,2,300000,25000,275000,52.19
PV05742,20,C18,Oncology,72,1-3d,10,0.8909,17.82,10,150000,10000,140000,66.62
PV05743,85,I20,Cardiology,80,1-3d,10,0.9844,19.69,2,50000,10000,40000,63.69
PV05744,20,S72,Orthopedics,76,1-3d,10,0.8698,17.4,10,300000,50000,250000,67.8
PV05745,85,I21,Cardiology,95,<2h,30,0.9862,19.72,2,750000,10000,740000,89.72
PV05746,35,I21,Cardiology,95,2-6h,25,0.7601,15.2,8,750000,100000,650000,86.2
PV05747,75,S27,Trauma,88,1-3d,10,0.8066,16.13,2,500000,25000,475000,63.33
PV05748,23,J96,Critical Care,98,1-3d,10,0.7284,14.57,10,50000,50000,0,73.77
PV05749,49,N39,Urology,50,6-24h,20,0.8235,16.47,6,500000,10000,490000,62.47
PV05750,54,S06,Neurosurgery,95,6-24h,20,0.847,16.94,6,400000,25000,375000,80.94
PV05751,82,I20,Cardiology,80,<2h,30,0.8226,16.45,2,750000,50000,700000,80.45
PV05752,26,A41,Critical Care,98,1-3d,10,0.7726,15.45,10,75000,75000,0,74.65
PV05753,20,S06,Neurosurgery,95,6-24h,20,0.7709,15.42,10,750000,25000,725000,83.42
PV05754,62,I71,Cardiovascular Surgery,99,1-3d,10,0.8545,17.09,4,500000,10000,490000,70.69
PV05755,21,K35,General Surgery,70,6-24h,20,0.8041,16.08,10,500000,50000,450000,74.08
PV05756,70,S27,Trauma,88,6-24h,20,0.7048,14.1,4,75000,75000,0,73.3
PV05757,20,I74,Vascular Surgery,92,6-24h,20,0.6303,12.61,10,750000,150000,600000,79.41
PV05758,83,O00,Obstetrics,96,<2h,30,0.7605,15.21,2,50000,50000,0,85.61
PV05759,54,N17,Nephrology,82,1-3d,10,0.6818,13.64,6,100000,100000,0,62.44
PV05760,82,I21,Cardiology,95,6-24h,20,0.7364,14.73,2,75000,75000,0,74.73
PV05761,26,S06,Neurosurgery,95,6-24h,20,0.7777,15.55,10,100000,100000,0,83.55
PV05762,36,K35,General Surgery,70,>3d,5,0.8054,16.11,8,400000,50000,350000,57.11
PV05763,48,K56,General Surgery,85,6-24h,20,0.7534,15.07,6,1000000,50000,950000,75.07
PV05764,19,I61,Neurosurgery,98,6-24h,20,0.99,19.8,10,1000000,200000,800000,89.0
PV05765,24,I74,Vascular Surgery,92,6-24h,20,0.6939,13.88,10,75000,75000,0,80.68
PV05766,40,N17,Nephrology,82,6-24h,20,0.9409,18.82,8,1000000,100000,900000,79.62
PV05767,68,I74,Vascular Surgery,92,<2h,30,0.8037,16.07,4,75000,0,75000,86.87
PV05768,66,I74,Vascular Surgery,92,>3d,5,0.7542,15.08,4,500000,10000,490000,60.88
PV05769,23,O72,Obstetrics,95,6-24h,20,0.8788,17.58,10,75000,50000,25000,85.58
PV05770,22,N17,Nephrology,82,1-3d,10,0.7747,15.49,10,750000,75000,675000,68.29
PV05771,62,I74,Vascular Surgery,92,>3d,5,0.7393,14.79,4,150000,75000,75000,60.59
PV05772,42,A41,Critical Care,98,<2h,30,0.99,19.8,8,750000,25000,725000,97.0
PV05773,71,S27,Trauma,88,1-3d,10,0.6006,12.01,4,300000,150000,150000,61.21
PV05774,38,I21,Cardiology,95,2-6h,25,0.7955,15.91,8,300000,150000,150000,86.91
PV05775,42,O72,Obstetrics,95,6-24h,20,0.839,16.78,8,200000,10000,190000,82.78
PV05776,32,K92,Gastroenterology,88,1-3d,10,0.9608,19.22,8,100000,100000,0,72.42
PV05777,36,S36,Trauma,90,<2h,30,0.7802,15.6,8,300000,10000,290000,89.6
PV05778,66,S06,Neurosurgery,95,>3d,5,0.99,19.8,4,400000,50000,350000,66.8
PV05779,50,N20,Urology,55,1-3d,10,0.8959,17.92,6,75000,75000,0,55.92
PV05780,62,S06,Neurosurgery,95,6-24h,20,0.5833,11.67,4,75000,25000,50000,73.67
PV05781,23,K56,General Surgery,85,<2h,30,0.6746,13.49,10,200000,100000,100000,87.49
PV05782,54,K35,General Surgery,70,1-3d,10,0.8437,16.87,6,750000,150000,600000,60.87
PV05783,49,I20,Cardiology,80,6-24h,20,0.7056,14.11,6,150000,50000,100000,72.11
PV05784,79,C22,Oncology,73,2-6h,25,0.8748,17.5,2,200000,150000,50000,73.7
PV05785,46,J18,Pulmonology,78,6-24h,20,0.7746,15.49,6,1000000,100000,900000,72.69
PV05786,25,C18,Oncology,72,<2h,30,0.7004,14.01,10,100000,75000,25000,82.81
PV05787,65,C34,Oncology,74,>3d,5,0.7235,14.47,4,150000,0,150000,53.07
PV05788,28,C18,Oncology,72,6-24h,20,0.9052,18.1,10,750000,100000,650000,76.9
PV05789,79,N17,Nephrology,82,6-24h,20,0.6177,12.35,2,300000,25000,275000,67.15
PV05790,44,C22,Oncology,73,1-3d,10,0.9245,18.49,8,75000,25000,50000,65.69
PV05791,71,N20,Urology,55,1-3d,10,0.9275,18.55,4,100000,100000,0,54.55
PV05792,62,I61,Neurosurgery,98,>3d,5,0.7869,15.74,4,1000000,25000,975000,63.94
PV05793,49,S36,Trauma,90,>3d,5,0.6796,13.59,6,750000,25000,725000,60.59
PV05794,57,C22,Oncology,73,2-6h,25,0.8756,17.51,6,1000000,200000,800000,77.71
PV05795,30,S27,Trauma,88,6-24h,20,0.7714,15.43,8,200000,25000,175000,78.63
PV05796,23,A41,Critical Care,98,1-3d,10,0.6685,13.37,10,400000,100000,300000,72.57
PV05797,70,I20,Cardiology,80,<2h,30,0.99,19.8,4,75000,75000,0,85.8
PV05798,83,C18,Oncology,72,1-3d,10,0.7316,14.63,2,500000,0,500000,55.43
PV05799,76,N17,Nephrology,82,<2h,30,0.6728,13.46,2,300000,75000,225000,78.26
PV05800,38,S27,Trauma,88,>3d,5,0.8485,16.97,8,50000,50000,0,65.17
PV05801,42,S06,Neurosurgery,95,1-3d,10,0.8132,16.26,8,750000,100000,650000,72.26
PV05802,42,S36,Trauma,90,1-3d,10,0.9686,19.37,8,200000,50000,150000,73.37
PV05803,65,S72,Orthopedics,76,6-24h,20,0.7819,15.64,4,1000000,10000,990000,70.04
PV05804,60,N39,Urology,50,>3d,5,0.783,15.66,4,750000,10000,740000,44.66
PV05805,72,I74,Vascular Surgery,92,1-3d,10,0.8535,17.07,4,200000,75000,125000,67.87
PV05806,82,K35,General Surgery,70,1-3d,10,0.84,16.8,2,50000,50000,0,56.8
PV05807,44,S27,Trauma,88,1-3d,10,0.843,16.86,8,75000,50000,25000,70.06
PV05808,63,C22,Oncology,73,<2h,30,0.8472,16.94,4,100000,10000,90000,80.14
PV05809,52,O72,Obstetrics,95,<2h,30,0.8365,16.73,6,100000,100000,0,90.73
PV05810,82,S36,Trauma,90,2-6h,25,0.7784,15.57,2,150000,25000,125000,78.57
PV05811,42,C50,Oncology,65,1-3d,10,0.9033,18.07,8,1000000,50000,950000,62.07
PV05812,30,C34,Oncology,74,1-3d,10,0.784,15.68,8,400000,150000,250000,63.28
PV05813,43,I71,Cardiovascular Surgery,99,6-24h,20,0.9004,18.01,8,75000,0,75000,85.61
PV05814,60,C22,Oncology,73,>3d,5,0.9588,19.18,4,500000,10000,490000,57.38
PV05815,82,J18,Pulmonology,78,2-6h,25,0.7522,15.04,2,50000,10000,40000,73.24
PV05816,74,I60,Neurosurgery,98,1-3d,10,0.99,19.8,4,50000,50000,0,73.0
PV05817,19,S27,Trauma,88,6-24h,20,0.7487,14.97,10,400000,150000,250000,80.17
PV05818,52,N39,Urology,50,6-24h,20,0.7495,14.99,6,100000,100000,0,60.99
PV05819,28,S36,Trauma,90,<2h,30,0.874,17.48,10,200000,150000,50000,93.48
PV05820,42,J18,Pulmonology,78,1-3d,10,0.8642,17.28,8,750000,25000,725000,66.48
PV05821,82,C18,Oncology,72,1-3d,10,0.8272,16.54,2,150000,50000,100000,57.34
PV05822,84,N20,Urology,55,6-24h,20,0.9018,18.04,2,75000,50000,25000,62.04
PV05823,28,I20,Cardiology,80,6-24h,20,0.8453,16.91,10,1000000,0,1000000,78.91
PV05824,27,K35,General Surgery,70,1-3d,10,0.99,19.8,10,100000,75000,25000,67.8
PV05825,65,O00,Obstetrics,96,6-24h,20,0.8147,16.29,4,400000,25000,375000,78.69
PV05826,45,N17,Nephrology,82,1-3d,10,0.7346,14.69,6,75000,75000,0,63.49
PV05827,47,K35,General Surgery,70,6-24h,20,0.7648,15.3,6,75000,75000,0,69.3
PV05828,77,C50,Oncology,65,>3d,5,0.8671,17.34,2,500000,150000,350000,50.34
PV05829,80,S06,Neurosurgery,95,1-3d,10,0.8686,17.37,2,750000,10000,740000,67.37
PV05830,79,S72,Orthopedics,76,2-6h,25,0.8406,16.81,2,50000,0,50000,74.21
PV05831,71,I74,Vascular Surgery,92,1-3d,10,0.735,14.7,4,1000000,50000,950000,65.5
PV05832,84,K35,General Surgery,70,6-24h,20,0.9309,18.62,2,150000,75000,75000,68.62
PV05833,66,T79,Trauma,92,>3d,5,0.99,19.8,4,1000000,75000,925000,65.6
PV05834,78,J96,Critical Care,98,1-3d,10,0.8229,16.46,2,300000,100000,200000,67.66
PV05835,54,J96,Critical Care,98,<2h,30,0.99,19.8,6,500000,150000,350000,95.0
PV05836,21,G93,Neurology,80,1-3d,10,0.9066,18.13,10,50000,25000,25000,70.13
PV05837,73,I20,Cardiology,80,2-6h,25,0.99,19.8,4,75000,25000,50000,80.8
PV05838,81,I60,Neurosurgery,98,>3d,5,0.8673,17.35,2,1000000,25000,975000,63.55
PV05839,39,I71,Cardiovascular Surgery,99,>3d,5,0.8337,16.67,8,75000,25000,50000,69.27
PV05840,47,N20,Urology,55,1-3d,10,0.9042,18.08,6,750000,75000,675000,56.08
PV05841,56,S32,Orthopedics,82,1-3d,10,0.7766,15.53,6,75000,75000,0,64.33
PV05842,62,C22,Oncology,73,1-3d,10,0.8607,17.21,4,400000,50000,350000,60.41
PV05843,63,N17,Nephrology,82,6-24h,20,0.9531,19.06,4,150000,50000,100000,75.86
PV05844,44,I21,Cardiology,95,2-6h,25,0.902,18.04,8,200000,200000,0,89.04
PV05845,76,I20,Cardiology,80,>3d,5,0.8169,16.34,2,500000,25000,475000,55.34
PV05846,73,K35,General Surgery,70,6-24h,20,0.84,16.8,4,75000,10000,65000,68.8
PV05847,82,S06,Neurosurgery,95,6-24h,20,0.8958,17.92,2,150000,25000,125000,77.92
PV05848,57,C50,Oncology,65,2-6h,25,0.8924,17.85,6,300000,0,300000,74.85
PV05849,23,C18,Oncology,72,>3d,5,0.895,17.9,10,150000,25000,125000,61.7
PV05850,75,I60,Neurosurgery,98,>3d,5,0.8539,17.08,2,100000,100000,0,63.28
PV05851,23,K56,General Surgery,85,6-24h,20,0.7375,14.75,10,50000,50000,0,78.75
PV05852,31,J18,Pulmonology,78,6-24h,20,0.7535,15.07,8,400000,200000,200000,74.27
PV05853,37,J96,Critical Care,98,1-3d,10,0.8661,17.32,8,50000,25000,25000,74.52
PV05854,30,C50,Oncology,65,6-24h,20,0.9031,18.06,8,75000,50000,25000,72.06
PV05855,67,S27,Trauma,88,>3d,5,0.8902,17.8,4,100000,100000,0,62.0
PV05856,47,J18,Pulmonology,78,>3d,5,0.7525,15.05,6,500000,150000,350000,57.25
PV05857,32,O72,Obstetrics,95,1-3d,10,0.8049,16.1,8,75000,10000,65000,72.1
PV05858,18,K85,General Surgery,82,2-6h,25,0.7026,14.05,10,150000,150000,0,81.85
PV05859,32,K85,General Surgery,82,1-3d,10,0.6809,13.62,8,50000,0,50000,64.42
PV05860,65,C50,Oncology,65,>3d,5,0.8281,16.56,4,300000,25000,275000,51.56
PV05861,72,O00,Obstetrics,96,6-24h,20,0.9558,19.12,4,75000,75000,0,81.52
PV05862,38,J18,Pulmonology,78,>3d,5,0.83,16.6,8,75000,75000,0,60.8
PV05863,22,J18,Pulmonology,78,6-24h,20,0.99,19.8,10,150000,150000,0,81.0
PV05864,55,A41,Critical Care,98,>3d,5,0.8036,16.07,6,100000,100000,0,66.27
PV05865,71,N39,Urology,50,1-3d,10,0.8231,16.46,4,50000,25000,25000,50.46
PV05866,22,N17,Nephrology,82,2-6h,25,0.7209,14.42,10,200000,25000,175000,82.22
PV05867,72,N20,Urology,55,6-24h,20,0.7853,15.71,4,300000,100000,200000,61.71
PV05868,29,I20,Cardiology,80,<2h,30,0.701,14.02,10,200000,200000,0,86.02
PV05869,35,N39,Urology,50,6-24h,20,0.6655,13.31,8,200000,150000,50000,61.31
PV05870,60,C50,Oncology,65,>3d,5,0.7027,14.05,4,1000000,200000,800000,49.05
PV05871,21,S32,Orthopedics,82,6-24h,20,0.8285,16.57,10,100000,100000,0,79.37
PV05872,38,O72,Obstetrics,95,>3d,5,0.7463,14.93,8,150000,50000,100000,65.93
PV05873,27,K80,General Surgery,65,2-6h,25,0.77,15.4,10,300000,150000,150000,76.4
PV05874,32,I74,Vascular Surgery,92,1-3d,10,0.861,17.22,8,50000,0,50000,72.02
PV05875,70,N20,Urology,55,>3d,5,0.6651,13.3,4,1000000,200000,800000,44.3
PV05876,33,I61,Neurosurgery,98,1-3d,10,0.8281,16.56,8,300000,200000,100000,73.76
PV05877,20,N39,Urology,50,>3d,5,0.9048,18.1,10,400000,75000,325000,53.1
PV05878,32,J96,Critical Care,98,>3d,5,0.9135,18.27,8,150000,75000,75000,70.47
PV05879,23,C34,Oncology,74,1-3d,10,0.8717,17.43,10,400000,75000,325000,67.03
PV05880,60,I21,Cardiology,95,1-3d,10,0.8148,16.3,4,750000,10000,740000,68.3
PV05881,84,K35,General Surgery,70,<2h,30,0.7576,15.15,2,300000,10000,290000,75.15
PV05882,29,C22,Oncology,73,6-24h,20,0.8118,16.24,10,100000,100000,0,75.44
PV05883,67,G93,Neurology,80,6-24h,20,0.9853,19.71,4,400000,0,400000,75.71
PV05884,42,A41,Critical Care,98,1-3d,10,0.8473,16.95,8,750000,100000,650000,74.15
PV05885,22,S06,Neurosurgery,95,1-3d,10,0.8093,16.19,10,400000,25000,375000,74.19
PV05886,64,T79,Trauma,92,1-3d,10,0.8764,17.53,4,400000,10000,390000,68.33
PV05887,32,C22,Oncology,73,>3d,5,0.825,16.5,8,200000,75000,125000,58.7
PV05888,52,K56,General Surgery,85,2-6h,25,0.8426,16.85,6,75000,25000,50000,81.85
PV05889,52,C34,Oncology,74,>3d,5,0.7953,15.91,6,500000,50000,450000,56.51
PV05890,58,I71,Cardiovascular Surgery,99,2-6h,25,0.7785,15.57,6,200000,150000,50000,86.17
PV05891,27,K80,General Surgery,65,6-24h,20,0.9196,18.39,10,100000,100000,0,74.39
PV05892,35,S27,Trauma,88,1-3d,10,0.625,12.5,8,200000,200000,0,65.7
PV05893,68,S06,Neurosurgery,95,6-24h,20,0.8679,17.36,4,50000,50000,0,79.36
PV05894,81,I74,Vascular Surgery,92,1-3d,10,0.7723,15.45,2,300000,50000,250000,64.25
PV05895,18,N17,Nephrology,82,1-3d,10,0.6295,12.59,10,300000,100000,200000,65.39
PV05896,46,S32,Orthopedics,82,1-3d,10,0.7225,14.45,6,150000,10000,140000,63.25
PV05897,77,I21,Cardiology,95,2-6h,25,0.8164,16.33,2,500000,150000,350000,81.33
PV05898,37,K92,Gastroenterology,88,2-6h,25,0.8301,16.6,8,300000,25000,275000,84.8
PV05899,48,C34,Oncology,74,<2h,30,0.894,17.88,6,150000,50000,100000,83.48
PV05900,79,I20,Cardiology,80,6-24h,20,0.9008,18.02,2,500000,75000,425000,72.02
PV05901,83,N39,Urology,50,2-6h,25,0.6653,13.31,2,75000,0,75000,60.31
PV05902,62,K35,General Surgery,70,6-24h,20,0.8578,17.16,4,300000,25000,275000,69.16
PV05903,65,I61,Neurosurgery,98,1-3d,10,0.8929,17.86,4,75000,10000,65000,71.06
PV05904,59,S32,Orthopedics,82,>3d,5,0.8419,16.84,6,400000,75000,325000,60.64
PV05905,37,K56,General Surgery,85,1-3d,10,0.8702,17.4,8,50000,50000,0,69.4
PV05906,78,K35,General Surgery,70,<2h,30,0.6267,12.53,2,750000,0,750000,72.53
PV05907,20,O72,Obstetrics,95,1-3d,10,0.721,14.42,10,50000,0,50000,72.42
PV05908,21,N39,Urology,50,2-6h,25,0.9566,19.13,10,200000,150000,50000,74.13
PV05909,58,S32,Orthopedics,82,6-24h,20,0.792,15.84,6,400000,25000,375000,74.64
PV05910,74,O00,Obstetrics,96,6-24h,20,0.99,19.8,4,200000,150000,50000,82.2
PV05911,73,K56,General Surgery,85,>3d,5,0.6922,13.84,4,100000,100000,0,56.84
PV05912,64,K85,General Surgery,82,1-3d,10,0.9764,19.53,4,100000,100000,0,66.33
PV05913,43,C50,Oncology,65,6-24h,20,0.7589,15.18,8,750000,50000,700000,69.18
PV05914,42,K35,General Surgery,70,1-3d,10,0.9062,18.12,8,75000,25000,50000,64.12
PV05915,46,O00,Obstetrics,96,>3d,5,0.7905,15.81,6,500000,100000,400000,65.21
PV05916,35,I21,Cardiology,95,<2h,30,0.8316,16.63,8,100000,100000,0,92.63
PV05917,46,I74,Vascular Surgery,92,1-3d,10,0.8796,17.59,6,50000,50000,0,70.39
PV05918,25,J96,Critical Care,98,2-6h,25,0.7587,15.17,10,200000,25000,175000,89.37
PV05919,39,C50,Oncology,65,2-6h,25,0.9001,18.0,8,50000,50000,0,77.0
PV05920,81,N39,Urology,50,>3d,5,0.7934,15.87,2,500000,50000,450000,42.87
PV05921,66,K35,General Surgery,70,<2h,30,0.8378,16.76,4,500000,200000,300000,78.76
PV05922,27,S32,Orthopedics,82,1-3d,10,0.5555,11.11,10,100000,100000,0,63.91
PV05923,37,C34,Oncology,74,2-6h,25,0.7863,15.73,8,500000,50000,450000,78.33
PV05924,35,C22,Oncology,73,1-3d,10,0.9464,18.93,8,500000,150000,350000,66.13
PV05925,37,N39,Urology,50,1-3d,10,0.8895,17.79,8,400000,0,400000,55.79
PV05926,64,S06,Neurosurgery,95,>3d,5,0.9087,18.17,4,50000,50000,0,65.17
PV05927,78,K80,General Surgery,65,1-3d,10,0.8253,16.51,2,75000,50000,25000,54.51
PV05928,66,J18,Pulmonology,78,1-3d,10,0.9876,19.75,4,75000,10000,65000,64.95
PV05929,51,S06,Neurosurgery,95,6-24h,20,0.8488,16.98,6,750000,150000,600000,80.98
PV05930,28,J96,Critical Care,98,2-6h,25,0.754,15.08,10,150000,100000,50000,89.28
PV05931,27,N39,Urology,50,1-3d,10,0.9055,18.11,10,300000,0,300000,58.11
PV05932,73,N17,Nephrology,82,6-24h,20,0.9123,18.25,4,200000,25000,175000,75.05
PV05933,64,K85,General Surgery,82,<2h,30,0.883,17.66,4,1000000,50000,950000,84.46
PV05934,52,I74,Vascular Surgery,92,>3d,5,0.7797,15.59,6,75000,75000,0,63.39
PV05935,57,G93,Neurology,80,6-24h,20,0.8481,16.96,6,500000,150000,350000,74.96
PV05936,75,I71,Cardiovascular Surgery,99,<2h,30,0.9593,19.19,2,75000,25000,50000,90.79
PV05937,73,K35,General Surgery,70,>3d,5,0.8678,17.36,4,1000000,150000,850000,54.36
PV05938,23,J18,Pulmonology,78,1-3d,10,0.6722,13.44,10,300000,150000,150000,64.64
PV05939,44,C22,Oncology,73,1-3d,10,0.7571,15.14,8,100000,50000,50000,62.34
PV05940,20,K56,General Surgery,85,2-6h,25,0.7525,15.05,10,200000,200000,0,84.05
PV05941,44,J96,Critical Care,98,6-24h,20,0.7446,14.89,8,500000,200000,300000,82.09
PV05942,61,O72,Obstetrics,95,1-3d,10,0.6089,12.18,4,200000,25000,175000,64.18
PV05943,32,K56,General Surgery,85,6-24h,20,0.99,19.8,8,50000,50000,0,81.8
PV05944,28,C34,Oncology,74,1-3d,10,0.7324,14.65,10,150000,150000,0,64.25
PV05945,51,J96,Critical Care,98,6-24h,20,0.7396,14.79,6,1000000,75000,925000,79.99
PV05946,53,S06,Neurosurgery,95,2-6h,25,0.6258,12.52,6,150000,100000,50000,81.52
PV05947,66,J96,Critical Care,98,<2h,30,0.9066,18.13,4,200000,150000,50000,91.33
PV05948,18,N39,Urology,50,6-24h,20,0.8109,16.22,10,75000,75000,0,66.22
PV05949,34,K92,Gastroenterology,88,6-24h,20,0.7849,15.7,8,50000,25000,25000,78.9
PV05950,71,O00,Obstetrics,96,1-3d,10,0.7902,15.8,4,100000,75000,25000,68.2
PV05951,64,S27,Trauma,88,1-3d,10,0.8788,17.58,4,750000,150000,600000,66.78
PV05952,79,T79,Trauma,92,2-6h,25,0.772,15.44,2,300000,25000,275000,79.24
PV05953,73,K56,General Surgery,85,1-3d,10,0.6211,12.42,4,150000,150000,0,60.42
PV05954,75,C34,Oncology,74,6-24h,20,0.6908,13.82,2,300000,10000,290000,65.42
PV05955,52,C50,Oncology,65,6-24h,20,0.6857,13.71,6,750000,50000,700000,65.71
PV05956,83,N20,Urology,55,>3d,5,0.8475,16.95,2,1000000,0,1000000,45.95
PV05957,46,A41,Critical Care,98,1-3d,10,0.913,18.26,6,150000,150000,0,73.46
PV05958,79,N20,Urology,55,1-3d,10,0.9666,19.33,2,750000,100000,650000,53.33
PV05959,44,C18,Oncology,72,6-24h,20,0.6565,13.13,8,750000,0,750000,69.93
PV05960,48,I20,Cardiology,80,2-6h,25,0.882,17.64,6,50000,10000,40000,80.64
PV05961,64,K56,General Surgery,85,1-3d,10,0.7585,15.17,4,750000,75000,675000,63.17
PV05962,45,C18,Oncology,72,1-3d,10,0.99,19.8,6,100000,50000,50000,64.6
PV05963,28,T79,Trauma,92,1-3d,10,0.9584,19.17,10,500000,0,500000,75.97
PV05964,78,I71,Cardiovascular Surgery,99,>3d,5,0.99,19.8,2,750000,200000,550000,66.4
PV05965,48,K80,General Surgery,65,6-24h,20,0.9002,18.0,6,300000,50000,250000,70.0
PV05966,81,I61,Neurosurgery,98,1-3d,10,0.8582,17.16,2,150000,100000,50000,68.36
PV05967,45,N20,Urology,55,1-3d,10,0.7797,15.59,6,750000,150000,600000,53.59
PV05968,84,C18,Oncology,72,6-24h,20,0.7601,15.2,2,200000,10000,190000,66.0
PV05969,58,K56,General Surgery,85,<2h,30,0.74,14.8,6,500000,25000,475000,84.8
PV05970,70,I60,Neurosurgery,98,1-3d,10,0.8818,17.64,4,400000,100000,300000,70.84
PV05971,69,K80,General Surgery,65,6-24h,20,0.976,19.52,4,150000,150000,0,69.52
PV05972,31,J96,Critical Care,98,1-3d,10,0.7843,15.69,8,300000,10000,290000,72.89
PV05973,73,O72,Obstetrics,95,1-3d,10,0.7478,14.96,4,100000,25000,75000,66.96
PV05974,82,I60,Neurosurgery,98,6-24h,20,0.6716,13.43,2,50000,50000,0,74.63
PV05975,62,K92,Gastroenterology,88,1-3d,10,0.8445,16.89,4,400000,25000,375000,66.09
PV05976,82,N17,Nephrology,82,1-3d,10,0.9429,18.86,2,100000,0,100000,63.66
PV05977,75,N39,Urology,50,6-24h,20,0.9479,18.96,2,300000,50000,250000,60.96
PV05978,63,K35,General Surgery,70,>3d,5,0.9578,19.16,4,75000,10000,65000,56.16
PV05979,50,A41,Critical Care,98,<2h,30,0.8615,17.23,6,400000,75000,325000,92.43
PV05980,76,C18,Oncology,72,>3d,5,0.829,16.58,2,75000,75000,0,52.38
PV05981,30,C18,Oncology,72,<2h,30,0.9482,18.96,8,100000,0,100000,85.76
PV05982,56,S32,Orthopedics,82,2-6h,25,0.709,14.18,6,75000,25000,50000,77.98
PV05983,73,N39,Urology,50,1-3d,10,0.7759,15.52,4,1000000,75000,925000,49.52
PV05984,82,T79,Trauma,92,2-6h,25,0.99,19.8,2,400000,10000,390000,83.6
PV05985,36,K35,General Surgery,70,6-24h,20,0.7125,14.25,8,400000,75000,325000,70.25
PV05986,24,I74,Vascular Surgery,92,2-6h,25,0.8166,16.33,10,200000,10000,190000,88.13
PV05987,40,N39,Urology,50,1-3d,10,0.8831,17.66,8,750000,100000,650000,55.66
PV05988,76,N17,Nephrology,82,1-3d,10,0.8283,16.57,2,50000,25000,25000,61.37
PV05989,53,I20,Cardiology,80,<2h,30,0.9349,18.7,6,200000,200000,0,86.7
PV05990,21,N17,Nephrology,82,6-24h,20,0.9726,19.45,10,50000,50000,0,82.25
PV05991,26,I60,Neurosurgery,98,2-6h,25,0.868,17.36,10,400000,200000,200000,91.56
PV05992,41,O72,Obstetrics,95,>3d,5,0.959,19.18,8,1000000,10000,990000,70.18
PV05993,41,T79,Trauma,92,2-6h,25,0.7271,14.54,8,500000,200000,300000,84.34
PV05994,27,C34,Oncology,74,1-3d,10,0.8042,16.08,10,75000,0,75000,65.68
PV05995,51,S06,Neurosurgery,95,6-24h,20,0.99,19.8,6,500000,10000,490000,83.8
PV05996,50,A41,Critical Care,98,1-3d,10,0.99,19.8,6,100000,100000,0,75.0
PV05997,31,G93,Neurology,80,>3d,5,0.6923,13.85,8,150000,150000,0,58.85
PV05998,33,C22,Oncology,73,6-24h,20,0.8187,16.37,8,300000,25000,275000,73.57
PV05999,63,K80,General Surgery,65,1-3d,10,0.8336,16.67,4,200000,150000,50000,56.67
PV06000,82,I61,Neurosurgery,98,6-24h,20,0.8617,17.23,2,75000,0,75000,78.43
PV06001,85,C18,Oncology,72,1-3d,10,0.9474,18.95,2,300000,25000,275000,59.75
PV06002,56,T79,Trauma,92,6-24h,20,0.99,19.8,6,75000,0,75000,82.6
PV06003,20,C34,Oncology,74,6-24h,20,0.8237,16.47,10,500000,75000,425000,76.07
PV06004,79,J18,Pulmonology,78,2-6h,25,0.9322,18.64,2,50000,50000,0,76.84
PV06005,82,O72,Obstetrics,95,2-6h,25,0.8848,17.7,2,750000,75000,675000,82.7
PV06006,36,J96,Critical Care,98,>3d,5,0.8179,16.36,8,1000000,75000,925000,68.56
PV06007,45,I71,Cardiovascular Surgery,99,1-3d,10,0.6502,13.0,6,500000,10000,490000,68.6
PV06008,19,K80,General Surgery,65,6-24h,20,0.9218,18.44,10,400000,75000,325000,74.44
PV06009,72,I61,Neurosurgery,98,1-3d,10,0.8805,17.61,4,200000,25000,175000,70.81
PV06010,70,I61,Neurosurgery,98,1-3d,10,0.859,17.18,4,300000,75000,225000,70.38
PV06011,19,S36,Trauma,90,6-24h,20,0.7219,14.44,10,300000,10000,290000,80.44
PV06012,65,S32,Orthopedics,82,6-24h,20,0.99,19.8,4,750000,75000,675000,76.6
PV06013,46,C34,Oncology,74,1-3d,10,0.8352,16.7,6,75000,50000,25000,62.3
PV06014,55,J18,Pulmonology,78,6-24h,20,0.7059,14.12,6,300000,150000,150000,71.32
PV06015,32,N17,Nephrology,82,1-3d,10,0.6898,13.8,8,300000,200000,100000,64.6
PV06016,73,S06,Neurosurgery,95,2-6h,25,0.8877,17.75,4,100000,100000,0,84.75
PV06017,45,I74,Vascular Surgery,92,<2h,30,0.8907,17.81,6,200000,25000,175000,90.61
PV06018,75,I61,Neurosurgery,98,1-3d,10,0.7737,15.47,2,200000,100000,100000,66.67
PV06019,28,K80,General Surgery,65,1-3d,10,0.8663,17.33,10,50000,50000,0,63.33
PV06020,57,K80,General Surgery,65,>3d,5,0.8868,17.74,6,200000,150000,50000,54.74
PV06021,39,J96,Critical Care,98,2-6h,25,0.834,16.68,8,75000,75000,0,88.88
PV06022,83,I71,Cardiovascular Surgery,99,1-3d,10,0.7499,15.0,2,150000,0,150000,66.6
PV06023,55,I74,Vascular Surgery,92,>3d,5,0.9161,18.32,6,100000,100000,0,66.12
PV06024,66,I20,Cardiology,80,1-3d,10,0.9038,18.08,4,500000,50000,450000,64.08
PV06025,23,O72,Obstetrics,95,>3d,5,0.8768,17.54,10,1000000,200000,800000,70.54
PV06026,64,K80,General Surgery,65,>3d,5,0.7366,14.73,4,75000,75000,0,49.73
PV06027,24,S72,Orthopedics,76,1-3d,10,0.6869,13.74,10,100000,50000,50000,64.14
PV06028,42,C50,Oncology,65,>3d,5,0.8277,16.55,8,75000,10000,65000,55.55
PV06029,33,O00,Obstetrics,96,1-3d,10,0.913,18.26,8,200000,200000,0,74.66
PV06030,18,I71,Cardiovascular Surgery,99,6-24h,20,0.924,18.48,10,150000,10000,140000,88.08
PV06031,57,I20,Cardiology,80,>3d,5,0.8784,17.57,6,200000,0,200000,60.57
PV06032,34,N20,Urology,55,1-3d,10,0.775,15.5,8,50000,10000,40000,55.5
PV06033,52,S32,Orthopedics,82,2-6h,25,0.7396,14.79,6,750000,75000,675000,78.59
PV06034,69,K92,Gastroenterology,88,6-24h,20,0.8183,16.37,4,1000000,25000,975000,75.57
PV06035,30,J96,Critical Care,98,6-24h,20,0.8193,16.39,8,1000000,75000,925000,83.59
PV06036,66,I61,Neurosurgery,98,>3d,5,0.9307,18.61,4,200000,150000,50000,66.81
PV06037,38,J18,Pulmonology,78,6-24h,20,0.772,15.44,8,400000,25000,375000,74.64
PV06038,40,I74,Vascular Surgery,92,6-24h,20,0.7803,15.61,8,50000,0,50000,80.41
PV06039,57,S72,Orthopedics,76,6-24h,20,0.99,19.8,6,400000,25000,375000,76.2
PV06040,60,J96,Critical Care,98,<2h,30,0.9751,19.5,4,400000,75000,325000,92.7
PV06041,62,S36,Trauma,90,>3d,5,0.7317,14.63,4,500000,100000,400000,59.63
PV06042,31,S36,Trauma,90,6-24h,20,0.9669,19.34,8,500000,0,500000,83.34
PV06043,57,K85,General Surgery,82,2-6h,25,0.7078,14.16,6,50000,50000,0,77.96
PV06044,35,K80,General Surgery,65,6-24h,20,0.7766,15.53,8,200000,75000,125000,69.53
PV06045,36,J18,Pulmonology,78,1-3d,10,0.788,15.76,8,200000,50000,150000,64.96
PV06046,82,O72,Obstetrics,95,1-3d,10,0.8122,16.24,2,200000,25000,175000,66.24
PV06047,24,S06,Neurosurgery,95,6-24h,20,0.882,17.64,10,300000,200000,100000,85.64
PV06048,46,J18,Pulmonology,78,6-24h,20,0.8306,16.61,6,500000,10000,490000,73.81
PV06049,47,K56,General Surgery,85,>3d,5,0.8815,17.63,6,300000,50000,250000,62.63
PV06050,34,I74,Vascular Surgery,92,1-3d,10,0.7798,15.6,8,100000,50000,50000,70.4
PV06051,71,S27,Trauma,88,1-3d,10,0.8574,17.15,4,400000,75000,325000,66.35
PV06052,51,K35,General Surgery,70,6-24h,20,0.8279,16.56,6,300000,10000,290000,70.56
PV06053,66,S36,Trauma,90,>3d,5,0.6812,13.62,4,75000,75000,0,58.62
PV06054,44,I71,Cardiovascular Surgery,99,1-3d,10,0.8683,17.37,8,400000,50000,350000,74.97
PV06055,78,G93,Neurology,80,6-24h,20,0.8296,16.59,2,300000,100000,200000,70.59
PV06056,67,G93,Neurology,80,>3d,5,0.7486,14.97,4,750000,100000,650000,55.97
PV06057,40,I21,Cardiology,95,>3d,5,0.7775,15.55,8,150000,10000,140000,66.55
PV06058,83,C18,Oncology,72,1-3d,10,0.78,15.6,2,750000,200000,550000,56.4
PV06059,76,C34,Oncology,74,1-3d,10,0.7955,15.91,2,300000,50000,250000,57.51
PV06060,58,S36,Trauma,90,6-24h,20,0.99,19.8,6,1000000,75000,925000,81.8
PV06061,19,O72,Obstetrics,95,6-24h,20,0.99,19.8,10,75000,75000,0,87.8
PV06062,58,S32,Orthopedics,82,2-6h,25,0.5474,10.95,6,75000,75000,0,74.75
PV06063,64,S36,Trauma,90,1-3d,10,0.8688,17.38,4,100000,100000,0,67.38
PV06064,42,I60,Neurosurgery,98,6-24h,20,0.9155,18.31,8,750000,75000,675000,85.51
PV06065,27,S36,Trauma,90,6-24h,20,0.7984,15.97,10,300000,100000,200000,81.97
PV06066,56,J96,Critical Care,98,>3d,5,0.9128,18.26,6,400000,50000,350000,68.46
PV06067,72,S36,Trauma,90,2-6h,25,0.9854,19.71,4,50000,50000,0,84.71
PV06068,39,A41,Critical Care,98,1-3d,10,0.6828,13.66,8,150000,75000,75000,70.86
PV06069,49,K35,General Surgery,70,6-24h,20,0.8334,16.67,6,150000,150000,0,70.67
PV06070,18,C22,Oncology,73,<2h,30,0.99,19.8,10,1000000,75000,925000,89.0
PV06071,65,S06,Neurosurgery,95,<2h,30,0.6962,13.92,4,75000,75000,0,85.92
PV06072,76,N20,Urology,55,6-24h,20,0.8085,16.17,2,750000,50000,700000,60.17
PV06073,70,N20,Urology,55,6-24h,20,0.7752,15.5,4,150000,50000,100000,61.5
PV06074,47,C18,Oncology,72,6-24h,20,0.9252,18.5,6,500000,150000,350000,73.3
PV06075,21,N39,Urology,50,1-3d,10,0.9391,18.78,10,100000,100000,0,58.78
PV06076,51,I21,Cardiology,95,6-24h,20,0.8362,16.72,6,50000,50000,0,80.72
PV06077,81,I74,Vascular Surgery,92,<2h,30,0.8232,16.46,2,400000,150000,250000,85.26
PV06078,23,K56,General Surgery,85,6-24h,20,0.6481,12.96,10,75000,0,75000,76.96
PV06079,32,J18,Pulmonology,78,2-6h,25,0.9623,19.25,8,75000,0,75000,83.45
PV06080,74,C34,Oncology,74,<2h,30,0.7847,15.69,4,1000000,100000,900000,79.29
PV06081,56,I20,Cardiology,80,2-6h,25,0.8058,16.12,6,100000,50000,50000,79.12
PV06082,29,S36,Trauma,90,1-3d,10,0.9172,18.34,10,1000000,150000,850000,74.34
PV06083,19,J96,Critical Care,98,1-3d,10,0.8398,16.8,10,150000,100000,50000,76.0
PV06084,45,N39,Urology,50,>3d,5,0.9204,18.41,6,100000,100000,0,49.41
PV06085,58,C50,Oncology,65,1-3d,10,0.8803,17.61,6,200000,25000,175000,59.61
PV06086,75,K80,General Surgery,65,1-3d,10,0.8404,16.81,2,100000,25000,75000,54.81
PV06087,78,S72,Orthopedics,76,6-24h,20,0.851,17.02,2,1000000,25000,975000,69.42
PV06088,49,S72,Orthopedics,76,<2h,30,0.7077,14.15,6,400000,100000,300000,80.55
PV06089,46,S36,Trauma,90,1-3d,10,0.8051,16.1,6,500000,100000,400000,68.1
PV06090,81,K80,General Surgery,65,6-24h,20,0.9284,18.57,2,50000,50000,0,66.57
PV06091,70,A41,Critical Care,98,6-24h,20,0.7301,14.6,4,100000,10000,90000,77.8
PV06092,32,C22,Oncology,73,>3d,5,0.7485,14.97,8,300000,0,300000,57.17
PV06093,64,K56,General Surgery,85,2-6h,25,0.732,14.64,4,200000,200000,0,77.64
PV06094,66,S72,Orthopedics,76,<2h,30,0.8353,16.71,4,1000000,75000,925000,81.11
PV06095,33,I74,Vascular Surgery,92,>3d,5,0.9603,19.21,8,500000,25000,475000,69.01
PV06096,84,C34,Oncology,74,6-24h,20,0.8747,17.49,2,100000,25000,75000,69.09
PV06097,38,C50,Oncology,65,6-24h,20,0.6023,12.05,8,200000,200000,0,66.05
PV06098,55,N39,Urology,50,2-6h,25,0.8849,17.7,6,500000,150000,350000,68.7
PV06099,51,S32,Orthopedics,82,6-24h,20,0.7758,15.52,6,200000,10000,190000,74.32
PV06100,65,J96,Critical Care,98,>3d,5,0.8709,17.42,4,300000,25000,275000,65.62
PV06101,79,A41,Critical Care,98,1-3d,10,0.805,16.1,2,500000,150000,350000,67.3
PV06102,44,I20,Cardiology,80,6-24h,20,0.734,14.68,8,100000,100000,0,74.68
PV06103,44,O72,Obstetrics,95,6-24h,20,0.8129,16.26,8,50000,50000,0,82.26
PV06104,69,I61,Neurosurgery,98,6-24h,20,0.7759,15.52,4,200000,10000,190000,78.72
PV06105,82,T79,Trauma,92,1-3d,10,0.8508,17.02,2,100000,75000,25000,65.82
PV06106,79,C34,Oncology,74,6-24h,20,0.7314,14.63,2,300000,0,300000,66.23
PV06107,69,I21,Cardiology,95,2-6h,25,0.7075,14.15,4,750000,50000,700000,81.15
PV06108,65,S32,Orthopedics,82,1-3d,10,0.8932,17.86,4,500000,0,500000,64.66
PV06109,70,C18,Oncology,72,>3d,5,0.9309,18.62,4,500000,25000,475000,56.42
PV06110,81,C18,Oncology,72,>3d,5,0.878,17.56,2,300000,25000,275000,53.36
PV06111,18,G93,Neurology,80,1-3d,10,0.7551,15.1,10,750000,10000,740000,67.1
PV06112,58,O72,Obstetrics,95,1-3d,10,0.746,14.92,6,1000000,150000,850000,68.92
PV06113,20,S72,Orthopedics,76,1-3d,10,0.7518,15.04,10,500000,25000,475000,65.44
PV06114,57,C18,Oncology,72,>3d,5,0.909,18.18,6,75000,10000,65000,57.98
PV06115,44,K56,General Surgery,85,<2h,30,0.7375,14.75,8,100000,100000,0,86.75
PV06116,38,K35,General Surgery,70,6-24h,20,0.9084,18.17,8,1000000,0,1000000,74.17
PV06117,78,G93,Neurology,80,2-6h,25,0.8837,17.67,2,50000,10000,40000,76.67
PV06118,66,A41,Critical Care,98,>3d,5,0.9438,18.88,4,300000,150000,150000,67.08
PV06119,56,O00,Obstetrics,96,>3d,5,0.9263,18.53,6,400000,50000,350000,67.93
PV06120,77,I71,Cardiovascular Surgery,99,1-3d,10,0.8743,17.49,2,150000,25000,125000,69.09
PV06121,24,A41,Critical Care,98,6-24h,20,0.6731,13.46,10,500000,25000,475000,82.66
PV06122,61,J18,Pulmonology,78,>3d,5,0.881,17.62,4,50000,50000,0,57.82
PV06123,28,T79,Trauma,92,<2h,30,0.8315,16.63,10,100000,25000,75000,93.43
PV06124,33,S72,Orthopedics,76,2-6h,25,0.7827,15.65,8,100000,0,100000,79.05
PV06125,30,K35,General Surgery,70,1-3d,10,0.9562,19.12,8,75000,75000,0,65.12
PV06126,54,J96,Critical Care,98,1-3d,10,0.8049,16.1,6,200000,200000,0,71.3
PV06127,60,K35,General Surgery,70,>3d,5,0.7671,15.34,4,200000,10000,190000,52.34
PV06128,69,I20,Cardiology,80,6-24h,20,0.9324,18.65,4,1000000,75000,925000,74.65
PV06129,47,I74,Vascular Surgery,92,6-24h,20,0.7795,15.59,6,200000,50000,150000,78.39
PV06130,81,S36,Trauma,90,6-24h,20,0.7621,15.24,2,500000,0,500000,73.24
PV06131,43,I61,Neurosurgery,98,<2h,30,0.7073,14.15,8,50000,50000,0,91.35
PV06132,28,S72,Orthopedics,76,>3d,5,0.738,14.76,10,50000,50000,0,60.16
PV06133,20,N39,Urology,50,6-24h,20,0.7466,14.93,10,150000,0,150000,64.93
PV06134,26,S27,Trauma,88,2-6h,25,0.8821,17.64,10,150000,25000,125000,87.84
PV06135,48,C34,Oncology,74,6-24h,20,0.7181,14.36,6,1000000,25000,975000,69.96
PV06136,46,K56,General Surgery,85,1-3d,10,0.6342,12.68,6,200000,25000,175000,62.68
PV06137,76,K35,General Surgery,70,>3d,5,0.8503,17.01,2,200000,100000,100000,52.01
PV06138,26,N20,Urology,55,2-6h,25,0.7566,15.13,10,750000,50000,700000,72.13
PV06139,35,I60,Neurosurgery,98,2-6h,25,0.8184,16.37,8,750000,150000,600000,88.57
PV06140,84,S72,Orthopedics,76,>3d,5,0.9482,18.96,2,500000,75000,425000,56.36
PV06141,19,I74,Vascular Surgery,92,1-3d,10,0.8272,16.54,10,200000,100000,100000,73.34
PV06142,46,I21,Cardiology,95,6-24h,20,0.971,19.42,6,100000,75000,25000,83.42
PV06143,31,O00,Obstetrics,96,2-6h,25,0.8132,16.26,8,50000,50000,0,87.66
PV06144,54,K92,Gastroenterology,88,>3d,5,0.9207,18.41,6,50000,10000,40000,64.61
PV06145,84,I61,Neurosurgery,98,1-3d,10,0.7653,15.31,2,750000,200000,550000,66.51
PV06146,33,T79,Trauma,92,2-6h,25,0.8308,16.62,8,75000,75000,0,86.42
PV06147,43,N17,Nephrology,82,2-6h,25,0.7267,14.53,8,200000,10000,190000,80.33
PV06148,48,N20,Urology,55,2-6h,25,0.7386,14.77,6,300000,0,300000,67.77
PV06149,72,I61,Neurosurgery,98,6-24h,20,0.7975,15.95,4,300000,0,300000,79.15
PV06150,84,I20,Cardiology,80,2-6h,25,0.6871,13.74,2,50000,50000,0,72.74
PV06151,24,I21,Cardiology,95,6-24h,20,0.8359,16.72,10,300000,50000,250000,84.72
PV06152,51,N39,Urology,50,2-6h,25,0.7897,15.79,6,100000,10000,90000,66.79
PV06153,69,C34,Oncology,74,6-24h,20,0.8435,16.87,4,150000,25000,125000,70.47
PV06154,18,K85,General Surgery,82,6-24h,20,0.6887,13.77,10,750000,50000,700000,76.57
PV06155,72,I21,Cardiology,95,6-24h,20,0.8902,17.8,4,200000,0,200000,79.8
PV06156,34,C18,Oncology,72,1-3d,10,0.9898,19.8,8,200000,75000,125000,66.6
PV06157,53,I61,Neurosurgery,98,6-24h,20,0.9687,19.37,6,50000,0,50000,84.57
PV06158,84,C18,Oncology,72,>3d,5,0.99,19.8,2,1000000,100000,900000,55.6
PV06159,61,S32,Orthopedics,82,>3d,5,0.8242,16.48,4,300000,0,300000,58.28
PV06160,85,I71,Cardiovascular Surgery,99,>3d,5,0.7848,15.7,2,500000,150000,350000,62.3
PV06161,59,J96,Critical Care,98,2-6h,25,0.8688,17.38,6,200000,25000,175000,87.58
PV06162,32,A41,Critical Care,98,6-24h,20,0.7962,15.92,8,100000,75000,25000,83.12
PV06163,65,A41,Critical Care,98,1-3d,10,0.646,12.92,4,100000,50000,50000,66.12
PV06164,59,S06,Neurosurgery,95,2-6h,25,0.9019,18.04,6,50000,50000,0,87.04
PV06165,39,J96,Critical Care,98,2-6h,25,0.7966,15.93,8,750000,150000,600000,88.13
PV06166,23,C34,Oncology,74,<2h,30,0.6733,13.47,10,300000,200000,100000,83.07
PV06167,62,I74,Vascular Surgery,92,1-3d,10,0.7692,15.38,4,150000,100000,50000,66.18
PV06168,57,S32,Orthopedics,82,1-3d,10,0.7988,15.98,6,500000,200000,300000,64.78
PV06169,70,T79,Trauma,92,6-24h,20,0.8212,16.42,4,75000,10000,65000,77.22
PV06170,26,K80,General Surgery,65,>3d,5,0.8224,16.45,10,200000,25000,175000,57.45
PV06171,54,N17,Nephrology,82,1-3d,10,0.9569,19.14,6,200000,150000,50000,67.94
PV06172,73,I74,Vascular Surgery,92,<2h,30,0.6911,13.82,4,1000000,0,1000000,84.62
PV06173,78,N39,Urology,50,6-24h,20,0.8048,16.1,2,500000,10000,490000,58.1
PV06174,81,A41,Critical Care,98,<2h,30,0.7321,14.64,2,500000,100000,400000,85.84
PV06175,32,S72,Orthopedics,76,>3d,5,0.9456,18.91,8,100000,50000,50000,62.31
PV06176,29,S72,Orthopedics,76,1-3d,10,0.7639,15.28,10,300000,25000,275000,65.68
PV06177,57,K80,General Surgery,65,1-3d,10,0.7856,15.71,6,1000000,25000,975000,57.71
PV06178,49,N17,Nephrology,82,1-3d,10,0.925,18.5,6,50000,50000,0,67.3
PV06179,33,S32,Orthopedics,82,6-24h,20,0.9525,19.05,8,400000,50000,350000,79.85
PV06180,24,N39,Urology,50,>3d,5,0.9673,19.35,10,150000,0,150000,54.35
PV06181,27,S36,Trauma,90,>3d,5,0.6557,13.11,10,500000,75000,425000,64.11
PV06182,41,I20,Cardiology,80,1-3d,10,0.8683,17.37,8,200000,150000,50000,67.37
PV06183,68,K56,General Surgery,85,6-24h,20,0.847,16.94,4,500000,10000,490000,74.94
PV06184,22,N39,Urology,50,<2h,30,0.8149,16.3,10,100000,0,100000,76.3
PV06185,25,K56,General Surgery,85,<2h,30,0.8267,16.53,10,750000,100000,650000,90.53
PV06186,35,G93,Neurology,80,2-6h,25,0.9486,18.97,8,750000,200000,550000,83.97
PV06187,77,S36,Trauma,90,1-3d,10,0.9239,18.48,2,400000,0,400000,66.48
PV06188,85,K92,Gastroenterology,88,1-3d,10,0.9097,18.19,2,200000,100000,100000,65.39
PV06189,47,S06,Neurosurgery,95,>3d,5,0.8407,16.81,6,75000,75000,0,65.81
PV06190,21,S72,Orthopedics,76,2-6h,25,0.99,19.8,10,100000,10000,90000,85.2
PV06191,18,N39,Urology,50,6-24h,20,0.7799,15.6,10,150000,25000,125000,65.6
PV06192,76,I60,Neurosurgery,98,<2h,30,0.6584,13.17,2,500000,75000,425000,84.37
PV06193,48,J96,Critical Care,98,>3d,5,0.7935,15.87,6,1000000,75000,925000,66.07
PV06194,23,I61,Neurosurgery,98,1-3d,10,0.8258,16.52,10,400000,75000,325000,75.72
PV06195,74,I74,Vascular Surgery,92,6-24h,20,0.9503,19.01,4,1000000,10000,990000,79.81
PV06196,53,S36,Trauma,90,1-3d,10,0.7689,15.38,6,75000,75000,0,67.38
PV06197,41,C18,Oncology,72,1-3d,10,0.8691,17.38,8,500000,50000,450000,64.18
PV06198,48,J96,Critical Care,98,6-24h,20,0.6723,13.45,6,300000,75000,225000,78.65
PV06199,33,K35,General Surgery,70,2-6h,25,0.9281,18.56,8,75000,75000,0,79.56
PV06200,81,K56,General Surgery,85,6-24h,20,0.8268,16.54,2,400000,75000,325000,72.54
PV06201,71,K92,Gastroenterology,88,6-24h,20,0.7919,15.84,4,1000000,25000,975000,75.04
PV06202,31,K92,Gastroenterology,88,1-3d,10,0.99,19.8,8,200000,25000,175000,73.0
PV06203,67,A41,Critical Care,98,6-24h,20,0.927,18.54,4,100000,10000,90000,81.74
PV06204,30,K56,General Surgery,85,1-3d,10,0.716,14.32,8,150000,100000,50000,66.32
PV06205,48,I60,Neurosurgery,98,1-3d,10,0.8091,16.18,6,400000,25000,375000,71.38
PV06206,68,K92,Gastroenterology,88,1-3d,10,0.99,19.8,4,400000,0,400000,69.0
PV06207,20,N20,Urology,55,>3d,5,0.99,19.8,10,100000,0,100000,56.8
PV06208,67,K80,General Surgery,65,6-24h,20,0.9123,18.25,4,400000,200000,200000,68.25
PV06209,33,I71,Cardiovascular Surgery,99,1-3d,10,0.6353,12.71,8,500000,50000,450000,70.31
PV06210,65,C34,Oncology,74,<2h,30,0.9532,19.06,4,50000,50000,0,82.66
PV06211,51,I60,Neurosurgery,98,1-3d,10,0.7565,15.13,6,150000,75000,75000,70.33
PV06212,19,C50,Oncology,65,6-24h,20,0.9524,19.05,10,100000,100000,0,75.05
PV06213,69,J18,Pulmonology,78,2-6h,25,0.7477,14.95,4,500000,200000,300000,75.15
PV06214,35,I74,Vascular Surgery,92,<2h,30,0.8689,17.38,8,400000,150000,250000,92.18
PV06215,82,N20,Urology,55,1-3d,10,0.756,15.12,2,300000,200000,100000,49.12
PV06216,75,C34,Oncology,74,1-3d,10,0.7837,15.67,2,100000,10000,90000,57.27
PV06217,31,S72,Orthopedics,76,1-3d,10,0.8822,17.64,8,200000,50000,150000,66.04
PV06218,58,K56,General Surgery,85,6-24h,20,0.6881,13.76,6,1000000,25000,975000,73.76
PV06219,42,I21,Cardiology,95,1-3d,10,0.99,19.8,8,1000000,150000,850000,75.8
PV06220,58,K92,Gastroenterology,88,1-3d,10,0.7173,14.35,6,75000,25000,50000,65.55
PV06221,55,I71,Cardiovascular Surgery,99,6-24h,20,0.7117,14.23,6,200000,150000,50000,79.83
PV06222,38,I74,Vascular Surgery,92,6-24h,20,0.8825,17.65,8,500000,10000,490000,82.45
PV06223,62,C50,Oncology,65,6-24h,20,0.9492,18.98,4,100000,100000,0,68.98
PV06224,35,J96,Critical Care,98,1-3d,10,0.7876,15.75,8,1000000,0,1000000,72.95
PV06225,79,S36,Trauma,90,6-24h,20,0.7129,14.26,2,200000,150000,50000,72.26
PV06226,82,N20,Urology,55,6-24h,20,0.7278,14.56,2,150000,150000,0,58.56
PV06227,29,J18,Pulmonology,78,>3d,5,0.717,14.34,10,1000000,75000,925000,60.54
PV06228,67,C34,Oncology,74,>3d,5,0.8508,17.02,4,400000,75000,325000,55.62
PV06229,81,I21,Cardiology,95,6-24h,20,0.813,16.26,2,50000,50000,0,76.26
PV06230,26,S72,Orthopedics,76,>3d,5,0.8626,17.25,10,75000,75000,0,62.65
PV06231,68,O72,Obstetrics,95,2-6h,25,0.8565,17.13,4,1000000,75000,925000,84.13
PV06232,81,C18,Oncology,72,>3d,5,0.9024,18.05,2,400000,50000,350000,53.85
PV06233,33,K35,General Surgery,70,2-6h,25,0.779,15.58,8,750000,75000,675000,76.58
PV06234,57,K35,General Surgery,70,6-24h,20,0.7462,14.92,6,1000000,0,1000000,68.92
PV06235,72,K80,General Surgery,65,>3d,5,0.8356,16.71,4,500000,50000,450000,51.71
PV06236,40,C50,Oncology,65,2-6h,25,0.8145,16.29,8,1000000,50000,950000,75.29
PV06237,34,T79,Trauma,92,1-3d,10,0.8453,16.91,8,1000000,200000,800000,71.71
PV06238,45,I71,Cardiovascular Surgery,99,6-24h,20,0.7488,14.98,6,200000,25000,175000,80.58
PV06239,40,C22,Oncology,73,2-6h,25,0.8842,17.68,8,400000,200000,200000,79.88
PV06240,67,I71,Cardiovascular Surgery,99,>3d,5,0.7022,14.04,4,750000,200000,550000,62.64
PV06241,43,C34,Oncology,74,1-3d,10,0.776,15.52,8,1000000,150000,850000,63.12
PV06242,43,K35,General Surgery,70,>3d,5,0.9329,18.66,8,750000,100000,650000,59.66
PV06243,82,N39,Urology,50,>3d,5,0.7069,14.14,2,750000,25000,725000,41.14
PV06244,57,I74,Vascular Surgery,92,<2h,30,0.925,18.5,6,150000,10000,140000,91.3
PV06245,81,T79,Trauma,92,6-24h,20,0.6791,13.58,2,200000,150000,50000,72.38
PV06246,66,I74,Vascular Surgery,92,6-24h,20,0.6615,13.23,4,750000,100000,650000,74.03
PV06247,78,S32,Orthopedics,82,1-3d,10,0.6706,13.41,2,75000,75000,0,58.21
PV06248,31,S72,Orthopedics,76,<2h,30,0.8317,16.63,8,75000,75000,0,85.03
PV06249,81,I60,Neurosurgery,98,6-24h,20,0.893,17.86,2,500000,200000,300000,79.06
PV06250,82,K56,General Surgery,85,1-3d,10,0.9493,18.99,2,1000000,0,1000000,64.99
PV06251,20,C50,Oncology,65,2-6h,25,0.9413,18.83,10,200000,0,200000,79.83
PV06252,42,K56,General Surgery,85,1-3d,10,0.9063,18.13,8,750000,0,750000,70.13
PV06253,46,I71,Cardiovascular Surgery,99,6-24h,20,0.7368,14.74,6,150000,25000,125000,80.34
PV06254,46,N17,Nephrology,82,<2h,30,0.7359,14.72,6,300000,10000,290000,83.52
PV06255,70,J96,Critical Care,98,2-6h,25,0.8988,17.98,4,1000000,0,1000000,86.18
PV06256,65,S06,Neurosurgery,95,2-6h,25,0.9621,19.24,4,150000,150000,0,86.24
PV06257,32,C18,Oncology,72,1-3d,10,0.7169,14.34,8,750000,10000,740000,61.14
PV06258,59,C50,Oncology,65,2-6h,25,0.9494,18.99,6,1000000,150000,850000,75.99
PV06259,84,N20,Urology,55,1-3d,10,0.628,12.56,2,500000,100000,400000,46.56
PV06260,47,K92,Gastroenterology,88,1-3d,10,0.859,17.18,6,50000,50000,0,68.38
PV06261,81,S06,Neurosurgery,95,2-6h,25,0.8096,16.19,2,1000000,0,1000000,81.19
PV06262,62,S27,Trauma,88,>3d,5,0.7996,15.99,4,200000,0,200000,60.19
PV06263,80,J96,Critical Care,98,>3d,5,0.8231,16.46,2,100000,10000,90000,62.66
PV06264,79,N39,Urology,50,<2h,30,0.7346,14.69,2,200000,25000,175000,66.69
PV06265,19,N17,Nephrology,82,>3d,5,0.8646,17.29,10,200000,200000,0,65.09
PV06266,72,I61,Neurosurgery,98,6-24h,20,0.8261,16.52,4,150000,50000,100000,79.72
PV06267,30,C50,Oncology,65,1-3d,10,0.9135,18.27,8,400000,10000,390000,62.27
PV06268,74,I60,Neurosurgery,98,2-6h,25,0.979,19.58,4,75000,25000,50000,87.78
PV06269,72,I71,Cardiovascular Surgery,99,1-3d,10,0.8327,16.65,4,400000,25000,375000,70.25
PV06270,35,N20,Urology,55,1-3d,10,0.7381,14.76,8,100000,75000,25000,54.76
PV06271,22,O00,Obstetrics,96,>3d,5,0.7062,14.12,10,500000,150000,350000,67.52
PV06272,46,K80,General Surgery,65,>3d,5,0.9898,19.8,6,1000000,0,1000000,56.8
PV06273,38,J18,Pulmonology,78,<2h,30,0.977,19.54,8,200000,150000,50000,88.74
PV06274,55,G93,Neurology,80,1-3d,10,0.9087,18.17,6,750000,0,750000,66.17
PV06275,23,N17,Nephrology,82,6-24h,20,0.826,16.52,10,150000,25000,125000,79.32
PV06276,21,I60,Neurosurgery,98,2-6h,25,0.9015,18.03,10,750000,75000,675000,92.23
PV06277,47,I61,Neurosurgery,98,2-6h,25,0.9504,19.01,6,300000,0,300000,89.21
PV06278,70,S32,Orthopedics,82,>3d,5,0.7582,15.16,4,300000,25000,275000,56.96
PV06279,39,I60,Neurosurgery,98,1-3d,10,0.823,16.46,8,75000,75000,0,73.66
PV06280,39,S36,Trauma,90,<2h,30,0.7094,14.19,8,400000,100000,300000,88.19
PV06281,29,I21,Cardiology,95,>3d,5,0.8071,16.14,10,500000,0,500000,69.14
PV06282,37,I74,Vascular Surgery,92,1-3d,10,0.9744,19.49,8,300000,150000,150000,74.29
PV06283,38,J18,Pulmonology,78,6-24h,20,0.9279,18.56,8,75000,50000,25000,77.76
PV06284,35,K56,General Surgery,85,6-24h,20,0.8335,16.67,8,400000,75000,325000,78.67
PV06285,41,S72,Orthopedics,76,1-3d,10,0.5507,11.01,8,400000,10000,390000,59.41
PV06286,37,C22,Oncology,73,1-3d,10,0.7544,15.09,8,750000,200000,550000,62.29
PV06287,64,I61,Neurosurgery,98,6-24h,20,0.8302,16.6,4,1000000,150000,850000,79.8
PV06288,40,I60,Neurosurgery,98,6-24h,20,0.7984,15.97,8,100000,100000,0,83.17
PV06289,69,I71,Cardiovascular Surgery,99,<2h,30,0.8233,16.47,4,100000,10000,90000,90.07
PV06290,59,T79,Trauma,92,6-24h,20,0.8443,16.89,6,1000000,150000,850000,79.69
PV06291,61,S27,Trauma,88,6-24h,20,0.7666,15.33,4,75000,50000,25000,74.53
PV06292,57,C34,Oncology,74,6-24h,20,0.8192,16.38,6,1000000,100000,900000,71.98
PV06293,80,I60,Neurosurgery,98,6-24h,20,0.8051,16.1,2,75000,75000,0,77.3
PV06294,35,K80,General Surgery,65,1-3d,10,0.7497,14.99,8,200000,150000,50000,58.99
PV06295,84,I61,Neurosurgery,98,6-24h,20,0.99,19.8,2,75000,75000,0,81.0
PV06296,32,N20,Urology,55,6-24h,20,0.7724,15.45,8,1000000,50000,950000,65.45
PV06297,27,K35,General Surgery,70,2-6h,25,0.5946,11.89,10,300000,0,300000,74.89
PV06298,74,G93,Neurology,80,>3d,5,0.99,19.8,4,750000,50000,700000,60.8
PV06299,78,I71,Cardiovascular Surgery,99,6-24h,20,0.7354,14.71,2,50000,50000,0,76.31
PV06300,24,K56,General Surgery,85,6-24h,20,0.91,18.2,10,50000,25000,25000,82.2
PV06301,58,K85,General Surgery,82,2-6h,25,0.7519,15.04,6,300000,50000,250000,78.84
PV06302,52,I21,Cardiology,95,1-3d,10,0.8769,17.54,6,50000,50000,0,71.54
PV06303,32,K35,General Surgery,70,6-24h,20,0.8152,16.3,8,300000,75000,225000,72.3
PV06304,53,J18,Pulmonology,78,6-24h,20,0.92,18.4,6,500000,25000,475000,75.6
PV06305,64,I74,Vascular Surgery,92,>3d,5,0.7986,15.97,4,200000,75000,125000,61.77
PV06306,57,K85,General Surgery,82,1-3d,10,0.7545,15.09,6,500000,200000,300000,63.89
PV06307,53,T79,Trauma,92,6-24h,20,0.8457,16.91,6,75000,75000,0,79.71
PV06308,78,S06,Neurosurgery,95,6-24h,20,0.7818,15.64,2,100000,75000,25000,75.64
PV06309,33,S36,Trauma,90,>3d,5,0.6271,12.54,8,75000,25000,50000,61.54
PV06310,60,K56,General Surgery,85,>3d,5,0.7598,15.2,4,200000,25000,175000,58.2
PV06311,39,O72,Obstetrics,95,1-3d,10,0.99,19.8,8,150000,0,150000,75.8
PV06312,84,I74,Vascular Surgery,92,1-3d,10,0.6379,12.76,2,300000,75000,225000,61.56
PV06313,35,I60,Neurosurgery,98,>3d,5,0.8441,16.88,8,75000,0,75000,69.08
PV06314,77,I61,Neurosurgery,98,>3d,5,0.7957,15.91,2,200000,150000,50000,62.11
PV06315,60,G93,Neurology,80,2-6h,25,0.99,19.8,4,500000,200000,300000,80.8
PV06316,32,I60,Neurosurgery,98,>3d,5,0.7089,14.18,8,50000,50000,0,66.38
PV06317,69,S32,Orthopedics,82,1-3d,10,0.8301,16.6,4,500000,10000,490000,63.4
PV06318,34,N39,Urology,50,1-3d,10,0.8886,17.77,8,100000,100000,0,55.77
PV06319,35,S72,Orthopedics,76,6-24h,20,0.8021,16.04,8,750000,50000,700000,74.44
PV06320,41,I74,Vascular Surgery,92,6-24h,20,0.7432,14.86,8,750000,0,750000,79.66
PV06321,64,S32,Orthopedics,82,1-3d,10,0.8178,16.36,4,200000,100000,100000,63.16
PV06322,44,C22,Oncology,73,1-3d,10,0.7891,15.78,8,50000,50000,0,62.98
PV06323,56,S06,Neurosurgery,95,2-6h,25,0.7888,15.78,6,150000,50000,100000,84.78
PV06324,55,K92,Gastroenterology,88,1-3d,10,0.9131,18.26,6,400000,200000,200000,69.46
PV06325,31,K92,Gastroenterology,88,2-6h,25,0.8603,17.21,8,150000,0,150000,85.41
PV06326,33,K35,General Surgery,70,6-24h,20,0.8752,17.5,8,400000,150000,250000,73.5
PV06327,38,I60,Neurosurgery,98,1-3d,10,0.853,17.06,8,750000,100000,650000,74.26
PV06328,33,N20,Urology,55,1-3d,10,0.916,18.32,8,1000000,100000,900000,58.32
PV06329,80,I61,Neurosurgery,98,2-6h,25,0.9504,19.01,2,150000,75000,75000,85.21
PV06330,43,C18,Oncology,72,2-6h,25,0.7913,15.83,8,1000000,0,1000000,77.63
PV06331,45,I60,Neurosurgery,98,6-24h,20,0.9019,18.04,6,100000,50000,50000,83.24
PV06332,63,C50,Oncology,65,1-3d,10,0.6904,13.81,4,1000000,200000,800000,53.81
PV06333,71,A41,Critical Care,98,>3d,5,0.5947,11.89,4,75000,50000,25000,60.09
PV06334,64,I61,Neurosurgery,98,1-3d,10,0.99,19.8,4,300000,0,300000,73.0
PV06335,55,I60,Neurosurgery,98,1-3d,10,0.7867,15.73,6,400000,50000,350000,70.93
PV06336,84,K56,General Surgery,85,6-24h,20,0.8452,16.9,2,50000,10000,40000,72.9
PV06337,79,N17,Nephrology,82,2-6h,25,0.6975,13.95,2,200000,50000,150000,73.75
PV06338,31,I61,Neurosurgery,98,>3d,5,0.6929,13.86,8,100000,100000,0,66.06
PV06339,28,T79,Trauma,92,6-24h,20,0.7487,14.97,10,750000,0,750000,81.77
PV06340,44,C18,Oncology,72,2-6h,25,0.8843,17.69,8,200000,50000,150000,79.49
PV06341,74,I71,Cardiovascular Surgery,99,1-3d,10,0.7683,15.37,4,75000,75000,0,68.97
PV06342,83,C22,Oncology,73,1-3d,10,0.7864,15.73,2,50000,50000,0,56.93
PV06343,65,C34,Oncology,74,6-24h,20,0.7455,14.91,4,50000,0,50000,68.51
PV06344,64,C50,Oncology,65,<2h,30,0.9366,18.73,4,50000,50000,0,78.73
PV06345,33,K56,General Surgery,85,1-3d,10,0.9069,18.14,8,200000,75000,125000,70.14
PV06346,58,N20,Urology,55,<2h,30,0.7716,15.43,6,150000,0,150000,73.43
PV06347,30,N17,Nephrology,82,6-24h,20,0.8884,17.77,8,100000,0,100000,78.57
PV06348,54,C22,Oncology,73,1-3d,10,0.7955,15.91,6,150000,100000,50000,61.11
PV06349,31,O72,Obstetrics,95,>3d,5,0.7862,15.72,8,200000,150000,50000,66.72
PV06350,23,C50,Oncology,65,6-24h,20,0.815,16.3,10,300000,150000,150000,72.3
PV06351,83,K85,General Surgery,82,<2h,30,0.8843,17.69,2,200000,150000,50000,82.49
PV06352,78,I60,Neurosurgery,98,6-24h,20,0.7308,14.62,2,1000000,150000,850000,75.82
PV06353,64,S06,Neurosurgery,95,6-24h,20,0.8702,17.4,4,150000,75000,75000,79.4
PV06354,60,I20,Cardiology,80,>3d,5,0.99,19.8,4,150000,10000,140000,60.8
PV06355,34,K80,General Surgery,65,1-3d,10,0.8383,16.77,8,200000,75000,125000,60.77
PV06356,56,K85,General Surgery,82,6-24h,20,0.8236,16.47,6,50000,25000,25000,75.27
PV06357,68,C50,Oncology,65,1-3d,10,0.8116,16.23,4,500000,25000,475000,56.23
PV06358,54,I21,Cardiology,95,6-24h,20,0.8678,17.36,6,300000,0,300000,81.36
PV06359,37,I60,Neurosurgery,98,1-3d,10,0.659,13.18,8,150000,0,150000,70.38
PV06360,44,O00,Obstetrics,96,>3d,5,0.99,19.8,8,150000,150000,0,71.2
PV06361,75,C18,Oncology,72,2-6h,25,0.9181,18.36,2,300000,10000,290000,74.16
PV06362,35,K92,Gastroenterology,88,6-24h,20,0.7555,15.11,8,1000000,100000,900000,78.31
PV06363,83,K80,General Surgery,65,>3d,5,0.8232,16.46,2,150000,25000,125000,49.46
PV06364,69,J96,Critical Care,98,6-24h,20,0.7643,15.29,4,200000,50000,150000,78.49
PV06365,78,T79,Trauma,92,6-24h,20,0.8499,17.0,2,75000,50000,25000,75.8
PV06366,52,O72,Obstetrics,95,<2h,30,0.8261,16.52,6,150000,25000,125000,90.52
PV06367,33,T79,Trauma,92,6-24h,20,0.8429,16.86,8,500000,50000,450000,81.66
PV06368,20,K56,General Surgery,85,6-24h,20,0.7172,14.34,10,500000,150000,350000,78.34
PV06369,54,I21,Cardiology,95,6-24h,20,0.7718,15.44,6,750000,75000,675000,79.44
PV06370,45,I60,Neurosurgery,98,6-24h,20,0.9346,18.69,6,200000,150000,50000,83.89
PV06371,25,C22,Oncology,73,6-24h,20,0.7666,15.33,10,1000000,200000,800000,74.53
PV06372,81,I61,Neurosurgery,98,1-3d,10,0.5557,11.11,2,300000,50000,250000,62.31
PV06373,83,K92,Gastroenterology,88,>3d,5,0.8049,16.1,2,75000,75000,0,58.3
PV06374,43,N20,Urology,55,1-3d,10,0.99,19.8,8,75000,0,75000,59.8
PV06375,63,K35,General Surgery,70,1-3d,10,0.9049,18.1,4,200000,75000,125000,60.1
PV06376,46,G93,Neurology,80,1-3d,10,0.7616,15.23,6,150000,50000,100000,63.23
PV06377,51,K35,General Surgery,70,2-6h,25,0.8149,16.3,6,75000,0,75000,75.3
PV06378,60,K35,General Surgery,70,6-24h,20,0.888,17.76,4,50000,50000,0,69.76
PV06379,46,J18,Pulmonology,78,<2h,30,0.6444,12.89,6,400000,100000,300000,80.09
PV06380,72,I71,Cardiovascular Surgery,99,6-24h,20,0.7344,14.69,4,500000,75000,425000,78.29
PV06381,30,I71,Cardiovascular Surgery,99,>3d,5,0.8598,17.2,8,100000,100000,0,69.8
PV06382,63,K56,General Surgery,85,6-24h,20,0.9794,19.59,4,100000,100000,0,77.59
PV06383,84,C18,Oncology,72,>3d,5,0.7761,15.52,2,300000,150000,150000,51.32
PV06384,75,I21,Cardiology,95,2-6h,25,0.9767,19.53,2,75000,25000,50000,84.53
PV06385,21,J96,Critical Care,98,6-24h,20,0.7446,14.89,10,750000,50000,700000,84.09
PV06386,25,N17,Nephrology,82,6-24h,20,0.4814,9.63,10,300000,25000,275000,72.43
PV06387,60,O72,Obstetrics,95,2-6h,25,0.8944,17.89,4,150000,150000,0,84.89
PV06388,80,C50,Oncology,65,6-24h,20,0.874,17.48,2,300000,0,300000,65.48
PV06389,75,A41,Critical Care,98,1-3d,10,0.8936,17.87,2,75000,75000,0,69.07
PV06390,79,C34,Oncology,74,6-24h,20,0.8897,17.79,2,150000,25000,125000,69.39
PV06391,28,K80,General Surgery,65,1-3d,10,0.8392,16.78,10,300000,150000,150000,62.78
PV06392,53,S36,Trauma,90,>3d,5,0.7941,15.88,6,1000000,10000,990000,62.88
PV06393,67,J96,Critical Care,98,6-24h,20,0.7979,15.96,4,750000,150000,600000,79.16
PV06394,60,N17,Nephrology,82,>3d,5,0.774,15.48,4,400000,75000,325000,57.28
PV06395,70,J18,Pulmonology,78,<2h,30,0.78,15.6,4,150000,150000,0,80.8
PV06396,32,I61,Neurosurgery,98,6-24h,20,0.6389,12.78,8,1000000,50000,950000,79.98
PV06397,49,N17,Nephrology,82,6-24h,20,0.6986,13.97,6,75000,75000,0,72.77
PV06398,48,K35,General Surgery,70,1-3d,10,0.8037,16.07,6,150000,150000,0,60.07
PV06399,81,J18,Pulmonology,78,1-3d,10,0.5959,11.92,2,200000,0,200000,55.12
PV06400,31,N39,Urology,50,1-3d,10,0.6192,12.38,8,300000,50000,250000,50.38
PV06401,40,N17,Nephrology,82,>3d,5,0.7866,15.73,8,400000,50000,350000,61.53
PV06402,19,K80,General Surgery,65,6-24h,20,0.8072,16.14,10,200000,10000,190000,72.14
PV06403,28,I74,Vascular Surgery,92,1-3d,10,0.7887,15.77,10,1000000,200000,800000,72.57
PV06404,84,N39,Urology,50,1-3d,10,0.582,11.64,2,200000,0,200000,43.64
PV06405,75,T79,Trauma,92,6-24h,20,0.9752,19.5,2,400000,25000,375000,78.3
PV06406,35,N39,Urology,50,6-24h,20,0.6764,13.53,8,50000,25000,25000,61.53
PV06407,65,K80,General Surgery,65,6-24h,20,0.7382,14.76,4,75000,50000,25000,64.76
PV06408,58,C34,Oncology,74,6-24h,20,0.6938,13.88,6,100000,100000,0,69.48
PV06409,79,O00,Obstetrics,96,1-3d,10,0.9499,19.0,2,50000,0,50000,69.4
PV06410,38,N39,Urology,50,6-24h,20,0.8621,17.24,8,750000,100000,650000,65.24
PV06411,85,G93,Neurology,80,2-6h,25,0.7727,15.45,2,400000,50000,350000,74.45
PV06412,43,S27,Trauma,88,1-3d,10,0.7656,15.31,8,750000,75000,675000,68.51
PV06413,66,I61,Neurosurgery,98,1-3d,10,0.838,16.76,4,150000,0,150000,69.96
PV06414,45,I21,Cardiology,95,>3d,5,0.6953,13.91,6,75000,75000,0,62.91
PV06415,63,J96,Critical Care,98,1-3d,10,0.8581,17.16,4,150000,75000,75000,70.36
PV06416,40,I60,Neurosurgery,98,1-3d,10,0.7651,15.3,8,50000,25000,25000,72.5
PV06417,75,A41,Critical Care,98,6-24h,20,0.872,17.44,2,150000,150000,0,78.64
PV06418,61,S06,Neurosurgery,95,1-3d,10,0.8686,17.37,4,75000,50000,25000,69.37
PV06419,37,C22,Oncology,73,6-24h,20,0.7606,15.21,8,100000,50000,50000,72.41
PV06420,83,I61,Neurosurgery,98,2-6h,25,0.6147,12.29,2,400000,10000,390000,78.49
PV06421,66,C18,Oncology,72,>3d,5,0.7953,15.91,4,1000000,50000,950000,53.71
PV06422,47,K85,General Surgery,82,1-3d,10,0.6751,13.5,6,100000,10000,90000,62.3
PV06423,27,K56,General Surgery,85,1-3d,10,0.8279,16.56,10,1000000,100000,900000,70.56
PV06424,84,N20,Urology,55,6-24h,20,0.7943,15.89,2,500000,25000,475000,59.89
PV06425,69,C22,Oncology,73,1-3d,10,0.7612,15.22,4,75000,0,75000,58.42
PV06426,63,S32,Orthopedics,82,2-6h,25,0.6904,13.81,4,50000,50000,0,75.61
PV06427,74,C22,Oncology,73,6-24h,20,0.9387,18.77,4,75000,75000,0,71.97
PV06428,59,J18,Pulmonology,78,2-6h,25,0.7746,15.49,6,500000,150000,350000,77.69
PV06429,33,C50,Oncology,65,2-6h,25,0.99,19.8,8,400000,50000,350000,78.8
PV06430,34,K35,General Surgery,70,<2h,30,0.8235,16.47,8,750000,25000,725000,82.47
PV06431,23,G93,Neurology,80,1-3d,10,0.8552,17.1,10,300000,10000,290000,69.1
PV06432,22,K80,General Surgery,65,6-24h,20,0.8239,16.48,10,50000,50000,0,72.48
PV06433,67,J96,Critical Care,98,1-3d,10,0.8542,17.08,4,1000000,0,1000000,70.28
PV06434,75,K85,General Surgery,82,>3d,5,0.9293,18.59,2,750000,200000,550000,58.39
PV06435,29,C18,Oncology,72,2-6h,25,0.9304,18.61,10,500000,10000,490000,82.41
PV06436,57,I21,Cardiology,95,1-3d,10,0.6433,12.87,6,1000000,150000,850000,66.87
PV06437,26,T79,Trauma,92,6-24h,20,0.9055,18.11,10,100000,50000,50000,84.91
PV06438,46,I71,Cardiovascular Surgery,99,>3d,5,0.8697,17.39,6,300000,100000,200000,67.99
PV06439,71,I61,Neurosurgery,98,6-24h,20,0.8236,16.47,4,300000,200000,100000,79.67
PV06440,73,I74,Vascular Surgery,92,6-24h,20,0.99,19.8,4,100000,50000,50000,80.6
PV06441,82,G93,Neurology,80,6-24h,20,0.99,19.8,2,1000000,200000,800000,73.8
PV06442,39,I71,Cardiovascular Surgery,99,>3d,5,0.9105,18.21,8,300000,25000,275000,70.81
PV06443,82,N17,Nephrology,82,6-24h,20,0.7656,15.31,2,1000000,25000,975000,70.11
PV06444,71,T79,Trauma,92,1-3d,10,0.7008,14.02,4,150000,100000,50000,64.82
PV06445,41,I60,Neurosurgery,98,2-6h,25,0.8954,17.91,8,200000,10000,190000,90.11
PV06446,40,K80,General Surgery,65,1-3d,10,0.956,19.12,8,1000000,0,1000000,63.12
PV06447,25,I71,Cardiovascular Surgery,99,6-24h,20,0.6171,12.34,10,75000,25000,50000,81.94
PV06448,80,C50,Oncology,65,2-6h,25,0.9286,18.57,2,300000,75000,225000,71.57
PV06449,31,K56,General Surgery,85,2-6h,25,0.7945,15.89,8,500000,50000,450000,82.89
PV06450,36,K35,General Surgery,70,6-24h,20,0.6391,12.78,8,500000,0,500000,68.78
PV06451,46,S32,Orthopedics,82,1-3d,10,0.8669,17.34,6,500000,75000,425000,66.14
PV06452,27,T79,Trauma,92,1-3d,10,0.9109,18.22,10,400000,75000,325000,75.02
PV06453,72,C22,Oncology,73,2-6h,25,0.7849,15.7,4,50000,25000,25000,73.9
PV06454,65,C50,Oncology,65,6-24h,20,0.7143,14.29,4,100000,75000,25000,64.29
PV06455,28,S72,Orthopedics,76,2-6h,25,0.99,19.8,10,500000,25000,475000,85.2
PV06456,29,K56,General Surgery,85,1-3d,10,0.7531,15.06,10,300000,0,300000,69.06
PV06457,19,I71,Cardiovascular Surgery,99,1-3d,10,0.9359,18.72,10,150000,100000,50000,78.32
PV06458,82,C34,Oncology,74,>3d,5,0.6687,13.37,2,750000,50000,700000,49.97
PV06459,47,K85,General Surgery,82,>3d,5,0.8616,17.23,6,150000,150000,0,61.03
PV06460,62,O72,Obstetrics,95,6-24h,20,0.8588,17.18,4,150000,10000,140000,79.18
PV06461,28,K56,General Surgery,85,6-24h,20,0.9073,18.15,10,200000,0,200000,82.15
PV06462,33,S72,Orthopedics,76,>3d,5,0.9693,19.39,8,150000,150000,0,62.79
PV06463,54,J96,Critical Care,98,2-6h,25,0.7386,14.77,6,300000,150000,150000,84.97
PV06464,32,S06,Neurosurgery,95,<2h,30,0.8721,17.44,8,1000000,200000,800000,93.44
PV06465,59,S06,Neurosurgery,95,6-24h,20,0.6833,13.67,6,1000000,200000,800000,77.67
PV06466,80,O00,Obstetrics,96,1-3d,10,0.6822,13.64,2,150000,25000,125000,64.04
PV06467,38,K85,General Surgery,82,1-3d,10,0.7622,15.24,8,150000,100000,50000,66.04
PV06468,59,I61,Neurosurgery,98,>3d,5,0.8609,17.22,6,750000,0,750000,67.42
PV06469,80,O00,Obstetrics,96,6-24h,20,0.9877,19.75,2,300000,50000,250000,80.15
PV06470,78,K35,General Surgery,70,6-24h,20,0.99,19.8,2,75000,75000,0,69.8
PV06471,18,I21,Cardiology,95,6-24h,20,0.7845,15.69,10,300000,100000,200000,83.69
PV06472,25,S06,Neurosurgery,95,1-3d,10,0.8506,17.01,10,500000,150000,350000,75.01
PV06473,85,S72,Orthopedics,76,2-6h,25,0.9143,18.29,2,200000,200000,0,75.69
PV06474,80,K92,Gastroenterology,88,>3d,5,0.8965,17.93,2,400000,150000,250000,60.13
PV06475,39,J96,Critical Care,98,6-24h,20,0.8031,16.06,8,500000,100000,400000,83.26
PV06476,53,I71,Cardiovascular Surgery,99,1-3d,10,0.8276,16.55,6,75000,25000,50000,72.15
PV06477,56,J96,Critical Care,98,1-3d,10,0.809,16.18,6,1000000,75000,925000,71.38
PV06478,63,K85,General Surgery,82,6-24h,20,0.7992,15.98,4,50000,0,50000,72.78
PV06479,69,N20,Urology,55,1-3d,10,0.7859,15.72,4,75000,75000,0,51.72
PV06480,43,I74,Vascular Surgery,92,6-24h,20,0.808,16.16,8,100000,100000,0,80.96
PV06481,78,C34,Oncology,74,1-3d,10,0.7794,15.59,2,50000,10000,40000,57.19
PV06482,22,I20,Cardiology,80,1-3d,10,0.7065,14.13,10,400000,50000,350000,66.13
PV06483,20,K92,Gastroenterology,88,1-3d,10,0.9063,18.13,10,300000,200000,100000,73.33
PV06484,83,N17,Nephrology,82,2-6h,25,0.8716,17.43,2,150000,25000,125000,77.23
PV06485,30,N20,Urology,55,>3d,5,0.99,19.8,8,1000000,75000,925000,54.8
PV06486,85,N39,Urology,50,>3d,5,0.857,17.14,2,100000,100000,0,44.14
PV06487,37,S32,Orthopedics,82,1-3d,10,0.7783,15.57,8,750000,150000,600000,66.37
PV06488,42,I71,Cardiovascular Surgery,99,>3d,5,0.7574,15.15,8,300000,100000,200000,67.75
PV06489,19,S06,Neurosurgery,95,6-24h,20,0.8247,16.49,10,400000,0,400000,84.49
PV06490,82,S06,Neurosurgery,95,6-24h,20,0.8753,17.51,2,1000000,0,1000000,77.51
PV06491,42,I20,Cardiology,80,6-24h,20,0.7955,15.91,8,100000,100000,0,75.91
PV06492,29,N17,Nephrology,82,<2h,30,0.673,13.46,10,75000,75000,0,86.26
PV06493,50,I71,Cardiovascular Surgery,99,1-3d,10,0.7461,14.92,6,500000,25000,475000,70.52
PV06494,28,K85,General Surgery,82,1-3d,10,0.8218,16.44,10,400000,75000,325000,69.24
PV06495,71,I71,Cardiovascular Surgery,99,2-6h,25,0.894,17.88,4,75000,0,75000,86.48
PV06496,22,T79,Trauma,92,6-24h,20,0.6714,13.43,10,1000000,10000,990000,80.23
PV06497,51,C18,Oncology,72,1-3d,10,0.8465,16.93,6,500000,50000,450000,61.73
PV06498,44,I20,Cardiology,80,1-3d,10,0.8421,16.84,8,300000,0,300000,66.84
PV06499,20,I74,Vascular Surgery,92,>3d,5,0.7748,15.5,10,75000,75000,0,67.3
PV06500,21,O72,Obstetrics,95,6-24h,20,0.7613,15.23,10,1000000,75000,925000,83.23
PV06501,53,S06,Neurosurgery,95,1-3d,10,0.7464,14.93,6,300000,0,300000,68.93
PV06502,44,C22,Oncology,73,2-6h,25,0.8341,16.68,8,300000,75000,225000,78.88
PV06503,26,O00,Obstetrics,96,2-6h,25,0.9327,18.65,10,50000,50000,0,92.05
PV06504,27,N17,Nephrology,82,1-3d,10,0.9398,18.8,10,400000,0,400000,71.6
PV06505,72,S27,Trauma,88,6-24h,20,0.7076,14.15,4,750000,10000,740000,73.35
PV06506,67,I71,Cardiovascular Surgery,99,1-3d,10,0.8013,16.03,4,500000,75000,425000,69.63
PV06507,59,K92,Gastroenterology,88,6-24h,20,0.6006,12.01,6,150000,150000,0,73.21
PV06508,74,O72,Obstetrics,95,2-6h,25,0.8309,16.62,4,75000,50000,25000,83.62
PV06509,22,C50,Oncology,65,1-3d,10,0.8798,17.6,10,200000,100000,100000,63.6
PV06510,64,I60,Neurosurgery,98,2-6h,25,0.9771,19.54,4,300000,50000,250000,87.74
PV06511,69,I71,Cardiovascular Surgery,99,6-24h,20,0.6414,12.83,4,100000,100000,0,76.43
PV06512,31,T79,Trauma,92,2-6h,25,0.7112,14.22,8,400000,200000,200000,84.02
PV06513,54,I61,Neurosurgery,98,6-24h,20,0.8344,16.69,6,1000000,50000,950000,81.89
PV06514,70,S06,Neurosurgery,95,1-3d,10,0.6582,13.16,4,75000,25000,50000,65.16
PV06515,59,T79,Trauma,92,2-6h,25,0.8372,16.74,6,100000,75000,25000,84.54
PV06516,34,I74,Vascular Surgery,92,1-3d,10,0.8823,17.65,8,200000,200000,0,72.45
PV06517,63,I71,Cardiovascular Surgery,99,1-3d,10,0.6919,13.84,4,75000,75000,0,67.44
PV06518,69,N17,Nephrology,82,1-3d,10,0.8333,16.67,4,500000,25000,475000,63.47
PV06519,18,K56,General Surgery,85,6-24h,20,0.6988,13.98,10,50000,50000,0,77.98
PV06520,56,I60,Neurosurgery,98,1-3d,10,0.9575,19.15,6,50000,10000,40000,74.35
PV06521,52,I21,Cardiology,95,>3d,5,0.8407,16.81,6,150000,25000,125000,65.81
PV06522,42,I61,Neurosurgery,98,2-6h,25,0.756,15.12,8,200000,10000,190000,87.32
PV06523,21,K35,General Surgery,70,1-3d,10,0.6962,13.92,10,500000,200000,300000,61.92
PV06524,23,C50,Oncology,65,<2h,30,0.8589,17.18,10,75000,75000,0,83.18
PV06525,69,I71,Cardiovascular Surgery,99,6-24h,20,0.9558,19.12,4,500000,200000,300000,82.72
PV06526,74,I61,Neurosurgery,98,6-24h,20,0.7428,14.86,4,75000,0,75000,78.06
PV06527,46,I21,Cardiology,95,2-6h,25,0.776,15.52,6,1000000,200000,800000,84.52
PV06528,81,O72,Obstetrics,95,2-6h,25,0.7448,14.9,2,300000,10000,290000,79.9
PV06529,81,G93,Neurology,80,<2h,30,0.9755,19.51,2,500000,200000,300000,83.51
PV06530,63,K85,General Surgery,82,<2h,30,0.6291,12.58,4,50000,25000,25000,79.38
PV06531,57,I60,Neurosurgery,98,1-3d,10,0.9486,18.97,6,500000,25000,475000,74.17
PV06532,83,A41,Critical Care,98,2-6h,25,0.7823,15.65,2,200000,100000,100000,81.85
PV06533,59,O72,Obstetrics,95,1-3d,10,0.8128,16.26,6,300000,150000,150000,70.26
PV06534,81,K56,General Surgery,85,>3d,5,0.7859,15.72,2,50000,50000,0,56.72
PV06535,84,C22,Oncology,73,6-24h,20,0.844,16.88,2,400000,150000,250000,68.08
PV06536,31,K80,General Surgery,65,2-6h,25,0.747,14.94,8,1000000,0,1000000,73.94
PV06537,62,K85,General Surgery,82,6-24h,20,0.9258,18.52,4,1000000,200000,800000,75.32
PV06538,67,K92,Gastroenterology,88,>3d,5,0.9299,18.6,4,750000,75000,675000,62.8
PV06539,73,I74,Vascular Surgery,92,6-24h,20,0.7217,14.43,4,500000,75000,425000,75.23
PV06540,41,K35,General Surgery,70,2-6h,25,0.8867,17.73,8,100000,100000,0,78.73
PV06541,76,K92,Gastroenterology,88,>3d,5,0.7844,15.69,2,150000,0,150000,57.89
PV06542,51,K92,Gastroenterology,88,6-24h,20,0.8252,16.5,6,50000,50000,0,77.7
PV06543,44,I74,Vascular Surgery,92,6-24h,20,0.9725,19.45,8,100000,10000,90000,84.25
PV06544,28,J18,Pulmonology,78,>3d,5,0.7526,15.05,10,100000,100000,0,61.25
PV06545,39,K56,General Surgery,85,>3d,5,0.9127,18.25,8,400000,100000,300000,65.25
PV06546,84,C34,Oncology,74,6-24h,20,0.8657,17.31,2,50000,25000,25000,68.91
PV06547,66,C50,Oncology,65,6-24h,20,0.8006,16.01,4,1000000,0,1000000,66.01
PV06548,67,N20,Urology,55,6-24h,20,0.8567,17.13,4,500000,0,500000,63.13
PV06549,78,J18,Pulmonology,78,2-6h,25,0.8448,16.9,2,400000,0,400000,75.1
PV06550,36,N20,Urology,55,6-24h,20,0.7042,14.08,8,300000,0,300000,64.08
PV06551,62,N17,Nephrology,82,6-24h,20,0.7593,15.19,4,100000,75000,25000,71.99
PV06552,43,T79,Trauma,92,1-3d,10,0.7155,14.31,8,300000,150000,150000,69.11
PV06553,75,K56,General Surgery,85,1-3d,10,0.7923,15.85,2,400000,150000,250000,61.85
PV06554,46,O72,Obstetrics,95,>3d,5,0.9545,19.09,6,750000,100000,650000,68.09
PV06555,76,S27,Trauma,88,1-3d,10,0.8781,17.56,2,400000,200000,200000,64.76
PV06556,68,N17,Nephrology,82,2-6h,25,0.6767,13.53,4,750000,100000,650000,75.33
PV06557,70,K35,General Surgery,70,2-6h,25,0.7927,15.85,4,200000,0,200000,72.85
PV06558,80,I74,Vascular Surgery,92,1-3d,10,0.8434,16.87,2,200000,50000,150000,65.67
PV06559,71,K92,Gastroenterology,88,6-24h,20,0.8944,17.89,4,500000,150000,350000,77.09
PV06560,39,S06,Neurosurgery,95,<2h,30,0.7549,15.1,8,400000,50000,350000,91.1
PV06561,53,C34,Oncology,74,1-3d,10,0.6963,13.93,6,150000,25000,125000,59.53
PV06562,50,C34,Oncology,74,6-24h,20,0.8144,16.29,6,200000,50000,150000,71.89
PV06563,22,O72,Obstetrics,95,<2h,30,0.8769,17.54,10,300000,150000,150000,95.54
PV06564,58,I60,Neurosurgery,98,6-24h,20,0.8435,16.87,6,400000,25000,375000,82.07
PV06565,47,I60,Neurosurgery,98,>3d,5,0.7315,14.63,6,150000,25000,125000,64.83
PV06566,44,I71,Cardiovascular Surgery,99,1-3d,10,0.99,19.8,8,75000,50000,25000,77.4
PV06567,25,S06,Neurosurgery,95,2-6h,25,0.8101,16.2,10,750000,50000,700000,89.2
PV06568,52,I61,Neurosurgery,98,6-24h,20,0.8394,16.79,6,150000,10000,140000,81.99
PV06569,57,K35,General Surgery,70,>3d,5,0.7538,15.08,6,75000,25000,50000,54.08
PV06570,25,K56,General Surgery,85,<2h,30,0.9307,18.61,10,100000,0,100000,92.61
PV06571,61,G93,Neurology,80,1-3d,10,0.8772,17.54,4,750000,150000,600000,63.54
PV06572,29,C34,Oncology,74,1-3d,10,0.8515,17.03,10,75000,10000,65000,66.63
PV06573,27,I21,Cardiology,95,1-3d,10,0.7048,14.1,10,400000,200000,200000,72.1
PV06574,45,C18,Oncology,72,2-6h,25,0.9294,18.59,6,200000,200000,0,78.39
PV06575,44,K35,General Surgery,70,>3d,5,0.8957,17.91,8,400000,100000,300000,58.91
PV06576,80,S27,Trauma,88,6-24h,20,0.9215,18.43,2,500000,200000,300000,75.63
PV06577,22,I60,Neurosurgery,98,<2h,30,0.8237,16.47,10,100000,100000,0,95.67
PV06578,41,I61,Neurosurgery,98,2-6h,25,0.8125,16.25,8,150000,150000,0,88.45
PV06579,67,S06,Neurosurgery,95,6-24h,20,0.8018,16.04,4,500000,25000,475000,78.04
PV06580,34,S72,Orthopedics,76,<2h,30,0.99,19.8,8,1000000,150000,850000,88.2
PV06581,84,S72,Orthopedics,76,1-3d,10,0.7658,15.32,2,750000,25000,725000,57.72
PV06582,68,K85,General Surgery,82,>3d,5,0.7014,14.03,4,150000,0,150000,55.83
PV06583,82,C18,Oncology,72,<2h,30,0.7827,15.65,2,100000,75000,25000,76.45
PV06584,82,N20,Urology,55,1-3d,10,0.7667,15.33,2,1000000,0,1000000,49.33
PV06585,25,N20,Urology,55,>3d,5,0.946,18.92,10,400000,0,400000,55.92
PV06586,49,J18,Pulmonology,78,<2h,30,0.6844,13.69,6,75000,0,75000,80.89
PV06587,68,N17,Nephrology,82,1-3d,10,0.7639,15.28,4,400000,200000,200000,62.08
PV06588,18,O72,Obstetrics,95,>3d,5,0.8391,16.78,10,150000,0,150000,69.78
PV06589,48,J96,Critical Care,98,1-3d,10,0.9468,18.94,6,75000,50000,25000,74.14
PV06590,64,O72,Obstetrics,95,6-24h,20,0.8913,17.83,4,75000,75000,0,79.83
PV06591,71,I21,Cardiology,95,>3d,5,0.9819,19.64,4,150000,150000,0,66.64
PV06592,46,K92,Gastroenterology,88,1-3d,10,0.8546,17.09,6,100000,0,100000,68.29
PV06593,76,S36,Trauma,90,6-24h,20,0.7996,15.99,2,500000,200000,300000,73.99
PV06594,63,K80,General Surgery,65,6-24h,20,0.9056,18.11,4,75000,75000,0,68.11
PV06595,21,K92,Gastroenterology,88,6-24h,20,0.6833,13.67,10,75000,75000,0,78.87
PV06596,36,O72,Obstetrics,95,6-24h,20,0.649,12.98,8,400000,100000,300000,78.98
PV06597,81,G93,Neurology,80,6-24h,20,0.9176,18.35,2,200000,75000,125000,72.35
PV06598,18,O72,Obstetrics,95,2-6h,25,0.8411,16.82,10,100000,10000,90000,89.82
PV06599,25,S06,Neurosurgery,95,1-3d,10,0.9164,18.33,10,50000,0,50000,76.33
PV06600,41,I21,Cardiology,95,1-3d,10,0.7348,14.7,8,50000,50000,0,70.7
PV06601,85,K35,General Surgery,70,6-24h,20,0.9485,18.97,2,100000,100000,0,68.97
PV06602,65,K92,Gastroenterology,88,6-24h,20,0.887,17.74,4,100000,100000,0,76.94
PV06603,28,O72,Obstetrics,95,2-6h,25,0.8169,16.34,10,300000,75000,225000,89.34
PV06604,44,I74,Vascular Surgery,92,2-6h,25,0.8407,16.81,8,400000,75000,325000,86.61
PV06605,81,S72,Orthopedics,76,1-3d,10,0.8547,17.09,2,75000,10000,65000,59.49
PV06606,32,J96,Critical Care,98,2-6h,25,0.7343,14.69,8,200000,0,200000,86.89
PV06607,57,I20,Cardiology,80,>3d,5,0.7815,15.63,6,200000,10000,190000,58.63
PV06608,49,C22,Oncology,73,6-24h,20,0.8531,17.06,6,75000,50000,25000,72.26
PV06609,69,I61,Neurosurgery,98,<2h,30,0.7775,15.55,4,200000,25000,175000,88.75
PV06610,69,N20,Urology,55,>3d,5,0.6731,13.46,4,50000,50000,0,44.46
PV06611,74,K85,General Surgery,82,6-24h,20,0.8495,16.99,4,150000,150000,0,73.79
PV06612,26,I60,Neurosurgery,98,6-24h,20,0.9036,18.07,10,500000,100000,400000,87.27
PV06613,48,N39,Urology,50,2-6h,25,0.9269,18.54,6,100000,100000,0,69.54
PV06614,65,I60,Neurosurgery,98,1-3d,10,0.8732,17.46,4,500000,25000,475000,70.66
PV06615,46,A41,Critical Care,98,6-24h,20,0.9018,18.04,6,75000,75000,0,83.24
PV06616,63,I21,Cardiology,95,1-3d,10,0.9188,18.38,4,200000,150000,50000,70.38
PV06617,61,O72,Obstetrics,95,1-3d,10,0.828,16.56,4,1000000,25000,975000,68.56
PV06618,43,J18,Pulmonology,78,>3d,5,0.6081,12.16,8,300000,25000,275000,56.36
PV06619,24,I74,Vascular Surgery,92,1-3d,10,0.936,18.72,10,750000,200000,550000,75.52
PV06620,83,I61,Neurosurgery,98,1-3d,10,0.7307,14.61,2,100000,100000,0,65.81
PV06621,74,S06,Neurosurgery,95,1-3d,10,0.7069,14.14,4,75000,50000,25000,66.14
PV06622,78,K92,Gastroenterology,88,6-24h,20,0.7097,14.19,2,200000,0,200000,71.39
PV06623,38,T79,Trauma,92,1-3d,10,0.99,19.8,8,100000,75000,25000,74.6
PV06624,39,K92,Gastroenterology,88,1-3d,10,0.8641,17.28,8,500000,150000,350000,70.48
PV06625,39,O00,Obstetrics,96,<2h,30,0.7158,14.32,8,150000,50000,100000,90.72
PV06626,20,N17,Nephrology,82,1-3d,10,0.7517,15.03,10,500000,10000,490000,67.83
PV06627,29,S32,Orthopedics,82,6-24h,20,0.8199,16.4,10,50000,50000,0,79.2
PV06628,38,C18,Oncology,72,1-3d,10,0.8742,17.48,8,150000,150000,0,64.28
PV06629,85,S72,Orthopedics,76,2-6h,25,0.8479,16.96,2,100000,100000,0,74.36
PV06630,31,I71,Cardiovascular Surgery,99,<2h,30,0.7271,14.54,8,400000,150000,250000,92.14
PV06631,52,O72,Obstetrics,95,<2h,30,0.8517,17.03,6,100000,50000,50000,91.03
PV06632,55,I60,Neurosurgery,98,2-6h,25,0.7589,15.18,6,200000,25000,175000,85.38
PV06633,42,K56,General Surgery,85,<2h,30,0.9247,18.49,8,150000,10000,140000,90.49
PV06634,80,K80,General Surgery,65,2-6h,25,0.8256,16.51,2,500000,0,500000,69.51
PV06635,24,I20,Cardiology,80,1-3d,10,0.7441,14.88,10,150000,150000,0,66.88
PV06636,77,S06,Neurosurgery,95,6-24h,20,0.8889,17.78,2,400000,200000,200000,77.78
PV06637,68,I61,Neurosurgery,98,>3d,5,0.8583,17.17,4,50000,50000,0,65.37
PV06638,38,I61,Neurosurgery,98,1-3d,10,0.7725,15.45,8,500000,200000,300000,72.65
PV06639,70,S32,Orthopedics,82,2-6h,25,0.893,17.86,4,400000,25000,375000,79.66
PV06640,47,I74,Vascular Surgery,92,6-24h,20,0.8829,17.66,6,75000,75000,0,80.46
PV06641,84,I74,Vascular Surgery,92,6-24h,20,0.9402,18.8,2,75000,50000,25000,77.6
PV06642,20,I21,Cardiology,95,6-24h,20,0.891,17.82,10,150000,50000,100000,85.82
PV06643,20,C22,Oncology,73,6-24h,20,0.7986,15.97,10,1000000,100000,900000,75.17
PV06644,55,S72,Orthopedics,76,1-3d,10,0.6509,13.02,6,100000,10000,90000,59.42
PV06645,81,S32,Orthopedics,82,1-3d,10,0.8387,16.77,2,200000,50000,150000,61.57
PV06646,22,N20,Urology,55,6-24h,20,0.8542,17.08,10,200000,50000,150000,69.08
PV06647,70,K35,General Surgery,70,1-3d,10,0.8251,16.5,4,100000,50000,50000,58.5
PV06648,81,T79,Trauma,92,6-24h,20,0.5189,10.38,2,200000,100000,100000,69.18
PV06649,51,N17,Nephrology,82,1-3d,10,0.8879,17.76,6,75000,25000,50000,66.56
PV06650,76,C18,Oncology,72,>3d,5,0.7288,14.58,2,400000,10000,390000,50.38
PV06651,69,A41,Critical Care,98,6-24h,20,0.8886,17.77,4,75000,75000,0,80.97
PV06652,32,G93,Neurology,80,1-3d,10,0.99,19.8,8,300000,0,300000,69.8
PV06653,76,N39,Urology,50,1-3d,10,0.7947,15.89,2,150000,150000,0,47.89
PV06654,65,S27,Trauma,88,6-24h,20,0.8638,17.28,4,300000,200000,100000,76.48
PV06655,18,I61,Neurosurgery,98,2-6h,25,0.8233,16.47,10,300000,50000,250000,90.67
PV06656,56,G93,Neurology,80,1-3d,10,0.8726,17.45,6,400000,100000,300000,65.45
PV06657,62,I20,Cardiology,80,6-24h,20,0.8303,16.61,4,400000,75000,325000,72.61
PV06658,72,O00,Obstetrics,96,2-6h,25,0.7683,15.37,4,100000,100000,0,82.77
PV06659,70,J18,Pulmonology,78,1-3d,10,0.7295,14.59,4,300000,10000,290000,59.79
PV06660,50,A41,Critical Care,98,6-24h,20,0.979,19.58,6,100000,100000,0,84.78
PV06661,38,I61,Neurosurgery,98,2-6h,25,0.8639,17.28,8,150000,150000,0,89.48
PV06662,31,K92,Gastroenterology,88,>3d,5,0.9031,18.06,8,100000,75000,25000,66.26
PV06663,24,O72,Obstetrics,95,6-24h,20,0.8599,17.2,10,300000,200000,100000,85.2
PV06664,61,I71,Cardiovascular Surgery,99,6-24h,20,0.9176,18.35,4,500000,25000,475000,81.95
PV06665,83,C50,Oncology,65,1-3d,10,0.7304,14.61,2,400000,150000,250000,52.61
PV06666,23,I21,Cardiology,95,2-6h,25,0.8283,16.57,10,50000,50000,0,89.57
PV06667,65,I61,Neurosurgery,98,1-3d,10,0.8705,17.41,4,50000,50000,0,70.61
PV06668,57,J96,Critical Care,98,1-3d,10,0.9493,18.99,6,150000,150000,0,74.19
PV06669,29,S72,Orthopedics,76,6-24h,20,0.99,19.8,10,300000,10000,290000,80.2
PV06670,32,S36,Trauma,90,1-3d,10,0.8608,17.22,8,100000,0,100000,71.22
PV06671,37,K56,General Surgery,85,>3d,5,0.7539,15.08,8,1000000,75000,925000,62.08
PV06672,64,K85,General Surgery,82,>3d,5,0.7004,14.01,4,300000,25000,275000,55.81
PV06673,38,K85,General Surgery,82,2-6h,25,0.7295,14.59,8,750000,100000,650000,80.39
PV06674,74,O00,Obstetrics,96,6-24h,20,0.7426,14.85,4,1000000,25000,975000,77.25
PV06675,43,N17,Nephrology,82,6-24h,20,0.5299,10.6,8,50000,50000,0,71.4
PV06676,25,I20,Cardiology,80,>3d,5,0.7524,15.05,10,750000,0,750000,62.05
PV06677,24,T79,Trauma,92,1-3d,10,0.8917,17.83,10,50000,50000,0,74.63
PV06678,45,I71,Cardiovascular Surgery,99,6-24h,20,0.8275,16.55,6,75000,10000,65000,82.15
PV06679,45,N39,Urology,50,>3d,5,0.7941,15.88,6,300000,25000,275000,46.88
PV06680,67,O00,Obstetrics,96,6-24h,20,0.6578,13.16,4,300000,0,300000,75.56
PV06681,50,K56,General Surgery,85,6-24h,20,0.925,18.5,6,400000,100000,300000,78.5
PV06682,29,K85,General Surgery,82,1-3d,10,0.8712,17.42,10,50000,50000,0,70.22
PV06683,32,K80,General Surgery,65,6-24h,20,0.8187,16.37,8,75000,75000,0,70.37
PV06684,56,T79,Trauma,92,1-3d,10,0.5997,11.99,6,500000,0,500000,64.79
PV06685,40,S36,Trauma,90,6-24h,20,0.7709,15.42,8,300000,50000,250000,79.42
PV06686,63,K35,General Surgery,70,1-3d,10,0.8634,17.27,4,150000,150000,0,59.27
PV06687,80,K56,General Surgery,85,>3d,5,0.8171,16.34,2,75000,0,75000,57.34
PV06688,42,S06,Neurosurgery,95,6-24h,20,0.8392,16.78,8,100000,75000,25000,82.78
PV06689,55,C50,Oncology,65,6-24h,20,0.8885,17.77,6,150000,10000,140000,69.77
PV06690,74,O00,Obstetrics,96,1-3d,10,0.8355,16.71,4,200000,25000,175000,69.11
PV06691,32,S72,Orthopedics,76,2-6h,25,0.885,17.7,8,750000,150000,600000,81.1
PV06692,52,C50,Oncology,65,1-3d,10,0.7356,14.71,6,200000,150000,50000,56.71
PV06693,38,T79,Trauma,92,1-3d,10,0.6977,13.95,8,200000,0,200000,68.75
PV06694,60,S32,Orthopedics,82,2-6h,25,0.8677,17.35,4,1000000,100000,900000,79.15
PV06695,68,K35,General Surgery,70,>3d,5,0.8882,17.76,4,50000,50000,0,54.76
PV06696,27,J18,Pulmonology,78,6-24h,20,0.8719,17.44,10,50000,50000,0,78.64
PV06697,30,I20,Cardiology,80,2-6h,25,0.8332,16.66,8,1000000,150000,850000,81.66
PV06698,19,S32,Orthopedics,82,2-6h,25,0.7876,15.75,10,1000000,200000,800000,83.55
PV06699,18,I74,Vascular Surgery,92,1-3d,10,0.8411,16.82,10,200000,0,200000,73.62
PV06700,21,S36,Trauma,90,>3d,5,0.8579,17.16,10,100000,100000,0,68.16
PV06701,66,I20,Cardiology,80,6-24h,20,0.8639,17.28,4,75000,75000,0,73.28
PV06702,79,I21,Cardiology,95,<2h,30,0.99,19.8,2,75000,75000,0,89.8
PV06703,45,O00,Obstetrics,96,2-6h,25,0.7279,14.56,6,750000,50000,700000,83.96
PV06704,78,S06,Neurosurgery,95,1-3d,10,0.99,19.8,2,500000,100000,400000,69.8
PV06705,67,I20,Cardiology,80,6-24h,20,0.6943,13.89,4,750000,0,750000,69.89
PV06706,72,I60,Neurosurgery,98,6-24h,20,0.8586,17.17,4,300000,50000,250000,80.37
PV06707,68,I21,Cardiology,95,6-24h,20,0.7005,14.01,4,400000,150000,250000,76.01
PV06708,31,I74,Vascular Surgery,92,6-24h,20,0.8506,17.01,8,750000,100000,650000,81.81
PV06709,53,A41,Critical Care,98,1-3d,10,0.9182,18.36,6,150000,25000,125000,73.56
PV06710,53,O72,Obstetrics,95,1-3d,10,0.8233,16.47,6,300000,75000,225000,70.47
PV06711,61,I71,Cardiovascular Surgery,99,2-6h,25,0.9173,18.35,4,100000,0,100000,86.95
PV06712,72,K85,General Surgery,82,6-24h,20,0.7776,15.55,4,300000,200000,100000,72.35
PV06713,25,N17,Nephrology,82,6-24h,20,0.615,12.3,10,100000,75000,25000,75.1
PV06714,63,N17,Nephrology,82,1-3d,10,0.8827,17.65,4,100000,75000,25000,64.45
PV06715,74,K92,Gastroenterology,88,2-6h,25,0.8231,16.46,4,150000,25000,125000,80.66
PV06716,25,O72,Obstetrics,95,2-6h,25,0.772,15.44,10,1000000,10000,990000,88.44
PV06717,46,N17,Nephrology,82,1-3d,10,0.7789,15.58,6,100000,25000,75000,64.38
PV06718,78,C50,Oncology,65,6-24h,20,0.8607,17.21,2,400000,50000,350000,65.21
PV06719,19,K56,General Surgery,85,1-3d,10,0.7385,14.77,10,300000,50000,250000,68.77
PV06720,28,C50,Oncology,65,6-24h,20,0.8575,17.15,10,400000,50000,350000,73.15
PV06721,72,G93,Neurology,80,6-24h,20,0.9389,18.78,4,75000,75000,0,74.78
PV06722,29,I74,Vascular Surgery,92,1-3d,10,0.99,19.8,10,500000,50000,450000,76.6
PV06723,65,K56,General Surgery,85,6-24h,20,0.9605,19.21,4,500000,25000,475000,77.21
PV06724,79,K85,General Surgery,82,2-6h,25,0.8362,16.72,2,75000,75000,0,76.52
PV06725,51,I71,Cardiovascular Surgery,99,1-3d,10,0.8458,16.92,6,150000,10000,140000,72.52
PV06726,50,J18,Pulmonology,78,6-24h,20,0.78,15.6,6,750000,200000,550000,72.8
PV06727,47,G93,Neurology,80,>3d,5,0.7734,15.47,6,100000,100000,0,58.47
PV06728,43,J18,Pulmonology,78,2-6h,25,0.9072,18.14,8,300000,25000,275000,82.34
PV06729,43,S06,Neurosurgery,95,>3d,5,0.7892,15.78,8,750000,100000,650000,66.78
PV06730,55,I74,Vascular Surgery,92,1-3d,10,0.8566,17.13,6,750000,200000,550000,69.93
PV06731,78,C50,Oncology,65,2-6h,25,0.7237,14.47,2,150000,150000,0,67.47
PV06732,84,I74,Vascular Surgery,92,1-3d,10,0.957,19.14,2,500000,150000,350000,67.94
PV06733,76,J18,Pulmonology,78,1-3d,10,0.7878,15.76,2,1000000,10000,990000,58.96
PV06734,26,C50,Oncology,65,6-24h,20,0.9288,18.58,10,200000,10000,190000,74.58
PV06735,38,I74,Vascular Surgery,92,6-24h,20,0.7496,14.99,8,1000000,75000,925000,79.79
PV06736,69,C34,Oncology,74,>3d,5,0.7443,14.89,4,500000,25000,475000,53.49
PV06737,55,S36,Trauma,90,1-3d,10,0.9528,19.06,6,400000,0,400000,71.06
PV06738,40,K35,General Surgery,70,>3d,5,0.7574,15.15,8,500000,200000,300000,56.15
PV06739,39,S36,Trauma,90,1-3d,10,0.6632,13.26,8,75000,25000,50000,67.26
PV06740,25,S72,Orthopedics,76,1-3d,10,0.716,14.32,10,50000,50000,0,64.72
PV06741,40,I21,Cardiology,95,1-3d,10,0.9057,18.11,8,750000,100000,650000,74.11
PV06742,46,I20,Cardiology,80,1-3d,10,0.8961,17.92,6,500000,10000,490000,65.92
PV06743,46,O00,Obstetrics,96,>3d,5,0.7437,14.87,6,1000000,10000,990000,64.27
PV06744,55,I60,Neurosurgery,98,1-3d,10,0.7568,15.14,6,300000,75000,225000,70.34
PV06745,36,I20,Cardiology,80,<2h,30,0.8873,17.75,8,150000,75000,75000,87.75
PV06746,32,G93,Neurology,80,1-3d,10,0.9516,19.03,8,750000,25000,725000,69.03
PV06747,78,I21,Cardiology,95,2-6h,25,0.8131,16.26,2,1000000,10000,990000,81.26
PV06748,45,K35,General Surgery,70,>3d,5,0.8754,17.51,6,750000,100000,650000,56.51
PV06749,35,K85,General Surgery,82,1-3d,10,0.9073,18.15,8,750000,10000,740000,68.95
PV06750,61,O00,Obstetrics,96,1-3d,10,0.99,19.8,4,75000,10000,65000,72.2
PV06751,54,N20,Urology,55,2-6h,25,0.7044,14.09,6,750000,50000,700000,67.09
PV06752,57,S27,Trauma,88,6-24h,20,0.7531,15.06,6,50000,25000,25000,76.26
PV06753,33,C18,Oncology,72,6-24h,20,0.7694,15.39,8,500000,50000,450000,72.19
PV06754,67,I21,Cardiology,95,1-3d,10,0.9028,18.06,4,75000,50000,25000,70.06
PV06755,31,C34,Oncology,74,1-3d,10,0.7948,15.9,8,50000,50000,0,63.5
PV06756,74,N39,Urology,50,6-24h,20,0.8512,17.02,4,500000,75000,425000,61.02
PV06757,46,O00,Obstetrics,96,6-24h,20,0.8322,16.64,6,150000,0,150000,81.04
PV06758,45,S72,Orthopedics,76,1-3d,10,0.8202,16.4,6,750000,10000,740000,62.8
PV06759,44,I71,Cardiovascular Surgery,99,6-24h,20,0.8307,16.61,8,100000,75000,25000,84.21
PV06760,46,K92,Gastroenterology,88,>3d,5,0.923,18.46,6,500000,100000,400000,64.66
PV06761,63,I21,Cardiology,95,>3d,5,0.7229,14.46,4,400000,0,400000,61.46
PV06762,51,I71,Cardiovascular Surgery,99,1-3d,10,0.8052,16.1,6,750000,150000,600000,71.7
PV06763,26,K35,General Surgery,70,6-24h,20,0.6985,13.97,10,750000,0,750000,71.97
PV06764,56,G93,Neurology,80,<2h,30,0.8427,16.85,6,300000,100000,200000,84.85
PV06765,36,O72,Obstetrics,95,>3d,5,0.8004,16.01,8,150000,10000,140000,67.01
PV06766,25,N39,Urology,50,>3d,5,0.9269,18.54,10,300000,200000,100000,53.54
PV06767,75,C34,Oncology,74,2-6h,25,0.8195,16.39,2,400000,100000,300000,72.99
PV06768,39,N17,Nephrology,82,1-3d,10,0.7756,15.51,8,1000000,150000,850000,66.31
PV06769,58,O00,Obstetrics,96,6-24h,20,0.7953,15.91,6,75000,75000,0,80.31
PV06770,29,A41,Critical Care,98,2-6h,25,0.99,19.8,10,50000,0,50000,94.0
PV06771,41,N17,Nephrology,82,>3d,5,0.663,13.26,8,200000,150000,50000,59.06
PV06772,44,C50,Oncology,65,>3d,5,0.7572,15.14,8,200000,0,200000,54.14
PV06773,27,K92,Gastroenterology,88,>3d,5,0.8236,16.47,10,1000000,75000,925000,66.67
PV06774,84,N17,Nephrology,82,2-6h,25,0.7564,15.13,2,100000,100000,0,74.93
PV06775,39,K92,Gastroenterology,88,6-24h,20,0.8691,17.38,8,75000,75000,0,80.58
PV06776,57,K92,Gastroenterology,88,>3d,5,0.8144,16.29,6,75000,75000,0,62.49
PV06777,56,O00,Obstetrics,96,1-3d,10,0.8456,16.91,6,750000,100000,650000,71.31
PV06778,47,S72,Orthopedics,76,6-24h,20,0.8318,16.64,6,400000,200000,200000,73.04
PV06779,57,K35,General Surgery,70,6-24h,20,0.8097,16.19,6,1000000,0,1000000,70.19
PV06780,56,I71,Cardiovascular Surgery,99,<2h,30,0.6909,13.82,6,100000,0,100000,89.42
PV06781,23,I20,Cardiology,80,1-3d,10,0.8376,16.75,10,50000,10000,40000,68.75
PV06782,63,K35,General Surgery,70,>3d,5,0.6437,12.87,4,200000,10000,190000,49.87
PV06783,25,S36,Trauma,90,<2h,30,0.7528,15.06,10,75000,50000,25000,91.06
PV06784,47,C50,Oncology,65,2-6h,25,0.8689,17.38,6,75000,75000,0,74.38
PV06785,42,J96,Critical Care,98,6-24h,20,0.939,18.78,8,750000,50000,700000,85.98
PV06786,48,C22,Oncology,73,1-3d,10,0.99,19.8,6,150000,150000,0,65.0
PV06787,22,C34,Oncology,74,6-24h,20,0.7772,15.54,10,50000,50000,0,75.14
PV06788,65,I21,Cardiology,95,<2h,30,0.7335,14.67,4,100000,50000,50000,86.67
PV06789,46,J96,Critical Care,98,1-3d,10,0.8722,17.44,6,150000,150000,0,72.64
PV06790,22,K80,General Surgery,65,6-24h,20,0.99,19.8,10,750000,50000,700000,75.8
PV06791,18,G93,Neurology,80,1-3d,10,0.9733,19.47,10,400000,0,400000,71.47
PV06792,54,N39,Urology,50,1-3d,10,0.7165,14.33,6,300000,150000,150000,50.33
PV06793,63,G93,Neurology,80,6-24h,20,0.8059,16.12,4,300000,10000,290000,72.12
PV06794,55,I61,Neurosurgery,98,1-3d,10,0.905,18.1,6,500000,50000,450000,73.3
PV06795,66,N20,Urology,55,1-3d,10,0.912,18.24,4,75000,10000,65000,54.24
PV06796,69,S06,Neurosurgery,95,1-3d,10,0.8792,17.58,4,200000,150000,50000,69.58
PV06797,77,I61,Neurosurgery,98,1-3d,10,0.7751,15.5,2,150000,100000,50000,66.7
PV06798,84,C50,Oncology,65,6-24h,20,0.8783,17.57,2,50000,50000,0,65.57
PV06799,78,O72,Obstetrics,95,6-24h,20,0.9129,18.26,2,300000,150000,150000,78.26
PV06800,72,C34,Oncology,74,6-24h,20,0.7268,14.54,4,400000,25000,375000,68.14
PV06801,47,G93,Neurology,80,6-24h,20,0.953,19.06,6,400000,25000,375000,77.06
PV06802,52,I61,Neurosurgery,98,6-24h,20,0.9192,18.38,6,50000,25000,25000,83.58
PV06803,59,O00,Obstetrics,96,2-6h,25,0.7458,14.92,6,150000,10000,140000,84.32
PV06804,29,G93,Neurology,80,1-3d,10,0.9125,18.25,10,150000,150000,0,70.25
PV06805,64,S72,Orthopedics,76,2-6h,25,0.9013,18.03,4,75000,0,75000,77.43
PV06806,58,O00,Obstetrics,96,>3d,5,0.9051,18.1,6,300000,50000,250000,67.5
PV06807,53,O72,Obstetrics,95,1-3d,10,0.9776,19.55,6,300000,25000,275000,73.55
PV06808,74,N39,Urology,50,<2h,30,0.819,16.38,4,500000,0,500000,70.38
PV06809,64,I60,Neurosurgery,98,1-3d,10,0.8532,17.06,4,500000,150000,350000,70.26
PV06810,81,I20,Cardiology,80,6-24h,20,0.5561,11.12,2,750000,75000,675000,65.12
PV06811,84,T79,Trauma,92,>3d,5,0.9316,18.63,2,200000,200000,0,62.43
PV06812,74,T79,Trauma,92,>3d,5,0.922,18.44,4,100000,75000,25000,64.24
PV06813,38,S27,Trauma,88,1-3d,10,0.9556,19.11,8,300000,50000,250000,72.31
PV06814,30,O00,Obstetrics,96,1-3d,10,0.7263,14.53,8,400000,10000,390000,70.93
PV06815,38,S36,Trauma,90,>3d,5,0.9162,18.32,8,150000,75000,75000,67.32
PV06816,66,J96,Critical Care,98,1-3d,10,0.9219,18.44,4,200000,100000,100000,71.64
PV06817,76,I20,Cardiology,80,>3d,5,0.7549,15.1,2,1000000,0,1000000,54.1
PV06818,77,O00,Obstetrics,96,2-6h,25,0.9256,18.51,2,500000,10000,490000,83.91
PV06819,64,N20,Urology,55,>3d,5,0.8663,17.33,4,400000,25000,375000,48.33
PV06820,64,S06,Neurosurgery,95,1-3d,10,0.6502,13.0,4,1000000,0,1000000,65.0
PV06821,82,S32,Orthopedics,82,6-24h,20,0.8784,17.57,2,50000,0,50000,72.37
PV06822,64,C34,Oncology,74,>3d,5,0.7433,14.87,4,300000,10000,290000,53.47
PV06823,27,C22,Oncology,73,1-3d,10,0.6524,13.05,10,100000,25000,75000,62.25
PV06824,52,K35,General Surgery,70,>3d,5,0.8567,17.13,6,100000,75000,25000,56.13
PV06825,42,N17,Nephrology,82,<2h,30,0.8135,16.27,8,500000,150000,350000,87.07
PV06826,61,O00,Obstetrics,96,1-3d,10,0.9604,19.21,4,500000,150000,350000,71.61
PV06827,61,N17,Nephrology,82,1-3d,10,0.8382,16.76,4,200000,50000,150000,63.56
PV06828,38,I60,Neurosurgery,98,<2h,30,0.8979,17.96,8,300000,75000,225000,95.16
PV06829,38,O72,Obstetrics,95,1-3d,10,0.8709,17.42,8,300000,0,300000,73.42
PV06830,24,I71,Cardiovascular Surgery,99,1-3d,10,0.9221,18.44,10,750000,150000,600000,78.04
PV06831,37,C18,Oncology,72,6-24h,20,0.7314,14.63,8,50000,10000,40000,71.43
PV06832,74,A41,Critical Care,98,1-3d,10,0.8399,16.8,4,300000,0,300000,70.0
PV06833,62,S72,Orthopedics,76,2-6h,25,0.8059,16.12,4,50000,50000,0,75.52
PV06834,82,C18,Oncology,72,1-3d,10,0.8854,17.71,2,1000000,25000,975000,58.51
PV06835,80,I60,Neurosurgery,98,>3d,5,0.8456,16.91,2,100000,50000,50000,63.11
PV06836,76,S32,Orthopedics,82,6-24h,20,0.7586,15.17,2,50000,50000,0,69.97
PV06837,30,N20,Urology,55,6-24h,20,0.7862,15.72,8,750000,100000,650000,65.72
PV06838,40,I60,Neurosurgery,98,6-24h,20,0.9849,19.7,8,500000,150000,350000,86.9
PV06839,21,I60,Neurosurgery,98,6-24h,20,0.6506,13.01,10,1000000,75000,925000,82.21
PV06840,24,G93,Neurology,80,>3d,5,0.8909,17.82,10,150000,75000,75000,64.82
PV06841,33,I71,Cardiovascular Surgery,99,6-24h,20,0.9441,18.88,8,100000,100000,0,86.48
PV06842,37,G93,Neurology,80,6-24h,20,0.8779,17.56,8,400000,150000,250000,77.56
PV06843,19,O72,Obstetrics,95,6-24h,20,0.99,19.8,10,1000000,10000,990000,87.8
PV06844,75,K85,General Surgery,82,1-3d,10,0.9139,18.28,2,1000000,25000,975000,63.08
PV06845,53,I71,Cardiovascular Surgery,99,1-3d,10,0.8584,17.17,6,150000,50000,100000,72.77
PV06846,62,C34,Oncology,74,2-6h,25,0.7733,15.47,4,400000,200000,200000,74.07
PV06847,62,S06,Neurosurgery,95,6-24h,20,0.8603,17.21,4,750000,75000,675000,79.21
PV06848,83,S27,Trauma,88,2-6h,25,0.8882,17.76,2,500000,150000,350000,79.96
PV06849,28,K85,General Surgery,82,2-6h,25,0.8204,16.41,10,400000,150000,250000,84.21
PV06850,41,K35,General Surgery,70,6-24h,20,0.7457,14.91,8,75000,75000,0,70.91
PV06851,38,K85,General Surgery,82,1-3d,10,0.6996,13.99,8,400000,75000,325000,64.79
PV06852,55,O00,Obstetrics,96,1-3d,10,0.8385,16.77,6,75000,25000,50000,71.17
PV06853,53,C50,Oncology,65,<2h,30,0.672,13.44,6,200000,50000,150000,75.44
PV06854,71,I61,Neurosurgery,98,1-3d,10,0.7728,15.46,4,300000,0,300000,68.66
PV06855,56,I20,Cardiology,80,1-3d,10,0.5768,11.54,6,50000,50000,0,59.54
PV06856,33,I20,Cardiology,80,6-24h,20,0.9033,18.07,8,200000,75000,125000,78.07
PV06857,56,C50,Oncology,65,6-24h,20,0.9354,18.71,6,150000,10000,140000,70.71
PV06858,83,N39,Urology,50,1-3d,10,0.8279,16.56,2,75000,50000,25000,48.56
PV06859,57,S27,Trauma,88,<2h,30,0.99,19.8,6,400000,100000,300000,91.0
PV06860,58,T79,Trauma,92,1-3d,10,0.9547,19.09,6,500000,150000,350000,71.89
PV06861,29,N20,Urology,55,1-3d,10,0.868,17.36,10,750000,150000,600000,59.36
PV06862,18,N17,Nephrology,82,>3d,5,0.8087,16.17,10,400000,0,400000,63.97
PV06863,32,K56,General Surgery,85,2-6h,25,0.7851,15.7,8,75000,25000,50000,82.7
PV06864,19,N17,Nephrology,82,2-6h,25,0.8762,17.52,10,50000,50000,0,85.32
PV06865,48,N39,Urology,50,>3d,5,0.8059,16.12,6,750000,0,750000,47.12
PV06866,77,C22,Oncology,73,6-24h,20,0.8748,17.5,2,50000,10000,40000,68.7
PV06867,48,S72,Orthopedics,76,6-24h,20,0.8822,17.64,6,150000,150000,0,74.04
PV06868,61,J96,Critical Care,98,1-3d,10,0.797,15.94,4,150000,75000,75000,69.14
PV06869,76,K80,General Surgery,65,<2h,30,0.9296,18.59,2,75000,75000,0,76.59
PV06870,69,I61,Neurosurgery,98,1-3d,10,0.7971,15.94,4,400000,10000,390000,69.14
PV06871,62,K35,General Surgery,70,>3d,5,0.8221,16.44,4,500000,100000,400000,53.44
PV06872,71,N17,Nephrology,82,1-3d,10,0.7222,14.44,4,750000,200000,550000,61.24
PV06873,37,C22,Oncology,73,6-24h,20,0.7929,15.86,8,200000,200000,0,73.06
PV06874,46,I74,Vascular Surgery,92,>3d,5,0.99,19.8,6,200000,10000,190000,67.6
PV06875,45,S72,Orthopedics,76,1-3d,10,0.73,14.6,6,100000,10000,90000,61.0
PV06876,72,I74,Vascular Surgery,92,<2h,30,0.8638,17.28,4,50000,50000,0,88.08
PV06877,45,S72,Orthopedics,76,1-3d,10,0.7746,15.49,6,750000,200000,550000,61.89
PV06878,81,I21,Cardiology,95,<2h,30,0.5986,11.97,2,750000,0,750000,81.97
PV06879,30,J18,Pulmonology,78,6-24h,20,0.8759,17.52,8,1000000,10000,990000,76.72
PV06880,29,J18,Pulmonology,78,1-3d,10,0.7644,15.29,10,75000,10000,65000,66.49
PV06881,66,I74,Vascular Surgery,92,2-6h,25,0.8519,17.04,4,200000,150000,50000,82.84
PV06882,69,J96,Critical Care,98,<2h,30,0.919,18.38,4,400000,50000,350000,91.58
PV06883,64,K80,General Surgery,65,1-3d,10,0.8435,16.87,4,750000,100000,650000,56.87
PV06884,38,K56,General Surgery,85,6-24h,20,0.8528,17.06,8,200000,0,200000,79.06
PV06885,18,I60,Neurosurgery,98,1-3d,10,0.7332,14.66,10,75000,10000,65000,73.86
PV06886,39,I60,Neurosurgery,98,6-24h,20,0.8907,17.81,8,1000000,75000,925000,85.01
PV06887,49,I20,Cardiology,80,1-3d,10,0.801,16.02,6,50000,50000,0,64.02
PV06888,46,K85,General Surgery,82,>3d,5,0.6202,12.4,6,500000,10000,490000,56.2
PV06889,80,S06,Neurosurgery,95,2-6h,25,0.9027,18.05,2,150000,25000,125000,83.05
PV06890,76,I20,Cardiology,80,1-3d,10,0.9333,18.67,2,50000,50000,0,62.67
PV06891,70,K35,General Surgery,70,2-6h,25,0.9681,19.36,4,300000,0,300000,76.36
PV06892,19,K85,General Surgery,82,6-24h,20,0.99,19.8,10,150000,150000,0,82.6
PV06893,26,I21,Cardiology,95,6-24h,20,0.8974,17.95,10,200000,10000,190000,85.95
PV06894,47,C50,Oncology,65,2-6h,25,0.8714,17.43,6,75000,75000,0,74.43
PV06895,60,C50,Oncology,65,<2h,30,0.9292,18.58,4,400000,100000,300000,78.58
PV06896,64,K80,General Surgery,65,1-3d,10,0.7313,14.63,4,100000,0,100000,54.63
PV06897,38,J96,Critical Care,98,1-3d,10,0.6528,13.06,8,75000,75000,0,70.26
PV06898,25,I74,Vascular Surgery,92,>3d,5,0.7723,15.45,10,150000,50000,100000,67.25
PV06899,40,K92,Gastroenterology,88,>3d,5,0.9477,18.95,8,75000,25000,50000,67.15
PV06900,71,T79,Trauma,92,6-24h,20,0.7539,15.08,4,300000,0,300000,75.88
PV06901,85,I60,Neurosurgery,98,2-6h,25,0.8666,17.33,2,300000,0,300000,83.53
PV06902,82,C50,Oncology,65,<2h,30,0.8773,17.55,2,500000,50000,450000,75.55
PV06903,58,T79,Trauma,92,1-3d,10,0.8444,16.89,6,1000000,25000,975000,69.69
PV06904,24,N17,Nephrology,82,>3d,5,0.6922,13.84,10,50000,50000,0,61.64
PV06905,83,C34,Oncology,74,6-24h,20,0.8543,17.09,2,50000,50000,0,68.69
PV06906,28,I21,Cardiology,95,2-6h,25,0.7778,15.56,10,200000,0,200000,88.56
PV06907,36,I21,Cardiology,95,6-24h,20,0.99,19.8,8,50000,50000,0,85.8
PV06908,84,I60,Neurosurgery,98,>3d,5,0.9337,18.67,2,750000,25000,725000,64.87
PV06909,52,K35,General Surgery,70,6-24h,20,0.7814,15.63,6,750000,75000,675000,69.63
PV06910,31,C22,Oncology,73,1-3d,10,0.99,19.8,8,200000,150000,50000,67.0
PV06911,52,C34,Oncology,74,6-24h,20,0.8544,17.09,6,1000000,100000,900000,72.69
PV06912,23,S32,Orthopedics,82,6-24h,20,0.6528,13.06,10,300000,50000,250000,75.86
PV06913,39,I71,Cardiovascular Surgery,99,6-24h,20,0.8122,16.24,8,300000,0,300000,83.84
PV06914,82,K92,Gastroenterology,88,1-3d,10,0.9835,19.67,2,500000,10000,490000,66.87
PV06915,38,K56,General Surgery,85,1-3d,10,0.738,14.76,8,300000,75000,225000,66.76
PV06916,78,N39,Urology,50,6-24h,20,0.8132,16.26,2,500000,200000,300000,58.26
PV06917,54,I21,Cardiology,95,6-24h,20,0.684,13.68,6,100000,0,100000,77.68
PV06918,62,I21,Cardiology,95,2-6h,25,0.6999,14.0,4,300000,10000,290000,81.0
PV06919,65,I61,Neurosurgery,98,<2h,30,0.7366,14.73,4,750000,25000,725000,87.93
PV06920,55,S32,Orthopedics,82,2-6h,25,0.6973,13.95,6,1000000,150000,850000,77.75
PV06921,20,J96,Critical Care,98,2-6h,25,0.7582,15.16,10,75000,75000,0,89.36
PV06922,80,S72,Orthopedics,76,1-3d,10,0.99,19.8,2,50000,10000,40000,62.2
PV06923,50,O72,Obstetrics,95,1-3d,10,0.8164,16.33,6,300000,75000,225000,70.33
PV06924,62,S32,Orthopedics,82,1-3d,10,0.8986,17.97,4,50000,50000,0,64.77
PV06925,55,K85,General Surgery,82,1-3d,10,0.9292,18.58,6,400000,200000,200000,67.38
PV06926,62,I21,Cardiology,95,>3d,5,0.7092,14.18,4,200000,150000,50000,61.18
PV06927,42,S36,Trauma,90,>3d,5,0.7368,14.74,8,750000,150000,600000,63.74
PV06928,75,I71,Cardiovascular Surgery,99,6-24h,20,0.8966,17.93,2,75000,25000,50000,79.53
PV06929,33,N20,Urology,55,2-6h,25,0.7566,15.13,8,50000,25000,25000,70.13
PV06930,62,K80,General Surgery,65,2-6h,25,0.89,17.8,4,100000,100000,0,72.8
PV06931,57,I61,Neurosurgery,98,>3d,5,0.9877,19.75,6,50000,50000,0,69.95
PV06932,52,S32,Orthopedics,82,2-6h,25,0.6745,13.49,6,75000,0,75000,77.29
PV06933,19,I61,Neurosurgery,98,6-24h,20,0.7843,15.69,10,500000,0,500000,84.89
PV06934,44,C18,Oncology,72,1-3d,10,0.8002,16.0,8,400000,150000,250000,62.8
PV06935,21,S36,Trauma,90,1-3d,10,0.7674,15.35,10,400000,10000,390000,71.35
PV06936,52,I74,Vascular Surgery,92,1-3d,10,0.7592,15.18,6,200000,100000,100000,67.98
PV06937,64,O72,Obstetrics,95,1-3d,10,0.7708,15.42,4,100000,25000,75000,67.42
PV06938,53,I74,Vascular Surgery,92,1-3d,10,0.8185,16.37,6,750000,10000,740000,69.17
PV06939,69,S32,Orthopedics,82,>3d,5,0.8365,16.73,4,750000,0,750000,58.53
PV06940,42,C22,Oncology,73,2-6h,25,0.9153,18.31,8,100000,75000,25000,80.51
PV06941,38,T79,Trauma,92,>3d,5,0.8175,16.35,8,750000,150000,600000,66.15
PV06942,48,S72,Orthopedics,76,1-3d,10,0.9318,18.64,6,400000,0,400000,65.04
PV06943,33,O00,Obstetrics,96,6-24h,20,0.7608,15.22,8,150000,100000,50000,81.62
PV06944,72,S72,Orthopedics,76,>3d,5,0.6999,14.0,4,100000,75000,25000,53.4
PV06945,73,S32,Orthopedics,82,>3d,5,0.7895,15.79,4,300000,150000,150000,57.59
PV06946,46,N17,Nephrology,82,1-3d,10,0.8662,17.32,6,50000,50000,0,66.12
PV06947,71,O72,Obstetrics,95,>3d,5,0.906,18.12,4,150000,10000,140000,65.12
PV06948,19,S27,Trauma,88,6-24h,20,0.966,19.32,10,400000,50000,350000,84.52
PV06949,28,S36,Trauma,90,6-24h,20,0.849,16.98,10,200000,200000,0,82.98
PV06950,37,N17,Nephrology,82,2-6h,25,0.8953,17.91,8,75000,75000,0,83.71
PV06951,44,C50,Oncology,65,>3d,5,0.9569,19.14,8,75000,25000,50000,58.14
PV06952,33,S27,Trauma,88,1-3d,10,0.7421,14.84,8,400000,200000,200000,68.04
PV06953,52,T79,Trauma,92,>3d,5,0.799,15.98,6,750000,0,750000,63.78
PV06954,71,T79,Trauma,92,1-3d,10,0.99,19.8,4,400000,75000,325000,70.6
PV06955,49,S27,Trauma,88,1-3d,10,0.9056,18.11,6,75000,75000,0,69.31
PV06956,48,N39,Urology,50,2-6h,25,0.8711,17.42,6,400000,100000,300000,68.42
PV06957,22,K56,General Surgery,85,2-6h,25,0.9094,18.19,10,100000,10000,90000,87.19
PV06958,37,N39,Urology,50,6-24h,20,0.6864,13.73,8,300000,10000,290000,61.73
PV06959,72,I71,Cardiovascular Surgery,99,1-3d,10,0.7553,15.11,4,300000,100000,200000,68.71
PV06960,73,N17,Nephrology,82,2-6h,25,0.7188,14.38,4,750000,200000,550000,76.18
PV06961,25,I71,Cardiovascular Surgery,99,>3d,5,0.8619,17.24,10,750000,150000,600000,71.84
PV06962,19,S72,Orthopedics,76,1-3d,10,0.7831,15.66,10,50000,50000,0,66.06
PV06963,74,K85,General Surgery,82,6-24h,20,0.8295,16.59,4,50000,50000,0,73.39
PV06964,29,N20,Urology,55,>3d,5,0.7889,15.78,10,1000000,200000,800000,52.78
PV06965,57,I61,Neurosurgery,98,1-3d,10,0.6574,13.15,6,150000,150000,0,68.35
PV06966,74,G93,Neurology,80,1-3d,10,0.9085,18.17,4,50000,50000,0,64.17
PV06967,71,N39,Urology,50,6-24h,20,0.6438,12.88,4,75000,75000,0,56.88
PV06968,55,N17,Nephrology,82,6-24h,20,0.7472,14.94,6,200000,25000,175000,73.74
PV06969,43,N17,Nephrology,82,<2h,30,0.6885,13.77,8,750000,75000,675000,84.57
PV06970,70,C50,Oncology,65,1-3d,10,0.732,14.64,4,1000000,10000,990000,54.64
PV06971,65,K56,General Surgery,85,1-3d,10,0.8402,16.8,4,400000,75000,325000,64.8
PV06972,74,K80,General Surgery,65,>3d,5,0.9435,18.87,4,100000,75000,25000,53.87
PV06973,52,A41,Critical Care,98,>3d,5,0.6639,13.28,6,500000,0,500000,63.48
PV06974,82,C50,Oncology,65,2-6h,25,0.7643,15.29,2,750000,0,750000,68.29
PV06975,70,I74,Vascular Surgery,92,>3d,5,0.6451,12.9,4,200000,200000,0,58.7
PV06976,22,K80,General Surgery,65,2-6h,25,0.7595,15.19,10,300000,75000,225000,76.19
PV06977,37,S32,Orthopedics,82,<2h,30,0.8272,16.54,8,200000,0,200000,87.34
PV06978,72,A41,Critical Care,98,1-3d,10,0.8967,17.93,4,750000,25000,725000,71.13
PV06979,25,C18,Oncology,72,>3d,5,0.6081,12.16,10,400000,200000,200000,55.96
PV06980,66,O72,Obstetrics,95,>3d,5,0.8751,17.5,4,50000,50000,0,64.5
PV06981,41,I71,Cardiovascular Surgery,99,1-3d,10,0.7227,14.45,8,750000,150000,600000,72.05
PV06982,32,J18,Pulmonology,78,2-6h,25,0.6984,13.97,8,300000,100000,200000,78.17
PV06983,54,C22,Oncology,73,2-6h,25,0.8267,16.53,6,200000,100000,100000,76.73
PV06984,81,I21,Cardiology,95,<2h,30,0.8827,17.65,2,75000,10000,65000,87.65
PV06985,79,K92,Gastroenterology,88,1-3d,10,0.81,16.2,2,400000,150000,250000,63.4
PV06986,45,G93,Neurology,80,6-24h,20,0.7107,14.21,6,50000,50000,0,72.21
PV06987,18,O00,Obstetrics,96,2-6h,25,0.8099,16.2,10,75000,10000,65000,89.6
PV06988,78,C18,Oncology,72,6-24h,20,0.7475,14.95,2,400000,25000,375000,65.75
PV06989,79,S36,Trauma,90,1-3d,10,0.8804,17.61,2,100000,100000,0,65.61
PV06990,59,S06,Neurosurgery,95,1-3d,10,0.9275,18.55,6,500000,10000,490000,72.55
PV06991,60,J18,Pulmonology,78,6-24h,20,0.9211,18.42,4,100000,100000,0,73.62
PV06992,53,T79,Trauma,92,6-24h,20,0.818,16.36,6,500000,50000,450000,79.16
PV06993,18,A41,Critical Care,98,1-3d,10,0.9323,18.65,10,400000,25000,375000,77.85
PV06994,28,N20,Urology,55,1-3d,10,0.7179,14.36,10,500000,10000,490000,56.36
PV06995,27,K80,General Surgery,65,6-24h,20,0.99,19.8,10,500000,100000,400000,75.8
PV06996,80,K80,General Surgery,65,<2h,30,0.7173,14.35,2,500000,25000,475000,72.35
PV06997,21,K85,General Surgery,82,>3d,5,0.617,12.34,10,150000,75000,75000,60.14
PV06998,55,S36,Trauma,90,1-3d,10,0.9565,19.13,6,200000,25000,175000,71.13
PV06999,42,S27,Trauma,88,2-6h,25,0.749,14.98,8,50000,10000,40000,83.18
PV07000,18,G93,Neurology,80,1-3d,10,0.8317,16.63,10,150000,0,150000,68.63
PV07001,80,N39,Urology,50,1-3d,10,0.7169,14.34,2,200000,200000,0,46.34
PV07002,19,S27,Trauma,88,2-6h,25,0.99,19.8,10,500000,25000,475000,90.0
PV07003,76,C22,Oncology,73,2-6h,25,0.99,19.8,2,1000000,75000,925000,76.0
PV07004,70,J18,Pulmonology,78,>3d,5,0.9747,19.49,4,400000,50000,350000,59.69
PV07005,71,S36,Trauma,90,6-24h,20,0.8288,16.58,4,75000,25000,50000,76.58
PV07006,29,I21,Cardiology,95,2-6h,25,0.9181,18.36,10,100000,100000,0,91.36
PV07007,77,C18,Oncology,72,1-3d,10,0.8147,16.29,2,300000,200000,100000,57.09
PV07008,58,C34,Oncology,74,6-24h,20,0.9322,18.64,6,200000,10000,190000,74.24
PV07009,45,C22,Oncology,73,1-3d,10,0.7789,15.58,6,1000000,0,1000000,60.78
PV07010,64,N20,Urology,55,6-24h,20,0.9785,19.57,4,75000,25000,50000,65.57
PV07011,41,I21,Cardiology,95,<2h,30,0.7739,15.48,8,300000,0,300000,91.48
PV07012,36,J18,Pulmonology,78,2-6h,25,0.7853,15.71,8,500000,0,500000,79.91
PV07013,37,K80,General Surgery,65,>3d,5,0.7733,15.47,8,200000,150000,50000,54.47
PV07014,56,O72,Obstetrics,95,1-3d,10,0.8392,16.78,6,100000,0,100000,70.78
PV07015,58,S27,Trauma,88,1-3d,10,0.7812,15.62,6,75000,0,75000,66.82
PV07016,34,T79,Trauma,92,<2h,30,0.8687,17.37,8,400000,25000,375000,92.17
PV07017,34,C18,Oncology,72,1-3d,10,0.7719,15.44,8,400000,75000,325000,62.24
PV07018,82,C50,Oncology,65,6-24h,20,0.8991,17.98,2,500000,50000,450000,65.98
PV07019,53,S72,Orthopedics,76,1-3d,10,0.9718,19.44,6,750000,100000,650000,65.84
PV07020,76,I71,Cardiovascular Surgery,99,6-24h,20,0.8278,16.56,2,1000000,100000,900000,78.16
PV07021,40,O00,Obstetrics,96,1-3d,10,0.99,19.8,8,75000,0,75000,76.2
PV07022,37,K92,Gastroenterology,88,<2h,30,0.9328,18.66,8,200000,150000,50000,91.86
PV07023,37,C18,Oncology,72,<2h,30,0.99,19.8,8,150000,0,150000,86.6
PV07024,53,N20,Urology,55,1-3d,10,0.8139,16.28,6,750000,200000,550000,54.28
PV07025,70,S06,Neurosurgery,95,2-6h,25,0.6539,13.08,4,75000,25000,50000,80.08
PV07026,52,C22,Oncology,73,<2h,30,0.7494,14.99,6,400000,200000,200000,80.19
PV07027,38,J96,Critical Care,98,>3d,5,0.7596,15.19,8,150000,150000,0,67.39
PV07028,83,C22,Oncology,73,6-24h,20,0.7247,14.49,2,50000,0,50000,65.69
PV07029,56,S72,Orthopedics,76,1-3d,10,0.6004,12.01,6,300000,50000,250000,58.41
PV07030,44,N39,Urology,50,1-3d,10,0.9225,18.45,8,150000,0,150000,56.45
PV07031,18,I20,Cardiology,80,1-3d,10,0.634,12.68,10,400000,200000,200000,64.68
PV07032,56,K80,General Surgery,65,<2h,30,0.9129,18.26,6,150000,50000,100000,80.26
PV07033,60,N39,Urology,50,1-3d,10,0.99,19.8,4,75000,75000,0,53.8
PV07034,81,C18,Oncology,72,1-3d,10,0.7422,14.84,2,75000,75000,0,55.64
PV07035,33,G93,Neurology,80,6-24h,20,0.8588,17.18,8,75000,75000,0,77.18
PV07036,29,K56,General Surgery,85,1-3d,10,0.7801,15.6,10,200000,75000,125000,69.6
PV07037,85,I61,Neurosurgery,98,>3d,5,0.9027,18.05,2,100000,0,100000,64.25
PV07038,55,N17,Nephrology,82,2-6h,25,0.7006,14.01,6,75000,50000,25000,77.81
PV07039,19,T79,Trauma,92,2-6h,25,0.8068,16.14,10,150000,100000,50000,87.94
PV07040,25,K80,General Surgery,65,1-3d,10,0.9321,18.64,10,750000,200000,550000,64.64
PV07041,50,O00,Obstetrics,96,6-24h,20,0.8151,16.3,6,750000,150000,600000,80.7
PV07042,59,O00,Obstetrics,96,1-3d,10,0.6571,13.14,6,150000,75000,75000,67.54
PV07043,34,C18,Oncology,72,2-6h,25,0.9442,18.88,8,300000,150000,150000,80.68
PV07044,42,I20,Cardiology,80,<2h,30,0.6904,13.81,8,75000,75000,0,83.81
PV07045,68,G93,Neurology,80,1-3d,10,0.8279,16.56,4,200000,200000,0,62.56
PV07046,83,S06,Neurosurgery,95,>3d,5,0.8783,17.57,2,400000,200000,200000,62.57
PV07047,51,J18,Pulmonology,78,2-6h,25,0.832,16.64,6,50000,25000,25000,78.84
PV07048,46,S36,Trauma,90,>3d,5,0.99,19.8,6,750000,50000,700000,66.8
PV07049,42,S32,Orthopedics,82,6-24h,20,0.8934,17.87,8,1000000,0,1000000,78.67
PV07050,27,O00,Obstetrics,96,<2h,30,0.7998,16.0,10,1000000,10000,990000,94.4
PV07051,21,C22,Oncology,73,6-24h,20,0.8803,17.61,10,100000,100000,0,76.81
PV07052,74,S27,Trauma,88,6-24h,20,0.841,16.82,4,750000,25000,725000,76.02
PV07053,20,C50,Oncology,65,1-3d,10,0.8244,16.49,10,75000,50000,25000,62.49
PV07054,73,S06,Neurosurgery,95,6-24h,20,0.8444,16.89,4,750000,25000,725000,78.89
PV07055,34,N39,Urology,50,6-24h,20,0.7766,15.53,8,75000,75000,0,63.53
PV07056,65,K35,General Surgery,70,2-6h,25,0.8413,16.83,4,150000,150000,0,73.83
PV07057,82,S36,Trauma,90,1-3d,10,0.7695,15.39,2,1000000,100000,900000,63.39
PV07058,68,G93,Neurology,80,>3d,5,0.6304,12.61,4,300000,200000,100000,53.61
PV07059,67,C22,Oncology,73,6-24h,20,0.934,18.68,4,100000,75000,25000,71.88
PV07060,36,O72,Obstetrics,95,6-24h,20,0.7635,15.27,8,150000,10000,140000,81.27
PV07061,58,O72,Obstetrics,95,>3d,5,0.8341,16.68,6,150000,100000,50000,65.68
PV07062,61,I60,Neurosurgery,98,2-6h,25,0.744,14.88,4,1000000,0,1000000,83.08
PV07063,46,C22,Oncology,73,1-3d,10,0.747,14.94,6,200000,50000,150000,60.14
PV07064,20,I21,Cardiology,95,1-3d,10,0.7161,14.32,10,50000,50000,0,72.32
PV07065,80,I21,Cardiology,95,>3d,5,0.9148,18.3,2,75000,10000,65000,63.3
PV07066,31,O72,Obstetrics,95,6-24h,20,0.939,18.78,8,300000,75000,225000,84.78
PV07067,84,I21,Cardiology,95,6-24h,20,0.8226,16.45,2,50000,50000,0,76.45
PV07068,81,K35,General Surgery,70,6-24h,20,0.7663,15.33,2,100000,100000,0,65.33
PV07069,19,C18,Oncology,72,<2h,30,0.6507,13.01,10,400000,75000,325000,81.81
PV07070,68,N20,Urology,55,2-6h,25,0.8995,17.99,4,750000,25000,725000,68.99
PV07071,61,I71,Cardiovascular Surgery,99,>3d,5,0.7523,15.05,4,50000,10000,40000,63.65
PV07072,33,S32,Orthopedics,82,6-24h,20,0.7083,14.17,8,150000,10000,140000,74.97
PV07073,73,C18,Oncology,72,<2h,30,0.8229,16.46,4,150000,100000,50000,79.26
PV07074,25,A41,Critical Care,98,6-24h,20,0.7866,15.73,10,750000,25000,725000,84.93
PV07075,34,N20,Urology,55,6-24h,20,0.6682,13.36,8,500000,100000,400000,63.36
PV07076,82,J18,Pulmonology,78,1-3d,10,0.6819,13.64,2,1000000,0,1000000,56.84
PV07077,68,T79,Trauma,92,<2h,30,0.8537,17.07,4,400000,25000,375000,87.87
PV07078,25,K35,General Surgery,70,1-3d,10,0.7544,15.09,10,75000,50000,25000,63.09
PV07079,27,A41,Critical Care,98,1-3d,10,0.871,17.42,10,1000000,150000,850000,76.62
PV07080,35,I74,Vascular Surgery,92,2-6h,25,0.8347,16.69,8,500000,0,500000,86.49
PV07081,22,K85,General Surgery,82,1-3d,10,0.9248,18.5,10,400000,50000,350000,71.3
PV07082,30,I20,Cardiology,80,6-24h,20,0.7368,14.74,8,150000,50000,100000,74.74
PV07083,56,N20,Urology,55,6-24h,20,0.8433,16.87,6,500000,25000,475000,64.87
PV07084,18,N17,Nephrology,82,>3d,5,0.8838,17.68,10,200000,150000,50000,65.48
PV07085,37,N17,Nephrology,82,>3d,5,0.7574,15.15,8,150000,150000,0,60.95
PV07086,39,I20,Cardiology,80,6-24h,20,0.9327,18.65,8,100000,0,100000,78.65
PV07087,84,S72,Orthopedics,76,6-24h,20,0.6534,13.07,2,400000,200000,200000,65.47
PV07088,84,A41,Critical Care,98,6-24h,20,0.7367,14.73,2,400000,200000,200000,75.93
PV07089,75,K35,General Surgery,70,6-24h,20,0.6496,12.99,2,100000,100000,0,62.99
PV07090,41,I74,Vascular Surgery,92,1-3d,10,0.7464,14.93,8,150000,0,150000,69.73
PV07091,53,C34,Oncology,74,2-6h,25,0.8045,16.09,6,100000,50000,50000,76.69
PV07092,52,O72,Obstetrics,95,>3d,5,0.9032,18.06,6,500000,100000,400000,67.06
PV07093,76,S27,Trauma,88,1-3d,10,0.8045,16.09,2,150000,10000,140000,63.29
PV07094,68,O72,Obstetrics,95,2-6h,25,0.7605,15.21,4,500000,10000,490000,82.21
PV07095,79,C22,Oncology,73,>3d,5,0.6651,13.3,2,100000,75000,25000,49.5
PV07096,55,C22,Oncology,73,1-3d,10,0.6986,13.97,6,150000,150000,0,59.17
PV07097,80,K35,General Surgery,70,6-24h,20,0.851,17.02,2,50000,10000,40000,67.02
PV07098,68,S06,Neurosurgery,95,1-3d,10,0.9081,18.16,4,50000,0,50000,70.16
PV07099,68,J96,Critical Care,98,>3d,5,0.7781,15.56,4,50000,50000,0,63.76
PV07100,62,G93,Neurology,80,>3d,5,0.9411,18.82,4,50000,50000,0,59.82
PV07101,40,S72,Orthopedics,76,6-24h,20,0.725,14.5,8,1000000,0,1000000,72.9
PV07102,59,G93,Neurology,80,1-3d,10,0.7809,15.62,6,100000,100000,0,63.62
PV07103,42,C34,Oncology,74,>3d,5,0.7894,15.79,8,300000,25000,275000,58.39
PV07104,62,N17,Nephrology,82,>3d,5,0.9729,19.46,4,1000000,0,1000000,61.26
PV07105,35,I71,Cardiovascular Surgery,99,<2h,30,0.8334,16.67,8,200000,100000,100000,94.27
PV07106,72,K85,General Surgery,82,6-24h,20,0.6402,12.8,4,150000,150000,0,69.6
PV07107,56,K35,General Surgery,70,>3d,5,0.9152,18.3,6,500000,10000,490000,57.3
PV07108,66,O00,Obstetrics,96,<2h,30,0.99,19.8,4,500000,100000,400000,92.2
PV07109,33,I71,Cardiovascular Surgery,99,6-24h,20,0.795,15.9,8,75000,50000,25000,83.5
PV07110,71,I71,Cardiovascular Surgery,99,1-3d,10,0.7303,14.61,4,1000000,25000,975000,68.21
PV07111,72,I60,Neurosurgery,98,1-3d,10,0.9064,18.13,4,75000,75000,0,71.33
PV07112,27,S32,Orthopedics,82,1-3d,10,0.99,19.8,10,150000,0,150000,72.6
PV07113,41,K92,Gastroenterology,88,<2h,30,0.9049,18.1,8,1000000,10000,990000,91.3
PV07114,64,O72,Obstetrics,95,1-3d,10,0.6577,13.15,4,300000,150000,150000,65.15
PV07115,77,N17,Nephrology,82,6-24h,20,0.8955,17.91,2,300000,200000,100000,72.71
PV07116,68,N39,Urology,50,1-3d,10,0.8604,17.21,4,750000,200000,550000,51.21
PV07117,50,O00,Obstetrics,96,6-24h,20,0.7245,14.49,6,200000,150000,50000,78.89
PV07118,38,C18,Oncology,72,<2h,30,0.9489,18.98,8,400000,10000,390000,85.78
PV07119,79,S27,Trauma,88,>3d,5,0.8638,17.28,2,300000,25000,275000,59.48
PV07120,77,O00,Obstetrics,96,1-3d,10,0.9515,19.03,2,75000,75000,0,69.43
PV07121,78,O00,Obstetrics,96,6-24h,20,0.7139,14.28,2,150000,100000,50000,74.68
PV07122,38,N20,Urology,55,6-24h,20,0.8599,17.2,8,500000,150000,350000,67.2
PV07123,47,C18,Oncology,72,1-3d,10,0.7305,14.61,6,150000,50000,100000,59.41
PV07124,34,O00,Obstetrics,96,>3d,5,0.8448,16.9,8,1000000,75000,925000,68.3
PV07125,82,I61,Neurosurgery,98,6-24h,20,0.9677,19.35,2,1000000,100000,900000,80.55
PV07126,76,N39,Urology,50,>3d,5,0.6774,13.55,2,500000,150000,350000,40.55
PV07127,29,I20,Cardiology,80,6-24h,20,0.6831,13.66,10,50000,50000,0,75.66
PV07128,34,K56,General Surgery,85,1-3d,10,0.9155,18.31,8,500000,0,500000,70.31
PV07129,55,I71,Cardiovascular Surgery,99,6-24h,20,0.8186,16.37,6,1000000,10000,990000,81.97
PV07130,46,C22,Oncology,73,2-6h,25,0.9371,18.74,6,500000,50000,450000,78.94
PV07131,49,I74,Vascular Surgery,92,>3d,5,0.7393,14.79,6,400000,100000,300000,62.59
PV07132,43,T79,Trauma,92,2-6h,25,0.8251,16.5,8,400000,200000,200000,86.3
PV07133,63,S32,Orthopedics,82,>3d,5,0.8888,17.78,4,200000,25000,175000,59.58
PV07134,79,G93,Neurology,80,2-6h,25,0.841,16.82,2,100000,100000,0,75.82
PV07135,80,I21,Cardiology,95,6-24h,20,0.6411,12.82,2,200000,100000,100000,72.82
PV07136,48,O72,Obstetrics,95,>3d,5,0.99,19.8,6,1000000,25000,975000,68.8
PV07137,74,N17,Nephrology,82,1-3d,10,0.8412,16.82,4,50000,10000,40000,63.62
PV07138,65,G93,Neurology,80,2-6h,25,0.686,13.72,4,75000,75000,0,74.72
PV07139,31,A41,Critical Care,98,1-3d,10,0.8514,17.03,8,750000,25000,725000,74.23
PV07140,71,I74,Vascular Surgery,92,2-6h,25,0.8629,17.26,4,750000,10000,740000,83.06
PV07141,41,K56,General Surgery,85,>3d,5,0.9194,18.39,8,300000,10000,290000,65.39
PV07142,60,K80,General Surgery,65,<2h,30,0.9127,18.25,4,150000,10000,140000,78.25
PV07143,67,C22,Oncology,73,1-3d,10,0.7986,15.97,4,75000,0,75000,59.17
PV07144,82,K35,General Surgery,70,<2h,30,0.6478,12.96,2,400000,10000,390000,72.96
PV07145,82,A41,Critical Care,98,1-3d,10,0.8661,17.32,2,300000,200000,100000,68.52
PV07146,72,I74,Vascular Surgery,92,>3d,5,0.6558,13.12,4,750000,10000,740000,58.92
PV07147,52,I20,Cardiology,80,1-3d,10,0.9415,18.83,6,150000,50000,100000,66.83
PV07148,45,S72,Orthopedics,76,6-24h,20,0.7467,14.93,6,500000,50000,450000,71.33
PV07149,48,I71,Cardiovascular Surgery,99,6-24h,20,0.8835,17.67,6,1000000,100000,900000,83.27
PV07150,82,I74,Vascular Surgery,92,2-6h,25,0.7544,15.09,2,75000,25000,50000,78.89
PV07151,31,J18,Pulmonology,78,>3d,5,0.7708,15.42,8,500000,150000,350000,59.62
PV07152,53,S36,Trauma,90,2-6h,25,0.7399,14.8,6,400000,150000,250000,81.8
PV07153,64,K35,General Surgery,70,1-3d,10,0.8916,17.83,4,200000,75000,125000,59.83
PV07154,19,T79,Trauma,92,6-24h,20,0.7579,15.16,10,100000,100000,0,81.96
PV07155,61,S27,Trauma,88,>3d,5,0.8969,17.94,4,75000,25000,50000,62.14
PV07156,35,J96,Critical Care,98,6-24h,20,0.7605,15.21,8,75000,50000,25000,82.41
PV07157,37,N20,Urology,55,1-3d,10,0.7969,15.94,8,100000,75000,25000,55.94
PV07158,60,K80,General Surgery,65,>3d,5,0.8236,16.47,4,300000,10000,290000,51.47
PV07159,18,K35,General Surgery,70,>3d,5,0.8354,16.71,10,300000,0,300000,59.71
PV07160,28,I61,Neurosurgery,98,1-3d,10,0.7276,14.55,10,1000000,200000,800000,73.75
PV07161,48,I60,Neurosurgery,98,1-3d,10,0.8904,17.81,6,500000,0,500000,73.01
PV07162,57,K80,General Surgery,65,1-3d,10,0.7929,15.86,6,1000000,0,1000000,57.86
PV07163,25,C18,Oncology,72,6-24h,20,0.8744,17.49,10,500000,0,500000,76.29
PV07164,42,S32,Orthopedics,82,<2h,30,0.8184,16.37,8,300000,75000,225000,87.17
PV07165,38,C18,Oncology,72,1-3d,10,0.8786,17.57,8,750000,25000,725000,64.37
PV07166,54,S27,Trauma,88,1-3d,10,0.7789,15.58,6,500000,10000,490000,66.78
PV07167,38,J18,Pulmonology,78,2-6h,25,0.741,14.82,8,750000,150000,600000,79.02
PV07168,18,N20,Urology,55,6-24h,20,0.8627,17.25,10,100000,100000,0,69.25
PV07169,54,S36,Trauma,90,1-3d,10,0.7706,15.41,6,500000,200000,300000,67.41
PV07170,75,N39,Urology,50,2-6h,25,0.9659,19.32,2,100000,25000,75000,66.32
PV07171,57,I20,Cardiology,80,1-3d,10,0.8268,16.54,6,150000,0,150000,64.54
PV07172,42,T79,Trauma,92,1-3d,10,0.6826,13.65,8,500000,200000,300000,68.45
PV07173,50,C22,Oncology,73,6-24h,20,0.7615,15.23,6,300000,75000,225000,70.43
PV07174,27,S36,Trauma,90,6-24h,20,0.7201,14.4,10,500000,200000,300000,80.4
PV07175,34,S06,Neurosurgery,95,6-24h,20,0.9273,18.55,8,500000,10000,490000,84.55
PV07176,47,O72,Obstetrics,95,6-24h,20,0.8974,17.95,6,500000,200000,300000,81.95
PV07177,58,K80,General Surgery,65,1-3d,10,0.8139,16.28,6,75000,25000,50000,58.28
PV07178,51,S32,Orthopedics,82,1-3d,10,0.849,16.98,6,75000,75000,0,65.78
PV07179,83,S36,Trauma,90,>3d,5,0.8112,16.22,2,100000,0,100000,59.22
PV07180,61,I71,Cardiovascular Surgery,99,<2h,30,0.906,18.12,4,150000,100000,50000,91.72
PV07181,19,S72,Orthopedics,76,1-3d,10,0.872,17.44,10,750000,50000,700000,67.84
PV07182,53,T79,Trauma,92,6-24h,20,0.89,17.8,6,50000,50000,0,80.6
PV07183,57,I60,Neurosurgery,98,1-3d,10,0.8008,16.02,6,300000,10000,290000,71.22
PV07184,20,I74,Vascular Surgery,92,<2h,30,0.7568,15.14,10,500000,10000,490000,91.94
PV07185,44,A41,Critical Care,98,1-3d,10,0.8865,17.73,8,150000,100000,50000,74.93
PV07186,77,T79,Trauma,92,1-3d,10,0.9751,19.5,2,150000,150000,0,68.3
PV07187,42,O72,Obstetrics,95,6-24h,20,0.9306,18.61,8,100000,100000,0,84.61
PV07188,49,I61,Neurosurgery,98,>3d,5,0.9782,19.56,6,200000,0,200000,69.76
PV07189,33,J96,Critical Care,98,2-6h,25,0.8362,16.72,8,400000,0,400000,88.92
PV07190,23,I60,Neurosurgery,98,2-6h,25,0.723,14.46,10,300000,25000,275000,88.66
PV07191,39,O72,Obstetrics,95,1-3d,10,0.7319,14.64,8,750000,0,750000,70.64
PV07192,70,C22,Oncology,73,6-24h,20,0.958,19.16,4,50000,50000,0,72.36
PV07193,84,J18,Pulmonology,78,6-24h,20,0.6338,12.68,2,100000,50000,50000,65.88
PV07194,62,I20,Cardiology,80,6-24h,20,0.9705,19.41,4,150000,150000,0,75.41
PV07195,74,K80,General Surgery,65,2-6h,25,0.7412,14.82,4,150000,0,150000,69.82
PV07196,62,I20,Cardiology,80,>3d,5,0.99,19.8,4,500000,25000,475000,60.8
PV07197,62,I74,Vascular Surgery,92,1-3d,10,0.8129,16.26,4,75000,25000,50000,67.06
PV07198,47,K92,Gastroenterology,88,6-24h,20,0.8923,17.85,6,100000,75000,25000,79.05
PV07199,22,J96,Critical Care,98,6-24h,20,0.99,19.8,10,50000,25000,25000,89.0
PV07200,45,S72,Orthopedics,76,>3d,5,0.787,15.74,6,300000,100000,200000,57.14
PV07201,76,C50,Oncology,65,>3d,5,0.7853,15.71,2,1000000,150000,850000,48.71
PV07202,54,I71,Cardiovascular Surgery,99,<2h,30,0.7505,15.01,6,1000000,100000,900000,90.61
PV07203,69,J96,Critical Care,98,1-3d,10,0.7198,14.4,4,50000,50000,0,67.6
PV07204,21,S06,Neurosurgery,95,2-6h,25,0.787,15.74,10,75000,0,75000,88.74
PV07205,31,I21,Cardiology,95,2-6h,25,0.7645,15.29,8,300000,200000,100000,86.29
PV07206,38,O00,Obstetrics,96,>3d,5,0.695,13.9,8,100000,75000,25000,65.3
PV07207,42,C22,Oncology,73,>3d,5,0.799,15.98,8,100000,10000,90000,58.18
PV07208,85,A41,Critical Care,98,2-6h,25,0.865,17.3,2,400000,100000,300000,83.5
PV07209,49,S72,Orthopedics,76,>3d,5,0.7304,14.61,6,150000,50000,100000,56.01
PV07210,63,K92,Gastroenterology,88,1-3d,10,0.8038,16.08,4,300000,200000,100000,65.28
PV07211,61,S32,Orthopedics,82,1-3d,10,0.9607,19.21,4,50000,50000,0,66.01
PV07212,46,I21,Cardiology,95,1-3d,10,0.678,13.56,6,1000000,200000,800000,67.56
PV07213,83,O00,Obstetrics,96,6-24h,20,0.99,19.8,2,50000,50000,0,80.2
PV07214,33,K35,General Surgery,70,>3d,5,0.7526,15.05,8,50000,10000,40000,56.05
PV07215,20,J96,Critical Care,98,2-6h,25,0.8401,16.8,10,200000,25000,175000,91.0
PV07216,68,J96,Critical Care,98,6-24h,20,0.9479,18.96,4,750000,10000,740000,82.16
PV07217,62,C18,Oncology,72,6-24h,20,0.9784,19.57,4,400000,10000,390000,72.37
PV07218,35,K56,General Surgery,85,1-3d,10,0.867,17.34,8,200000,100000,100000,69.34
PV07219,77,J96,Critical Care,98,2-6h,25,0.7505,15.01,2,100000,100000,0,81.21
PV07220,29,A41,Critical Care,98,6-24h,20,0.7417,14.83,10,100000,50000,50000,84.03
PV07221,35,K85,General Surgery,82,1-3d,10,0.7625,15.25,8,400000,150000,250000,66.05
PV07222,28,C34,Oncology,74,6-24h,20,0.99,19.8,10,300000,100000,200000,79.4
PV07223,30,S36,Trauma,90,6-24h,20,0.7817,15.63,8,400000,25000,375000,79.63
PV07224,67,I74,Vascular Surgery,92,6-24h,20,0.8524,17.05,4,200000,150000,50000,77.85
PV07225,65,O00,Obstetrics,96,1-3d,10,0.7156,14.31,4,150000,50000,100000,66.71
PV07226,61,C18,Oncology,72,6-24h,20,0.7044,14.09,4,75000,0,75000,66.89
PV07227,76,I21,Cardiology,95,6-24h,20,0.8226,16.45,2,100000,100000,0,76.45
PV07228,22,I20,Cardiology,80,1-3d,10,0.7875,15.75,10,100000,100000,0,67.75
PV07229,60,N39,Urology,50,>3d,5,0.7948,15.9,4,200000,10000,190000,44.9
PV07230,25,C18,Oncology,72,1-3d,10,0.6721,13.44,10,100000,25000,75000,62.24
PV07231,82,J18,Pulmonology,78,2-6h,25,0.8127,16.25,2,500000,100000,400000,74.45
PV07232,61,C50,Oncology,65,>3d,5,0.9749,19.5,4,300000,200000,100000,54.5
PV07233,69,S72,Orthopedics,76,1-3d,10,0.7347,14.69,4,150000,25000,125000,59.09
PV07234,56,K85,General Surgery,82,1-3d,10,0.9097,18.19,6,50000,50000,0,66.99
PV07235,44,K85,General Surgery,82,6-24h,20,0.4736,9.47,8,75000,75000,0,70.27
PV07236,64,K35,General Surgery,70,<2h,30,0.7398,14.8,4,50000,50000,0,76.8
PV07237,74,G93,Neurology,80,1-3d,10,0.629,12.58,4,150000,0,150000,58.58
PV07238,30,I74,Vascular Surgery,92,6-24h,20,0.9436,18.87,8,150000,10000,140000,83.67
PV07239,77,I71,Cardiovascular Surgery,99,6-24h,20,0.9079,18.16,2,50000,50000,0,79.76
PV07240,67,K92,Gastroenterology,88,<2h,30,0.7166,14.33,4,500000,75000,425000,83.53
PV07241,23,O00,Obstetrics,96,6-24h,20,0.8489,16.98,10,300000,150000,150000,85.38
PV07242,81,C18,Oncology,72,1-3d,10,0.9402,18.8,2,1000000,0,1000000,59.6
PV07243,30,J96,Critical Care,98,2-6h,25,0.9557,19.11,8,750000,0,750000,91.31
PV07244,58,I71,Cardiovascular Surgery,99,1-3d,10,0.7794,15.59,6,50000,50000,0,71.19
PV07245,26,N20,Urology,55,1-3d,10,0.5991,11.98,10,400000,50000,350000,53.98
PV07246,31,S72,Orthopedics,76,6-24h,20,0.7301,14.6,8,1000000,200000,800000,73.0
PV07247,61,K35,General Surgery,70,2-6h,25,0.8966,17.93,4,750000,50000,700000,74.93
PV07248,64,G93,Neurology,80,2-6h,25,0.99,19.8,4,400000,150000,250000,80.8
PV07249,64,S27,Trauma,88,6-24h,20,0.8146,16.29,4,75000,75000,0,75.49
PV07250,41,C50,Oncology,65,1-3d,10,0.7593,15.19,8,1000000,100000,900000,59.19
PV07251,73,K85,General Surgery,82,1-3d,10,0.99,19.8,4,750000,100000,650000,66.6
PV07252,21,N17,Nephrology,82,>3d,5,0.8606,17.21,10,300000,0,300000,65.01
PV07253,76,S32,Orthopedics,82,>3d,5,0.6972,13.94,2,1000000,150000,850000,53.74
PV07254,38,I20,Cardiology,80,2-6h,25,0.8081,16.16,8,200000,200000,0,81.16
PV07255,60,A41,Critical Care,98,1-3d,10,0.92,18.4,4,300000,50000,250000,71.6
PV07256,79,C50,Oncology,65,6-24h,20,0.813,16.26,2,500000,25000,475000,64.26
PV07257,35,N39,Urology,50,6-24h,20,0.8994,17.99,8,500000,75000,425000,65.99
PV07258,45,C34,Oncology,74,6-24h,20,0.6595,13.19,6,300000,100000,200000,68.79
PV07259,74,K35,General Surgery,70,6-24h,20,0.6766,13.53,4,500000,50000,450000,65.53
PV07260,76,K56,General Surgery,85,1-3d,10,0.7465,14.93,2,750000,25000,725000,60.93
PV07261,33,A41,Critical Care,98,1-3d,10,0.7918,15.84,8,400000,200000,200000,73.04
PV07262,52,S06,Neurosurgery,95,6-24h,20,0.8534,17.07,6,750000,150000,600000,81.07
PV07263,40,K80,General Surgery,65,2-6h,25,0.8837,17.67,8,200000,75000,125000,76.67
PV07264,53,K92,Gastroenterology,88,1-3d,10,0.99,19.8,6,300000,50000,250000,71.0
PV07265,43,O00,Obstetrics,96,1-3d,10,0.7461,14.92,8,400000,25000,375000,71.32
PV07266,18,J18,Pulmonology,78,1-3d,10,0.7886,15.77,10,300000,50000,250000,66.97
PV07267,80,S32,Orthopedics,82,<2h,30,0.7489,14.98,2,75000,75000,0,79.78
PV07268,61,S27,Trauma,88,6-24h,20,0.9279,18.56,4,200000,0,200000,77.76
PV07269,49,O72,Obstetrics,95,1-3d,10,0.9334,18.67,6,75000,75000,0,72.67
PV07270,25,J18,Pulmonology,78,1-3d,10,0.7752,15.5,10,400000,75000,325000,66.7
PV07271,22,I74,Vascular Surgery,92,<2h,30,0.99,19.8,10,500000,10000,490000,96.6
PV07272,50,I60,Neurosurgery,98,6-24h,20,0.7491,14.98,6,400000,25000,375000,80.18
PV07273,62,J18,Pulmonology,78,6-24h,20,0.923,18.46,4,750000,25000,725000,73.66
PV07274,35,T79,Trauma,92,1-3d,10,0.9655,19.31,8,400000,200000,200000,74.11
PV07275,68,I61,Neurosurgery,98,2-6h,25,0.6838,13.68,4,150000,150000,0,81.88
PV07276,44,A41,Critical Care,98,1-3d,10,0.8778,17.56,8,50000,50000,0,74.76
PV07277,18,J96,Critical Care,98,>3d,5,0.5475,10.95,10,50000,50000,0,65.15
PV07278,54,T79,Trauma,92,6-24h,20,0.9024,18.05,6,1000000,200000,800000,80.85
PV07279,30,O00,Obstetrics,96,6-24h,20,0.7098,14.2,8,500000,100000,400000,80.6
PV07280,18,N17,Nephrology,82,<2h,30,0.8767,17.53,10,150000,50000,100000,90.33
PV07281,26,C34,Oncology,74,<2h,30,0.8955,17.91,10,1000000,25000,975000,87.51
PV07282,37,I71,Cardiovascular Surgery,99,>3d,5,0.932,18.64,8,100000,100000,0,71.24
PV07283,53,N20,Urology,55,>3d,5,0.909,18.18,6,500000,50000,450000,51.18
PV07284,85,I21,Cardiology,95,<2h,30,0.8256,16.51,2,100000,50000,50000,86.51
PV07285,32,S06,Neurosurgery,95,>3d,5,0.782,15.64,8,500000,200000,300000,66.64
PV07286,21,T79,Trauma,92,2-6h,25,0.8126,16.25,10,50000,50000,0,88.05
PV07287,31,C34,Oncology,74,1-3d,10,0.7084,14.17,8,400000,75000,325000,61.77
PV07288,39,K56,General Surgery,85,1-3d,10,0.7988,15.98,8,200000,25000,175000,67.98
PV07289,31,S72,Orthopedics,76,6-24h,20,0.7909,15.82,8,300000,50000,250000,74.22
PV07290,39,I60,Neurosurgery,98,1-3d,10,0.7412,14.82,8,50000,25000,25000,72.02
PV07291,83,C50,Oncology,65,1-3d,10,0.6459,12.92,2,150000,50000,100000,50.92
PV07292,43,K80,General Surgery,65,2-6h,25,0.6923,13.85,8,75000,25000,50000,72.85
PV07293,61,I71,Cardiovascular Surgery,99,>3d,5,0.505,10.1,4,400000,50000,350000,58.7
PV07294,64,K85,General Surgery,82,2-6h,25,0.7892,15.78,4,50000,50000,0,77.58
PV07295,26,J96,Critical Care,98,<2h,30,0.856,17.12,10,1000000,100000,900000,96.32
PV07296,34,S36,Trauma,90,>3d,5,0.5517,11.03,8,75000,75000,0,60.03
PV07297,46,I71,Cardiovascular Surgery,99,6-24h,20,0.8437,16.87,6,300000,75000,225000,82.47
PV07298,49,J96,Critical Care,98,6-24h,20,0.8078,16.16,6,1000000,10000,990000,81.36
PV07299,18,S27,Trauma,88,6-24h,20,0.7023,14.05,10,200000,10000,190000,79.25
PV07300,61,G93,Neurology,80,<2h,30,0.7769,15.54,4,300000,100000,200000,81.54
PV07301,38,K80,General Surgery,65,6-24h,20,0.9251,18.5,8,1000000,200000,800000,72.5
PV07302,39,I71,Cardiovascular Surgery,99,6-24h,20,0.7226,14.45,8,50000,25000,25000,82.05
PV07303,59,K92,Gastroenterology,88,1-3d,10,0.8279,16.56,6,300000,0,300000,67.76
PV07304,82,A41,Critical Care,98,6-24h,20,0.8547,17.09,2,300000,0,300000,78.29
PV07305,76,N39,Urology,50,>3d,5,0.7378,14.76,2,500000,25000,475000,41.76
PV07306,84,I74,Vascular Surgery,92,>3d,5,0.9208,18.42,2,400000,200000,200000,62.22
PV07307,46,N17,Nephrology,82,6-24h,20,0.8604,17.21,6,200000,150000,50000,76.01
PV07308,26,A41,Critical Care,98,>3d,5,0.7948,15.9,10,300000,150000,150000,70.1
PV07309,32,K80,General Surgery,65,>3d,5,0.99,19.8,8,100000,25000,75000,58.8
PV07310,41,I74,Vascular Surgery,92,>3d,5,0.9213,18.43,8,150000,150000,0,68.23
PV07311,38,I20,Cardiology,80,1-3d,10,0.6514,13.03,8,1000000,50000,950000,63.03
PV07312,32,I61,Neurosurgery,98,2-6h,25,0.7811,15.62,8,400000,50000,350000,87.82
PV07313,28,O00,Obstetrics,96,2-6h,25,0.99,19.8,10,400000,200000,200000,93.2
PV07314,30,K35,General Surgery,70,>3d,5,0.7218,14.44,8,75000,75000,0,55.44
PV07315,62,I20,Cardiology,80,6-24h,20,0.8266,16.53,4,150000,25000,125000,72.53
PV07316,51,S27,Trauma,88,>3d,5,0.9431,18.86,6,100000,100000,0,65.06
PV07317,20,C50,Oncology,65,1-3d,10,0.8852,17.7,10,1000000,25000,975000,63.7
PV07318,56,I20,Cardiology,80,2-6h,25,0.8996,17.99,6,1000000,75000,925000,80.99
PV07319,75,N17,Nephrology,82,6-24h,20,0.8938,17.88,2,150000,10000,140000,72.68
PV07320,46,I60,Neurosurgery,98,>3d,5,0.8225,16.45,6,200000,0,200000,66.65
PV07321,39,A41,Critical Care,98,<2h,30,0.7408,14.82,8,400000,200000,200000,92.02
PV07322,36,A41,Critical Care,98,1-3d,10,0.8635,17.27,8,75000,0,75000,74.47
PV07323,43,N39,Urology,50,>3d,5,0.7797,15.59,8,300000,50000,250000,48.59
PV07324,36,N39,Urology,50,2-6h,25,0.7719,15.44,8,100000,10000,90000,68.44
PV07325,80,O72,Obstetrics,95,6-24h,20,0.9682,19.36,2,300000,0,300000,79.36
PV07326,85,I20,Cardiology,80,1-3d,10,0.7819,15.64,2,500000,100000,400000,59.64
PV07327,41,J96,Critical Care,98,1-3d,10,0.99,19.8,8,500000,25000,475000,77.0
PV07328,80,C50,Oncology,65,6-24h,20,0.8457,16.91,2,75000,75000,0,64.91
PV07329,76,S36,Trauma,90,<2h,30,0.8041,16.08,2,100000,75000,25000,84.08
PV07330,23,J96,Critical Care,98,2-6h,25,0.6382,12.76,10,150000,100000,50000,86.96
PV07331,51,J96,Critical Care,98,6-24h,20,0.99,19.8,6,500000,100000,400000,85.0
PV07332,62,S27,Trauma,88,6-24h,20,0.8194,16.39,4,150000,10000,140000,75.59
PV07333,46,K85,General Surgery,82,2-6h,25,0.5929,11.86,6,200000,50000,150000,75.66
PV07334,49,A41,Critical Care,98,1-3d,10,0.9188,18.38,6,100000,100000,0,73.58
PV07335,51,K85,General Surgery,82,<2h,30,0.815,16.3,6,150000,10000,140000,85.1
PV07336,64,S06,Neurosurgery,95,1-3d,10,0.7269,14.54,4,200000,0,200000,66.54
PV07337,37,C22,Oncology,73,>3d,5,0.9131,18.26,8,100000,50000,50000,60.46
PV07338,58,S36,Trauma,90,1-3d,10,0.5651,11.3,6,75000,75000,0,63.3
PV07339,34,S06,Neurosurgery,95,1-3d,10,0.7486,14.97,8,75000,25000,50000,70.97
PV07340,78,J18,Pulmonology,78,2-6h,25,0.7901,15.8,2,200000,50000,150000,74.0
PV07341,23,I20,Cardiology,80,1-3d,10,0.9052,18.1,10,75000,10000,65000,70.1
PV07342,22,K85,General Surgery,82,6-24h,20,0.99,19.8,10,50000,50000,0,82.6
PV07343,20,G93,Neurology,80,6-24h,20,0.7955,15.91,10,750000,25000,725000,77.91
PV07344,41,C18,Oncology,72,1-3d,10,0.866,17.32,8,1000000,10000,990000,64.12
PV07345,59,K80,General Surgery,65,<2h,30,0.99,19.8,6,300000,0,300000,81.8
PV07346,85,I71,Cardiovascular Surgery,99,6-24h,20,0.8205,16.41,2,400000,25000,375000,78.01
PV07347,48,I60,Neurosurgery,98,1-3d,10,0.8668,17.34,6,75000,10000,65000,72.54
PV07348,30,K85,General Surgery,82,6-24h,20,0.6963,13.93,8,50000,50000,0,74.73
PV07349,43,N39,Urology,50,2-6h,25,0.99,19.8,8,50000,50000,0,72.8
PV07350,26,S32,Orthopedics,82,<2h,30,0.7487,14.97,10,75000,50000,25000,87.77
PV07351,50,S32,Orthopedics,82,6-24h,20,0.8469,16.94,6,75000,25000,50000,75.74
PV07352,67,I20,Cardiology,80,1-3d,10,0.844,16.88,4,500000,0,500000,62.88
PV07353,20,S36,Trauma,90,1-3d,10,0.8285,16.57,10,500000,150000,350000,72.57
PV07354,70,I74,Vascular Surgery,92,2-6h,25,0.7766,15.53,4,500000,75000,425000,81.33
PV07355,33,N39,Urology,50,1-3d,10,0.8441,16.88,8,100000,10000,90000,54.88
PV07356,63,J18,Pulmonology,78,>3d,5,0.99,19.8,4,150000,0,150000,60.0
PV07357,73,I71,Cardiovascular Surgery,99,1-3d,10,0.99,19.8,4,150000,150000,0,73.4
PV07358,70,I71,Cardiovascular Surgery,99,1-3d,10,0.8025,16.05,4,75000,75000,0,69.65
PV07359,63,I20,Cardiology,80,1-3d,10,0.7751,15.5,4,200000,10000,190000,61.5
PV07360,65,I60,Neurosurgery,98,>3d,5,0.7391,14.78,4,300000,50000,250000,62.98
PV07361,30,I60,Neurosurgery,98,>3d,5,0.99,19.8,8,100000,75000,25000,72.0
PV07362,27,K80,General Surgery,65,<2h,30,0.8329,16.66,10,100000,50000,50000,82.66
PV07363,43,I21,Cardiology,95,2-6h,25,0.9315,18.63,8,200000,150000,50000,89.63
PV07364,59,K56,General Surgery,85,2-6h,25,0.8897,17.79,6,50000,50000,0,82.79
PV07365,60,C22,Oncology,73,1-3d,10,0.99,19.8,4,300000,25000,275000,63.0
PV07366,70,S27,Trauma,88,<2h,30,0.7952,15.9,4,150000,150000,0,85.1
PV07367,38,N20,Urology,55,>3d,5,0.7093,14.19,8,500000,150000,350000,49.19
PV07368,76,O72,Obstetrics,95,<2h,30,0.99,19.8,2,500000,0,500000,89.8
PV07369,48,I61,Neurosurgery,98,1-3d,10,0.9103,18.21,6,150000,150000,0,73.41
PV07370,34,K56,General Surgery,85,6-24h,20,0.8656,17.31,8,150000,100000,50000,79.31
PV07371,68,K80,General Surgery,65,6-24h,20,0.9735,19.47,4,300000,200000,100000,69.47
PV07372,26,I61,Neurosurgery,98,6-24h,20,0.8713,17.43,10,50000,50000,0,86.63
PV07373,45,J18,Pulmonology,78,1-3d,10,0.977,19.54,6,75000,0,75000,66.74
PV07374,71,K85,General Surgery,82,6-24h,20,0.8447,16.89,4,75000,50000,25000,73.69
PV07375,70,S36,Trauma,90,6-24h,20,0.9102,18.2,4,100000,0,100000,78.2
PV07376,35,K92,Gastroenterology,88,1-3d,10,0.8726,17.45,8,300000,0,300000,70.65
PV07377,29,C18,Oncology,72,>3d,5,0.7875,15.75,10,100000,100000,0,59.55
PV07378,20,C18,Oncology,72,1-3d,10,0.7995,15.99,10,300000,10000,290000,64.79
PV07379,24,K85,General Surgery,82,1-3d,10,0.7807,15.61,10,400000,0,400000,68.41
PV07380,74,S36,Trauma,90,6-24h,20,0.8465,16.93,4,400000,200000,200000,76.93
PV07381,71,C50,Oncology,65,>3d,5,0.7744,15.49,4,300000,50000,250000,50.49
PV07382,52,I60,Neurosurgery,98,6-24h,20,0.8636,17.27,6,300000,0,300000,82.47
PV07383,56,J96,Critical Care,98,>3d,5,0.8602,17.2,6,200000,25000,175000,67.4
PV07384,40,C18,Oncology,72,1-3d,10,0.8405,16.81,8,200000,0,200000,63.61
PV07385,31,C18,Oncology,72,2-6h,25,0.8423,16.85,8,500000,100000,400000,78.65
PV07386,18,I61,Neurosurgery,98,<2h,30,0.7634,15.27,10,200000,200000,0,94.47
PV07387,63,S32,Orthopedics,82,1-3d,10,0.7918,15.84,4,150000,50000,100000,62.64
PV07388,20,N17,Nephrology,82,1-3d,10,0.6529,13.06,10,1000000,150000,850000,65.86
PV07389,25,J96,Critical Care,98,1-3d,10,0.808,16.16,10,1000000,25000,975000,75.36
PV07390,71,K80,General Surgery,65,>3d,5,0.7214,14.43,4,750000,50000,700000,49.43
PV07391,57,C22,Oncology,73,1-3d,10,0.83,16.6,6,750000,10000,740000,61.8
PV07392,51,S27,Trauma,88,6-24h,20,0.7486,14.97,6,150000,0,150000,76.17
PV07393,32,I71,Cardiovascular Surgery,99,1-3d,10,0.6149,12.3,8,1000000,10000,990000,69.9
PV07394,28,I71,Cardiovascular Surgery,99,<2h,30,0.99,19.8,10,400000,75000,325000,99.4
PV07395,49,J18,Pulmonology,78,1-3d,10,0.7969,15.94,6,750000,0,750000,63.14
PV07396,42,I60,Neurosurgery,98,>3d,5,0.9647,19.29,8,50000,50000,0,71.49
PV07397,54,O72,Obstetrics,95,<2h,30,0.7673,15.35,6,75000,75000,0,89.35
PV07398,29,I21,Cardiology,95,1-3d,10,0.9898,19.8,10,50000,25000,25000,77.8
PV07399,33,I60,Neurosurgery,98,1-3d,10,0.7048,14.1,8,1000000,25000,975000,71.3
PV07400,25,S27,Trauma,88,2-6h,25,0.8376,16.75,10,150000,10000,140000,86.95
PV07401,46,K80,General Surgery,65,1-3d,10,0.7108,14.22,6,50000,50000,0,56.22
PV07402,36,I20,Cardiology,80,1-3d,10,0.99,19.8,8,500000,200000,300000,69.8
PV07403,33,I61,Neurosurgery,98,6-24h,20,0.7951,15.9,8,500000,50000,450000,83.1
PV07404,55,J96,Critical Care,98,6-24h,20,0.9028,18.06,6,1000000,150000,850000,83.26
PV07405,51,S27,Trauma,88,6-24h,20,0.8651,17.3,6,300000,25000,275000,78.5
PV07406,32,J18,Pulmonology,78,1-3d,10,0.8174,16.35,8,400000,50000,350000,65.55
PV07407,65,C22,Oncology,73,6-24h,20,0.8718,17.44,4,400000,50000,350000,70.64
PV07408,41,C50,Oncology,65,6-24h,20,0.9559,19.12,8,500000,200000,300000,73.12
PV07409,41,N17,Nephrology,82,>3d,5,0.8868,17.74,8,300000,50000,250000,63.54
PV07410,50,I60,Neurosurgery,98,1-3d,10,0.8362,16.72,6,50000,50000,0,71.92
PV07411,27,I61,Neurosurgery,98,1-3d,10,0.8719,17.44,10,75000,75000,0,76.64
PV07412,46,K35,General Surgery,70,>3d,5,0.99,19.8,6,1000000,200000,800000,58.8
PV07413,57,C34,Oncology,74,<2h,30,0.7783,15.57,6,50000,50000,0,81.17
PV07414,26,I74,Vascular Surgery,92,6-24h,20,0.6346,12.69,10,50000,0,50000,79.49
PV07415,56,J96,Critical Care,98,1-3d,10,0.7103,14.21,6,750000,0,750000,69.41
PV07416,20,C50,Oncology,65,6-24h,20,0.7178,14.36,10,1000000,50000,950000,70.36
PV07417,59,T79,Trauma,92,2-6h,25,0.7319,14.64,6,200000,25000,175000,82.44
PV07418,20,S72,Orthopedics,76,1-3d,10,0.7353,14.71,10,75000,75000,0,65.11
PV07419,29,I20,Cardiology,80,<2h,30,0.8176,16.35,10,300000,50000,250000,88.35
PV07420,41,K80,General Surgery,65,1-3d,10,0.8447,16.89,8,50000,50000,0,60.89
PV07421,59,N20,Urology,55,1-3d,10,0.8437,16.87,6,150000,0,150000,54.87
PV07422,66,I20,Cardiology,80,1-3d,10,0.747,14.94,4,300000,25000,275000,60.94
PV07423,49,K56,General Surgery,85,6-24h,20,0.9194,18.39,6,750000,75000,675000,78.39
PV07424,26,K80,General Surgery,65,<2h,30,0.8734,17.47,10,75000,75000,0,83.47
PV07425,44,K92,Gastroenterology,88,>3d,5,0.9781,19.56,8,400000,10000,390000,67.76
PV07426,71,C22,Oncology,73,>3d,5,0.9047,18.09,4,50000,50000,0,56.29
PV07427,24,J18,Pulmonology,78,6-24h,20,0.785,15.7,10,200000,75000,125000,76.9
PV07428,66,K80,General Surgery,65,<2h,30,0.9505,19.01,4,400000,25000,375000,79.01
PV07429,44,I20,Cardiology,80,1-3d,10,0.8474,16.95,8,50000,50000,0,66.95
PV07430,18,G93,Neurology,80,6-24h,20,0.8998,18.0,10,500000,50000,450000,80.0
PV07431,65,I20,Cardiology,80,2-6h,25,0.892,17.84,4,1000000,25000,975000,78.84
PV07432,19,T79,Trauma,92,2-6h,25,0.8076,16.15,10,100000,100000,0,87.95
PV07433,43,S36,Trauma,90,2-6h,25,0.8303,16.61,8,500000,10000,490000,85.61
PV07434,31,N20,Urology,55,6-24h,20,0.8069,16.14,8,300000,100000,200000,66.14
PV07435,57,S27,Trauma,88,6-24h,20,0.7347,14.69,6,1000000,100000,900000,75.89
PV07436,21,T79,Trauma,92,1-3d,10,0.6055,12.11,10,300000,50000,250000,68.91
PV07437,24,T79,Trauma,92,6-24h,20,0.7506,15.01,10,750000,10000,740000,81.81
PV07438,54,K92,Gastroenterology,88,6-24h,20,0.8399,16.8,6,75000,25000,50000,78.0
PV07439,85,J18,Pulmonology,78,2-6h,25,0.9286,18.57,2,100000,10000,90000,76.77
PV07440,20,O72,Obstetrics,95,>3d,5,0.8996,17.99,10,200000,0,200000,70.99
PV07441,49,K35,General Surgery,70,<2h,30,0.792,15.84,6,1000000,200000,800000,79.84
PV07442,72,C34,Oncology,74,6-24h,20,0.752,15.04,4,400000,150000,250000,68.64
PV07443,37,N17,Nephrology,82,1-3d,10,0.802,16.04,8,100000,75000,25000,66.84
PV07444,51,O00,Obstetrics,96,1-3d,10,0.7225,14.45,6,750000,150000,600000,68.85
PV07445,75,C50,Oncology,65,1-3d,10,0.6085,12.17,2,400000,100000,300000,50.17
PV07446,67,G93,Neurology,80,6-24h,20,0.6655,13.31,4,200000,75000,125000,69.31
PV07447,37,K35,General Surgery,70,6-24h,20,0.9575,19.15,8,150000,100000,50000,75.15
PV07448,69,S27,Trauma,88,6-24h,20,0.99,19.8,4,400000,75000,325000,79.0
PV07449,63,N20,Urology,55,1-3d,10,0.8954,17.91,4,750000,75000,675000,53.91
PV07450,52,T79,Trauma,92,6-24h,20,0.8142,16.28,6,300000,10000,290000,79.08
PV07451,47,S32,Orthopedics,82,6-24h,20,0.6807,13.61,6,750000,75000,675000,72.41
PV07452,80,S32,Orthopedics,82,<2h,30,0.8039,16.08,2,500000,50000,450000,80.88
PV07453,77,G93,Neurology,80,>3d,5,0.8812,17.62,2,50000,10000,40000,56.62
PV07454,85,K92,Gastroenterology,88,<2h,30,0.903,18.06,2,500000,50000,450000,85.26
PV07455,63,C18,Oncology,72,6-24h,20,0.8889,17.78,4,300000,150000,150000,70.58
PV07456,42,J96,Critical Care,98,>3d,5,0.941,18.82,8,300000,50000,250000,71.02
PV07457,25,N17,Nephrology,82,1-3d,10,0.99,19.8,10,400000,50000,350000,72.6
PV07458,26,N20,Urology,55,1-3d,10,0.7795,15.59,10,50000,10000,40000,57.59
PV07459,82,S06,Neurosurgery,95,1-3d,10,0.99,19.8,2,1000000,150000,850000,69.8
PV07460,42,K80,General Surgery,65,2-6h,25,0.618,12.36,8,750000,0,750000,71.36
PV07461,25,N17,Nephrology,82,1-3d,10,0.7422,14.84,10,1000000,150000,850000,67.64
PV07462,33,K92,Gastroenterology,88,6-24h,20,0.84,16.8,8,400000,200000,200000,80.0
PV07463,19,A41,Critical Care,98,>3d,5,0.8749,17.5,10,100000,10000,90000,71.7
PV07464,54,N39,Urology,50,6-24h,20,0.8018,16.04,6,400000,75000,325000,62.04
PV07465,58,S72,Orthopedics,76,1-3d,10,0.7704,15.41,6,100000,75000,25000,61.81
PV07466,43,J18,Pulmonology,78,1-3d,10,0.99,19.8,8,300000,150000,150000,69.0
PV07467,68,C34,Oncology,74,2-6h,25,0.7656,15.31,4,750000,25000,725000,73.91
PV07468,50,J18,Pulmonology,78,6-24h,20,0.7181,14.36,6,75000,75000,0,71.56
PV07469,83,N39,Urology,50,1-3d,10,0.9891,19.78,2,200000,0,200000,51.78
PV07470,69,K56,General Surgery,85,2-6h,25,0.9049,18.1,4,200000,150000,50000,81.1
PV07471,23,N20,Urology,55,>3d,5,0.9295,18.59,10,1000000,150000,850000,55.59
PV07472,36,C22,Oncology,73,6-24h,20,0.8396,16.79,8,300000,10000,290000,73.99
PV07473,69,A41,Critical Care,98,1-3d,10,0.6824,13.65,4,150000,10000,140000,66.85
PV07474,54,J96,Critical Care,98,1-3d,10,0.8285,16.57,6,150000,0,150000,71.77
PV07475,69,O72,Obstetrics,95,6-24h,20,0.6686,13.37,4,150000,150000,0,75.37
PV07476,40,N20,Urology,55,1-3d,10,0.8442,16.88,8,75000,75000,0,56.88
PV07477,20,K92,Gastroenterology,88,1-3d,10,0.8853,17.71,10,500000,25000,475000,72.91
PV07478,71,S32,Orthopedics,82,1-3d,10,0.9275,18.55,4,500000,75000,425000,65.35
PV07479,71,S32,Orthopedics,82,1-3d,10,0.8108,16.22,4,75000,75000,0,63.02
PV07480,61,S72,Orthopedics,76,1-3d,10,0.8948,17.9,4,200000,0,200000,62.3
PV07481,45,C34,Oncology,74,6-24h,20,0.7296,14.59,6,500000,50000,450000,70.19
PV07482,18,A41,Critical Care,98,<2h,30,0.9167,18.33,10,500000,75000,425000,97.53
PV07483,67,S72,Orthopedics,76,2-6h,25,0.8875,17.75,4,50000,50000,0,77.15
PV07484,62,K56,General Surgery,85,1-3d,10,0.74,14.8,4,50000,10000,40000,62.8
PV07485,63,I21,Cardiology,95,>3d,5,0.873,17.46,4,50000,50000,0,64.46
PV07486,29,G93,Neurology,80,<2h,30,0.929,18.58,10,300000,0,300000,90.58
PV07487,67,T79,Trauma,92,1-3d,10,0.8279,16.56,4,1000000,150000,850000,67.36
PV07488,67,O00,Obstetrics,96,6-24h,20,0.7377,14.75,4,50000,50000,0,77.15
PV07489,76,I21,Cardiology,95,1-3d,10,0.8378,16.76,2,500000,150000,350000,66.76
PV07490,56,I61,Neurosurgery,98,1-3d,10,0.8752,17.5,6,500000,75000,425000,72.7
PV07491,67,S06,Neurosurgery,95,1-3d,10,0.737,14.74,4,1000000,10000,990000,66.74
PV07492,45,N20,Urology,55,1-3d,10,0.7192,14.38,6,300000,25000,275000,52.38
PV07493,65,A41,Critical Care,98,1-3d,10,0.8722,17.44,4,1000000,75000,925000,70.64
PV07494,65,J96,Critical Care,98,<2h,30,0.9023,18.05,4,200000,0,200000,91.25
PV07495,71,G93,Neurology,80,6-24h,20,0.99,19.8,4,100000,100000,0,75.8
PV07496,76,I20,Cardiology,80,6-24h,20,0.8866,17.73,2,1000000,200000,800000,71.73
PV07497,18,K80,General Surgery,65,>3d,5,0.6991,13.98,10,300000,100000,200000,54.98
PV07498,70,I74,Vascular Surgery,92,1-3d,10,0.99,19.8,4,150000,150000,0,70.6
PV07499,71,J18,Pulmonology,78,2-6h,25,0.9255,18.51,4,400000,50000,350000,78.71
PV07500,55,A41,Critical Care,98,6-24h,20,0.6195,12.39,6,200000,25000,175000,77.59
PV07501,53,G93,Neurology,80,6-24h,20,0.717,14.34,6,500000,0,500000,72.34
PV07502,67,I61,Neurosurgery,98,>3d,5,0.7708,15.42,4,500000,50000,450000,63.62
PV07503,48,K80,General Surgery,65,2-6h,25,0.9038,18.08,6,50000,0,50000,75.08
PV07504,46,O00,Obstetrics,96,1-3d,10,0.5821,11.64,6,300000,100000,200000,66.04
PV07505,72,K80,General Surgery,65,6-24h,20,0.8081,16.16,4,750000,150000,600000,66.16
PV07506,71,S72,Orthopedics,76,1-3d,10,0.8981,17.96,4,400000,0,400000,62.36
PV07507,32,K35,General Surgery,70,1-3d,10,0.5366,10.73,8,500000,75000,425000,56.73
PV07508,74,K80,General Surgery,65,6-24h,20,0.8947,17.89,4,1000000,75000,925000,67.89
PV07509,40,C18,Oncology,72,1-3d,10,0.9067,18.13,8,150000,25000,125000,64.93
PV07510,27,S72,Orthopedics,76,2-6h,25,0.7353,14.71,10,400000,10000,390000,80.11
PV07511,77,S36,Trauma,90,1-3d,10,0.7047,14.09,2,50000,50000,0,62.09
PV07512,34,K85,General Surgery,82,2-6h,25,0.7338,14.68,8,75000,10000,65000,80.48
PV07513,31,O72,Obstetrics,95,1-3d,10,0.5528,11.06,8,400000,0,400000,67.06
PV07514,36,J96,Critical Care,98,6-24h,20,0.7874,15.75,8,100000,75000,25000,82.95
PV07515,51,I71,Cardiovascular Surgery,99,1-3d,10,0.842,16.84,6,500000,0,500000,72.44
PV07516,29,I71,Cardiovascular Surgery,99,6-24h,20,0.6981,13.96,10,750000,25000,725000,83.56
PV07517,28,I21,Cardiology,95,1-3d,10,0.9172,18.34,10,750000,0,750000,76.34
PV07518,44,N39,Urology,50,<2h,30,0.8303,16.61,8,50000,50000,0,74.61
PV07519,32,J96,Critical Care,98,6-24h,20,0.846,16.92,8,150000,10000,140000,84.12
PV07520,31,K35,General Surgery,70,1-3d,10,0.7798,15.6,8,300000,25000,275000,61.6
PV07521,80,K35,General Surgery,70,6-24h,20,0.8943,17.89,2,50000,50000,0,67.89
PV07522,58,C22,Oncology,73,6-24h,20,0.9491,18.98,6,1000000,50000,950000,74.18
PV07523,18,O72,Obstetrics,95,1-3d,10,0.7792,15.58,10,1000000,100000,900000,73.58
PV07524,24,I74,Vascular Surgery,92,6-24h,20,0.8961,17.92,10,500000,200000,300000,84.72
PV07525,73,S27,Trauma,88,>3d,5,0.8972,17.94,4,100000,75000,25000,62.14
PV07526,36,I61,Neurosurgery,98,6-24h,20,0.8618,17.24,8,75000,50000,25000,84.44
PV07527,28,I74,Vascular Surgery,92,>3d,5,0.9877,19.75,10,750000,75000,675000,71.55
PV07528,63,J96,Critical Care,98,>3d,5,0.7474,14.95,4,500000,75000,425000,63.15
PV07529,74,T79,Trauma,92,6-24h,20,0.7778,15.56,4,1000000,0,1000000,76.36
PV07530,45,I60,Neurosurgery,98,6-24h,20,0.7423,14.85,6,150000,50000,100000,80.05
PV07531,68,S27,Trauma,88,1-3d,10,0.8925,17.85,4,75000,75000,0,67.05
PV07532,46,S32,Orthopedics,82,1-3d,10,0.7928,15.86,6,1000000,150000,850000,64.66
PV07533,25,G93,Neurology,80,2-6h,25,0.7504,15.01,10,75000,0,75000,82.01
PV07534,72,O00,Obstetrics,96,6-24h,20,0.9863,19.73,4,300000,100000,200000,82.13
PV07535,80,A41,Critical Care,98,2-6h,25,0.99,19.8,2,200000,0,200000,86.0
PV07536,84,K85,General Surgery,82,1-3d,10,0.7871,15.74,2,300000,0,300000,60.54
PV07537,24,A41,Critical Care,98,1-3d,10,0.6833,13.67,10,200000,0,200000,72.87
PV07538,56,C34,Oncology,74,2-6h,25,0.99,19.8,6,50000,0,50000,80.4
PV07539,60,I71,Cardiovascular Surgery,99,1-3d,10,0.8671,17.34,4,400000,0,400000,70.94
PV07540,23,C18,Oncology,72,1-3d,10,0.8621,17.24,10,100000,75000,25000,66.04
PV07541,82,C34,Oncology,74,>3d,5,0.8305,16.61,2,75000,75000,0,53.21
PV07542,24,K92,Gastroenterology,88,2-6h,25,0.74,14.8,10,200000,150000,50000,85.0
PV07543,36,S36,Trauma,90,6-24h,20,0.7787,15.57,8,100000,100000,0,79.57
PV07544,83,K92,Gastroenterology,88,6-24h,20,0.8878,17.76,2,500000,0,500000,74.96
PV07545,55,S27,Trauma,88,1-3d,10,0.7752,15.5,6,150000,150000,0,66.7
PV07546,64,C50,Oncology,65,2-6h,25,0.8633,17.27,4,300000,75000,225000,72.27
PV07547,51,C34,Oncology,74,2-6h,25,0.8213,16.43,6,200000,0,200000,77.03
PV07548,69,T79,Trauma,92,1-3d,10,0.7143,14.29,4,750000,100000,650000,65.09
PV07549,23,O72,Obstetrics,95,1-3d,10,0.9821,19.64,10,75000,75000,0,77.64
PV07550,63,S32,Orthopedics,82,2-6h,25,0.8794,17.59,4,50000,50000,0,79.39
PV07551,22,K85,General Surgery,82,6-24h,20,0.8531,17.06,10,750000,100000,650000,79.86
PV07552,30,O72,Obstetrics,95,2-6h,25,0.8755,17.51,8,150000,100000,50000,88.51
PV07553,52,O72,Obstetrics,95,6-24h,20,0.6407,12.81,6,500000,75000,425000,76.81
PV07554,48,N20,Urology,55,6-24h,20,0.7707,15.41,6,300000,25000,275000,63.41
PV07555,28,C18,Oncology,72,2-6h,25,0.6673,13.35,10,500000,200000,300000,77.15
PV07556,72,I61,Neurosurgery,98,<2h,30,0.8325,16.65,4,400000,75000,325000,89.85
PV07557,38,T79,Trauma,92,>3d,5,0.8526,17.05,8,100000,50000,50000,66.85
PV07558,76,K80,General Surgery,65,>3d,5,0.8341,16.68,2,300000,150000,150000,49.68
PV07559,19,S06,Neurosurgery,95,<2h,30,0.9379,18.76,10,150000,10000,140000,96.76
PV07560,34,K92,Gastroenterology,88,1-3d,10,0.6703,13.41,8,150000,150000,0,66.61
PV07561,38,C34,Oncology,74,2-6h,25,0.7401,14.8,8,300000,100000,200000,77.4
PV07562,58,I61,Neurosurgery,98,1-3d,10,0.8614,17.23,6,50000,50000,0,72.43
PV07563,45,O72,Obstetrics,95,>3d,5,0.8464,16.93,6,50000,25000,25000,65.93
PV07564,28,G93,Neurology,80,1-3d,10,0.6885,13.77,10,400000,25000,375000,65.77
PV07565,56,I71,Cardiovascular Surgery,99,1-3d,10,0.9397,18.79,6,50000,50000,0,74.39
PV07566,83,N39,Urology,50,6-24h,20,0.9743,19.49,2,1000000,100000,900000,61.49
PV07567,27,S27,Trauma,88,6-24h,20,0.8626,17.25,10,400000,0,400000,82.45
PV07568,35,A41,Critical Care,98,6-24h,20,0.6691,13.38,8,750000,150000,600000,80.58
PV07569,50,K85,General Surgery,82,2-6h,25,0.836,16.72,6,200000,0,200000,80.52
PV07570,67,O00,Obstetrics,96,1-3d,10,0.854,17.08,4,500000,50000,450000,69.48
PV07571,27,C50,Oncology,65,6-24h,20,0.7928,15.86,10,75000,50000,25000,71.86
PV07572,33,N39,Urology,50,2-6h,25,0.9547,19.09,8,400000,25000,375000,72.09
PV07573,33,K56,General Surgery,85,1-3d,10,0.8084,16.17,8,150000,50000,100000,68.17
PV07574,59,K92,Gastroenterology,88,1-3d,10,0.99,19.8,6,500000,10000,490000,71.0
PV07575,23,O00,Obstetrics,96,1-3d,10,0.8983,17.97,10,150000,100000,50000,76.37
PV07576,62,S06,Neurosurgery,95,1-3d,10,0.8476,16.95,4,500000,100000,400000,68.95
PV07577,46,N39,Urology,50,1-3d,10,0.912,18.24,6,750000,150000,600000,54.24
PV07578,40,K85,General Surgery,82,<2h,30,0.9731,19.46,8,50000,50000,0,90.26
PV07579,76,C18,Oncology,72,1-3d,10,0.9099,18.2,2,50000,50000,0,59.0
PV07580,73,C50,Oncology,65,6-24h,20,0.8124,16.25,4,150000,10000,140000,66.25
PV07581,72,I21,Cardiology,95,2-6h,25,0.754,15.08,4,300000,25000,275000,82.08
PV07582,78,A41,Critical Care,98,>3d,5,0.7078,14.16,2,750000,75000,675000,60.36
PV07583,33,C50,Oncology,65,6-24h,20,0.5759,11.52,8,200000,50000,150000,65.52
PV07584,76,I74,Vascular Surgery,92,6-24h,20,0.8374,16.75,2,750000,200000,550000,75.55
PV07585,29,I21,Cardiology,95,2-6h,25,0.7812,15.62,10,500000,25000,475000,88.62
PV07586,40,I21,Cardiology,95,>3d,5,0.7866,15.73,8,500000,0,500000,66.73
PV07587,55,T79,Trauma,92,>3d,5,0.9229,18.46,6,1000000,150000,850000,66.26
PV07588,68,K35,General Surgery,70,<2h,30,0.8088,16.18,4,150000,75000,75000,78.18
PV07589,57,S06,Neurosurgery,95,1-3d,10,0.99,19.8,6,400000,0,400000,73.8
PV07590,56,N17,Nephrology,82,2-6h,25,0.7627,15.25,6,500000,200000,300000,79.05
PV07591,43,S06,Neurosurgery,95,1-3d,10,0.7229,14.46,8,1000000,10000,990000,70.46
PV07592,58,C34,Oncology,74,6-24h,20,0.6942,13.88,6,100000,100000,0,69.48
PV07593,50,N17,Nephrology,82,2-6h,25,0.8923,17.85,6,500000,25000,475000,81.65
PV07594,50,C34,Oncology,74,1-3d,10,0.9351,18.7,6,100000,25000,75000,64.3
PV07595,57,O72,Obstetrics,95,>3d,5,0.7606,15.21,6,1000000,10000,990000,64.21
PV07596,58,S32,Orthopedics,82,6-24h,20,0.7136,14.27,6,300000,10000,290000,73.07
PV07597,40,C34,Oncology,74,<2h,30,0.973,19.46,8,750000,150000,600000,87.06
PV07598,27,S27,Trauma,88,>3d,5,0.675,13.5,10,300000,50000,250000,63.7
PV07599,38,I21,Cardiology,95,2-6h,25,0.921,18.42,8,50000,50000,0,89.42
PV07600,45,I71,Cardiovascular Surgery,99,6-24h,20,0.7629,15.26,6,150000,25000,125000,80.86
PV07601,28,S06,Neurosurgery,95,1-3d,10,0.8597,17.19,10,400000,50000,350000,75.19
PV07602,30,I21,Cardiology,95,6-24h,20,0.9277,18.55,8,400000,50000,350000,84.55
PV07603,82,I71,Cardiovascular Surgery,99,2-6h,25,0.8676,17.35,2,300000,25000,275000,83.95
PV07604,37,A41,Critical Care,98,2-6h,25,0.7905,15.81,8,500000,75000,425000,88.01
PV07605,68,I61,Neurosurgery,98,<2h,30,0.9596,19.19,4,300000,50000,250000,92.39
PV07606,26,I74,Vascular Surgery,92,6-24h,20,0.8489,16.98,10,75000,75000,0,83.78
PV07607,84,O00,Obstetrics,96,1-3d,10,0.99,19.8,2,50000,50000,0,70.2
PV07608,32,K56,General Surgery,85,2-6h,25,0.6495,12.99,8,100000,100000,0,79.99
PV07609,44,I71,Cardiovascular Surgery,99,1-3d,10,0.648,12.96,8,75000,0,75000,70.56
PV07610,71,I21,Cardiology,95,6-24h,20,0.9194,18.39,4,400000,200000,200000,80.39
PV07611,31,I60,Neurosurgery,98,<2h,30,0.8168,16.34,8,1000000,100000,900000,93.54
PV07612,55,K35,General Surgery,70,1-3d,10,0.8993,17.99,6,1000000,100000,900000,61.99
PV07613,71,S72,Orthopedics,76,6-24h,20,0.7102,14.2,4,300000,100000,200000,68.6
PV07614,19,C34,Oncology,74,1-3d,10,0.8254,16.51,10,750000,75000,675000,66.11
PV07615,19,S32,Orthopedics,82,6-24h,20,0.8657,17.31,10,400000,75000,325000,80.11
PV07616,71,C18,Oncology,72,1-3d,10,0.7656,15.31,4,75000,0,75000,58.11
PV07617,35,C18,Oncology,72,>3d,5,0.8432,16.86,8,300000,200000,100000,58.66
PV07618,79,K92,Gastroenterology,88,6-24h,20,0.6838,13.68,2,300000,150000,150000,70.88
PV07619,81,J96,Critical Care,98,>3d,5,0.8595,17.19,2,300000,200000,100000,63.39
PV07620,77,S32,Orthopedics,82,2-6h,25,0.9645,19.29,2,750000,100000,650000,79.09
PV07621,85,K92,Gastroenterology,88,<2h,30,0.6962,13.92,2,1000000,25000,975000,81.12
PV07622,73,J18,Pulmonology,78,2-6h,25,0.6902,13.8,4,100000,25000,75000,74.0
PV07623,44,G93,Neurology,80,1-3d,10,0.939,18.78,8,50000,50000,0,68.78
PV07624,85,K35,General Surgery,70,1-3d,10,0.6884,13.77,2,400000,10000,390000,53.77
PV07625,41,I20,Cardiology,80,>3d,5,0.9041,18.08,8,75000,75000,0,63.08
PV07626,57,N17,Nephrology,82,1-3d,10,0.8255,16.51,6,200000,100000,100000,65.31
PV07627,18,A41,Critical Care,98,6-24h,20,0.7782,15.56,10,1000000,10000,990000,84.76
PV07628,83,I60,Neurosurgery,98,>3d,5,0.9667,19.33,2,400000,0,400000,65.53
PV07629,58,N20,Urology,55,>3d,5,0.9128,18.26,6,1000000,0,1000000,51.26
PV07630,82,S27,Trauma,88,1-3d,10,0.848,16.96,2,50000,50000,0,64.16
PV07631,41,I74,Vascular Surgery,92,1-3d,10,0.6047,12.09,8,500000,25000,475000,66.89
PV07632,39,S36,Trauma,90,1-3d,10,0.8912,17.82,8,150000,10000,140000,71.82
PV07633,53,C22,Oncology,73,2-6h,25,0.7129,14.26,6,50000,50000,0,74.46
PV07634,76,S27,Trauma,88,>3d,5,0.7979,15.96,2,150000,75000,75000,58.16
PV07635,55,I61,Neurosurgery,98,>3d,5,0.8207,16.41,6,1000000,0,1000000,66.61
PV07636,71,I71,Cardiovascular Surgery,99,1-3d,10,0.99,19.8,4,200000,25000,175000,73.4
PV07637,32,K35,General Surgery,70,2-6h,25,0.7947,15.89,8,1000000,50000,950000,76.89
PV07638,70,C50,Oncology,65,2-6h,25,0.6777,13.55,4,75000,50000,25000,68.55
PV07639,67,T79,Trauma,92,>3d,5,0.967,19.34,4,400000,150000,250000,65.14
PV07640,78,G93,Neurology,80,>3d,5,0.8926,17.85,2,200000,150000,50000,56.85
PV07641,21,C18,Oncology,72,1-3d,10,0.8963,17.93,10,100000,0,100000,66.73
PV07642,44,S32,Orthopedics,82,>3d,5,0.9688,19.38,8,300000,25000,275000,65.18
PV07643,24,S27,Trauma,88,6-24h,20,0.99,19.8,10,400000,75000,325000,85.0
PV07644,45,C18,Oncology,72,>3d,5,0.7308,14.62,6,50000,0,50000,54.42
PV07645,69,S06,Neurosurgery,95,2-6h,25,0.6809,13.62,4,400000,75000,325000,80.62
PV07646,61,N17,Nephrology,82,2-6h,25,0.9042,18.08,4,150000,0,150000,79.88
PV07647,69,N17,Nephrology,82,6-24h,20,0.7938,15.88,4,750000,75000,675000,72.68
PV07648,68,I21,Cardiology,95,6-24h,20,0.8028,16.06,4,75000,0,75000,78.06
PV07649,85,N17,Nephrology,82,6-24h,20,0.7078,14.16,2,100000,100000,0,68.96
PV07650,77,N20,Urology,55,1-3d,10,0.8784,17.57,2,1000000,50000,950000,51.57
PV07651,57,S36,Trauma,90,<2h,30,0.8602,17.2,6,100000,100000,0,89.2
PV07652,77,N17,Nephrology,82,1-3d,10,0.8045,16.09,2,75000,0,75000,60.89
PV07653,21,I71,Cardiovascular Surgery,99,2-6h,25,0.6812,13.62,10,300000,150000,150000,88.22
PV07654,67,I71,Cardiovascular Surgery,99,1-3d,10,0.9409,18.82,4,400000,50000,350000,72.42
PV07655,53,S06,Neurosurgery,95,2-6h,25,0.8456,16.91,6,300000,50000,250000,85.91
PV07656,83,I74,Vascular Surgery,92,1-3d,10,0.9318,18.64,2,200000,100000,100000,67.44
PV07657,52,T79,Trauma,92,1-3d,10,0.6097,12.19,6,75000,75000,0,64.99
PV07658,30,K92,Gastroenterology,88,6-24h,20,0.8257,16.51,8,100000,100000,0,79.71
PV07659,67,C34,Oncology,74,6-24h,20,0.7483,14.97,4,50000,50000,0,68.57
PV07660,82,C18,Oncology,72,<2h,30,0.8236,16.47,2,750000,10000,740000,77.27
PV07661,19,C18,Oncology,72,6-24h,20,0.9143,18.29,10,100000,25000,75000,77.09
PV07662,22,O72,Obstetrics,95,2-6h,25,0.857,17.14,10,400000,200000,200000,90.14
PV07663,62,S27,Trauma,88,2-6h,25,0.8218,16.44,4,100000,100000,0,80.64
PV07664,55,C18,Oncology,72,1-3d,10,0.8213,16.43,6,400000,200000,200000,61.23
PV07665,55,S32,Orthopedics,82,2-6h,25,0.664,13.28,6,50000,50000,0,77.08
PV07666,24,S27,Trauma,88,6-24h,20,0.7293,14.59,10,50000,50000,0,79.79
PV07667,56,N17,Nephrology,82,6-24h,20,0.9321,18.64,6,150000,150000,0,77.44
PV07668,56,O72,Obstetrics,95,6-24h,20,0.7694,15.39,6,100000,100000,0,79.39
PV07669,75,I71,Cardiovascular Surgery,99,6-24h,20,0.934,18.68,2,150000,150000,0,80.28
PV07670,44,I71,Cardiovascular Surgery,99,1-3d,10,0.9026,18.05,8,100000,50000,50000,75.65
PV07671,41,I61,Neurosurgery,98,1-3d,10,0.9079,18.16,8,400000,200000,200000,75.36
PV07672,23,S72,Orthopedics,76,6-24h,20,0.8533,17.07,10,200000,0,200000,77.47
PV07673,56,N20,Urology,55,6-24h,20,0.7764,15.53,6,75000,75000,0,63.53
PV07674,62,C50,Oncology,65,6-24h,20,0.8049,16.1,4,1000000,200000,800000,66.1
PV07675,37,C22,Oncology,73,1-3d,10,0.884,17.68,8,400000,150000,250000,64.88
PV07676,67,I60,Neurosurgery,98,6-24h,20,0.6074,12.15,4,200000,200000,0,75.35
PV07677,81,K80,General Surgery,65,1-3d,10,0.9444,18.89,2,300000,50000,250000,56.89
PV07678,29,S32,Orthopedics,82,1-3d,10,0.77,15.4,10,150000,25000,125000,68.2
PV07679,56,S72,Orthopedics,76,1-3d,10,0.8114,16.23,6,150000,10000,140000,62.63
PV07680,65,I71,Cardiovascular Surgery,99,6-24h,20,0.8122,16.24,4,50000,10000,40000,79.84
PV07681,19,K85,General Surgery,82,>3d,5,0.816,16.32,10,750000,150000,600000,64.12
PV07682,30,C50,Oncology,65,6-24h,20,0.6886,13.77,8,150000,0,150000,67.77
PV07683,44,G93,Neurology,80,6-24h,20,0.8352,16.7,8,400000,10000,390000,76.7
PV07684,27,C34,Oncology,74,>3d,5,0.8794,17.59,10,50000,50000,0,62.19
PV07685,42,O00,Obstetrics,96,1-3d,10,0.6156,12.31,8,50000,25000,25000,68.71
PV07686,28,C34,Oncology,74,6-24h,20,0.6899,13.8,10,150000,150000,0,73.4
PV07687,78,I61,Neurosurgery,98,6-24h,20,0.9096,18.19,2,50000,0,50000,79.39
PV07688,58,C18,Oncology,72,6-24h,20,0.891,17.82,6,1000000,0,1000000,72.62
PV07689,40,I60,Neurosurgery,98,1-3d,10,0.8499,17.0,8,50000,25000,25000,74.2
PV07690,70,K92,Gastroenterology,88,6-24h,20,0.7518,15.04,4,300000,75000,225000,74.24
PV07691,19,I20,Cardiology,80,<2h,30,0.8916,17.83,10,150000,25000,125000,89.83
PV07692,58,O00,Obstetrics,96,<2h,30,0.6997,13.99,6,100000,100000,0,88.39
PV07693,64,S36,Trauma,90,>3d,5,0.8063,16.13,4,75000,0,75000,61.13
PV07694,73,N20,Urology,55,1-3d,10,0.6894,13.79,4,100000,50000,50000,49.79
PV07695,33,C34,Oncology,74,6-24h,20,0.8038,16.08,8,50000,50000,0,73.68
PV07696,58,N20,Urology,55,>3d,5,0.717,14.34,6,300000,75000,225000,47.34
PV07697,70,O00,Obstetrics,96,6-24h,20,0.8956,17.91,4,100000,75000,25000,80.31
PV07698,72,J96,Critical Care,98,1-3d,10,0.8633,17.27,4,50000,50000,0,70.47
PV07699,29,I61,Neurosurgery,98,1-3d,10,0.7629,15.26,10,75000,0,75000,74.46
PV07700,84,I71,Cardiovascular Surgery,99,6-24h,20,0.929,18.58,2,750000,0,750000,80.18
PV07701,36,O00,Obstetrics,96,1-3d,10,0.7244,14.49,8,100000,0,100000,70.89
PV07702,44,S27,Trauma,88,>3d,5,0.8165,16.33,8,300000,75000,225000,64.53
PV07703,31,O00,Obstetrics,96,2-6h,25,0.7585,15.17,8,200000,200000,0,86.57
PV07704,28,I71,Cardiovascular Surgery,99,<2h,30,0.8942,17.88,10,200000,0,200000,97.48
PV07705,35,K92,Gastroenterology,88,1-3d,10,0.8843,17.69,8,750000,0,750000,70.89
PV07706,27,S36,Trauma,90,6-24h,20,0.9502,19.0,10,500000,100000,400000,85.0
PV07707,67,G93,Neurology,80,1-3d,10,0.8283,16.57,4,300000,75000,225000,62.57
PV07708,58,S36,Trauma,90,6-24h,20,0.524,10.48,6,100000,25000,75000,72.48
PV07709,44,S72,Orthopedics,76,1-3d,10,0.7769,15.54,8,750000,0,750000,63.94
PV07710,55,C18,Oncology,72,1-3d,10,0.9765,19.53,6,50000,50000,0,64.33
PV07711,59,J96,Critical Care,98,>3d,5,0.7875,15.75,6,300000,100000,200000,65.95
PV07712,30,A41,Critical Care,98,6-24h,20,0.6282,12.56,8,400000,75000,325000,79.76
PV07713,38,S36,Trauma,90,>3d,5,0.8649,17.3,8,1000000,10000,990000,66.3
PV07714,77,T79,Trauma,92,6-24h,20,0.8724,17.45,2,75000,75000,0,76.25
PV07715,18,K35,General Surgery,70,1-3d,10,0.7473,14.95,10,100000,0,100000,62.95
PV07716,83,S72,Orthopedics,76,1-3d,10,0.7953,15.91,2,50000,50000,0,58.31
PV07717,83,C50,Oncology,65,6-24h,20,0.7353,14.71,2,100000,100000,0,62.71
PV07718,35,N20,Urology,55,1-3d,10,0.8723,17.45,8,1000000,100000,900000,57.45
PV07719,39,S72,Orthopedics,76,6-24h,20,0.8257,16.51,8,50000,50000,0,74.91
PV07720,32,I61,Neurosurgery,98,6-24h,20,0.7034,14.07,8,500000,25000,475000,81.27
PV07721,56,I21,Cardiology,95,1-3d,10,0.819,16.38,6,1000000,50000,950000,70.38
PV07722,32,O72,Obstetrics,95,<2h,30,0.7467,14.93,8,75000,50000,25000,90.93
PV07723,71,T79,Trauma,92,1-3d,10,0.9661,19.32,4,150000,150000,0,70.12
PV07724,44,I21,Cardiology,95,6-24h,20,0.9094,18.19,8,750000,100000,650000,84.19
PV07725,83,I20,Cardiology,80,6-24h,20,0.8078,16.16,2,500000,50000,450000,70.16
PV07726,76,C50,Oncology,65,1-3d,10,0.8281,16.56,2,50000,50000,0,54.56
PV07727,45,I21,Cardiology,95,2-6h,25,0.9214,18.43,6,750000,200000,550000,87.43
PV07728,58,K85,General Surgery,82,>3d,5,0.8026,16.05,6,750000,100000,650000,59.85
PV07729,19,A41,Critical Care,98,>3d,5,0.8958,17.92,10,150000,25000,125000,72.12
PV07730,22,K92,Gastroenterology,88,6-24h,20,0.9677,19.35,10,200000,0,200000,84.55
PV07731,52,N17,Nephrology,82,6-24h,20,0.7709,15.42,6,150000,150000,0,74.22
PV07732,50,I74,Vascular Surgery,92,<2h,30,0.9846,19.69,6,300000,0,300000,92.49
PV07733,45,I71,Cardiovascular Surgery,99,1-3d,10,0.9555,19.11,6,500000,75000,425000,74.71
PV07734,24,N17,Nephrology,82,2-6h,25,0.8449,16.9,10,400000,0,400000,84.7
PV07735,75,I21,Cardiology,95,>3d,5,0.7756,15.51,2,1000000,200000,800000,60.51
PV07736,45,J96,Critical Care,98,>3d,5,0.8436,16.87,6,50000,0,50000,67.07
PV07737,49,K35,General Surgery,70,2-6h,25,0.7955,15.91,6,1000000,100000,900000,74.91
PV07738,45,C18,Oncology,72,1-3d,10,0.7407,14.81,6,1000000,150000,850000,59.61
PV07739,51,C50,Oncology,65,6-24h,20,0.8732,17.46,6,150000,100000,50000,69.46
PV07740,62,O72,Obstetrics,95,1-3d,10,0.7176,14.35,4,75000,75000,0,66.35
PV07741,69,K35,General Surgery,70,2-6h,25,0.7861,15.72,4,100000,75000,25000,72.72
PV07742,55,S36,Trauma,90,1-3d,10,0.7875,15.75,6,1000000,75000,925000,67.75
PV07743,29,G93,Neurology,80,2-6h,25,0.6835,13.67,10,50000,50000,0,80.67
PV07744,77,A41,Critical Care,98,>3d,5,0.8858,17.72,2,50000,0,50000,63.92
PV07745,37,K35,General Surgery,70,6-24h,20,0.7972,15.94,8,50000,50000,0,71.94
PV07746,19,S06,Neurosurgery,95,1-3d,10,0.9499,19.0,10,75000,75000,0,77.0
PV07747,20,T79,Trauma,92,>3d,5,0.7955,15.91,10,500000,200000,300000,67.71
PV07748,70,S06,Neurosurgery,95,1-3d,10,0.7793,15.59,4,50000,0,50000,67.59
PV07749,44,J18,Pulmonology,78,1-3d,10,0.7295,14.59,8,1000000,10000,990000,63.79
PV07750,19,C22,Oncology,73,6-24h,20,0.8239,16.48,10,150000,10000,140000,75.68
PV07751,73,C34,Oncology,74,6-24h,20,0.8245,16.49,4,300000,50000,250000,70.09
PV07752,38,S27,Trauma,88,6-24h,20,0.8942,17.88,8,300000,150000,150000,81.08
PV07753,84,A41,Critical Care,98,>3d,5,0.8267,16.53,2,750000,150000,600000,62.73
PV07754,77,I21,Cardiology,95,6-24h,20,0.99,19.8,2,400000,100000,300000,79.8
PV07755,21,K35,General Surgery,70,6-24h,20,0.8656,17.31,10,50000,50000,0,75.31
PV07756,64,K92,Gastroenterology,88,1-3d,10,0.7213,14.43,4,750000,0,750000,63.63
PV07757,59,K35,General Surgery,70,6-24h,20,0.7129,14.26,6,50000,50000,0,68.26
PV07758,29,I21,Cardiology,95,>3d,5,0.8735,17.47,10,300000,0,300000,70.47
PV07759,41,T79,Trauma,92,6-24h,20,0.7182,14.36,8,750000,10000,740000,79.16
PV07760,51,S27,Trauma,88,<2h,30,0.8795,17.59,6,300000,50000,250000,88.79
PV07761,27,K85,General Surgery,82,1-3d,10,0.9096,18.19,10,200000,150000,50000,70.99
PV07762,67,N20,Urology,55,6-24h,20,0.912,18.24,4,150000,75000,75000,64.24
PV07763,36,O00,Obstetrics,96,>3d,5,0.7331,14.66,8,500000,0,500000,66.06
PV07764,81,N39,Urology,50,6-24h,20,0.9121,18.24,2,400000,10000,390000,60.24
PV07765,72,O72,Obstetrics,95,2-6h,25,0.8523,17.05,4,750000,150000,600000,84.05
PV07766,61,N20,Urology,55,6-24h,20,0.7592,15.18,4,1000000,75000,925000,61.18
PV07767,26,I20,Cardiology,80,6-24h,20,0.8041,16.08,10,300000,100000,200000,78.08
PV07768,19,S72,Orthopedics,76,1-3d,10,0.8671,17.34,10,150000,25000,125000,67.74
PV07769,27,I71,Cardiovascular Surgery,99,6-24h,20,0.7527,15.05,10,300000,150000,150000,84.65
PV07770,51,C22,Oncology,73,1-3d,10,0.8502,17.0,6,150000,75000,75000,62.2
PV07771,71,A41,Critical Care,98,>3d,5,0.9646,19.29,4,100000,0,100000,67.49
PV07772,28,I60,Neurosurgery,98,6-24h,20,0.9164,18.33,10,150000,100000,50000,87.53
PV07773,66,J18,Pulmonology,78,1-3d,10,0.8282,16.56,4,200000,25000,175000,61.76
PV07774,21,C22,Oncology,73,6-24h,20,0.8434,16.87,10,100000,100000,0,76.07
PV07775,36,I61,Neurosurgery,98,1-3d,10,0.7662,15.32,8,150000,100000,50000,72.52
PV07776,58,G93,Neurology,80,6-24h,20,0.769,15.38,6,300000,10000,290000,73.38
PV07777,74,T79,Trauma,92,1-3d,10,0.6663,13.33,4,75000,0,75000,64.13
PV07778,70,N39,Urology,50,6-24h,20,0.8451,16.9,4,75000,0,75000,60.9
PV07779,54,S27,Trauma,88,<2h,30,0.8882,17.76,6,500000,10000,490000,88.96
PV07780,20,J96,Critical Care,98,6-24h,20,0.8129,16.26,10,750000,0,750000,85.46
PV07781,37,O00,Obstetrics,96,2-6h,25,0.7323,14.65,8,150000,100000,50000,86.05
PV07782,71,K35,General Surgery,70,>3d,5,0.8266,16.53,4,75000,10000,65000,53.53
PV07783,23,G93,Neurology,80,6-24h,20,0.9542,19.08,10,200000,50000,150000,81.08
PV07784,66,C34,Oncology,74,>3d,5,0.9098,18.2,4,75000,25000,50000,56.8
PV07785,65,O72,Obstetrics,95,6-24h,20,0.8171,16.34,4,750000,100000,650000,78.34
PV07786,69,O00,Obstetrics,96,6-24h,20,0.99,19.8,4,50000,0,50000,82.2
PV07787,32,N20,Urology,55,6-24h,20,0.99,19.8,8,300000,50000,250000,69.8
PV07788,34,O00,Obstetrics,96,2-6h,25,0.772,15.44,8,150000,150000,0,86.84
PV07789,31,G93,Neurology,80,1-3d,10,0.7954,15.91,8,200000,10000,190000,65.91
PV07790,44,N39,Urology,50,2-6h,25,0.8893,17.79,8,500000,150000,350000,70.79
PV07791,53,K92,Gastroenterology,88,>3d,5,0.7287,14.57,6,100000,10000,90000,60.77
PV07792,26,C18,Oncology,72,<2h,30,0.9049,18.1,10,1000000,100000,900000,86.9
PV07793,56,K80,General Surgery,65,6-24h,20,0.8301,16.6,6,1000000,25000,975000,68.6
PV07794,34,I74,Vascular Surgery,92,2-6h,25,0.8572,17.14,8,200000,25000,175000,86.94
PV07795,56,I60,Neurosurgery,98,1-3d,10,0.7625,15.25,6,150000,75000,75000,70.45
PV07796,38,S27,Trauma,88,6-24h,20,0.7412,14.82,8,100000,100000,0,78.02
PV07797,82,I20,Cardiology,80,>3d,5,0.6215,12.43,2,750000,75000,675000,51.43
PV07798,39,K35,General Surgery,70,6-24h,20,0.9685,19.37,8,500000,75000,425000,75.37
PV07799,77,N17,Nephrology,82,<2h,30,0.9141,18.28,2,200000,25000,175000,83.08
PV07800,29,K56,General Surgery,85,1-3d,10,0.8873,17.75,10,400000,100000,300000,71.75
PV07801,23,S27,Trauma,88,1-3d,10,0.8548,17.1,10,150000,0,150000,72.3
PV07802,30,K35,General Surgery,70,1-3d,10,0.5896,11.79,8,400000,0,400000,57.79
PV07803,46,K80,General Surgery,65,6-24h,20,0.7449,14.9,6,750000,10000,740000,66.9
PV07804,79,T79,Trauma,92,1-3d,10,0.7944,15.89,2,200000,150000,50000,64.69
PV07805,29,K80,General Surgery,65,2-6h,25,0.7119,14.24,10,400000,75000,325000,75.24
PV07806,71,N20,Urology,55,>3d,5,0.6506,13.01,4,300000,25000,275000,44.01
PV07807,65,J96,Critical Care,98,2-6h,25,0.7223,14.45,4,50000,50000,0,82.65
PV07808,41,O00,Obstetrics,96,1-3d,10,0.8249,16.5,8,50000,25000,25000,72.9
PV07809,40,S06,Neurosurgery,95,2-6h,25,0.8249,16.5,8,100000,100000,0,87.5
PV07810,82,S36,Trauma,90,1-3d,10,0.9108,18.22,2,100000,50000,50000,66.22
PV07811,66,O00,Obstetrics,96,>3d,5,0.99,19.8,4,75000,75000,0,67.2
PV07812,34,C50,Oncology,65,>3d,5,0.8886,17.77,8,1000000,10000,990000,56.77
PV07813,80,I61,Neurosurgery,98,6-24h,20,0.8024,16.05,2,400000,0,400000,77.25
PV07814,45,T79,Trauma,92,6-24h,20,0.99,19.8,6,50000,50000,0,82.6
PV07815,23,S72,Orthopedics,76,1-3d,10,0.6618,13.24,10,1000000,100000,900000,63.64
PV07816,73,I20,Cardiology,80,1-3d,10,0.6121,12.24,4,150000,100000,50000,58.24
PV07817,77,O00,Obstetrics,96,1-3d,10,0.7313,14.63,2,1000000,75000,925000,65.03
PV07818,48,N17,Nephrology,82,6-24h,20,0.9012,18.02,6,100000,100000,0,76.82
PV07819,65,C50,Oncology,65,6-24h,20,0.8369,16.74,4,50000,0,50000,66.74
PV07820,33,T79,Trauma,92,6-24h,20,0.7072,14.14,8,75000,75000,0,78.94
PV07821,75,K35,General Surgery,70,1-3d,10,0.7473,14.95,2,150000,50000,100000,54.95
PV07822,43,O00,Obstetrics,96,2-6h,25,0.6959,13.92,8,1000000,75000,925000,85.32
PV07823,36,I21,Cardiology,95,6-24h,20,0.6958,13.92,8,300000,200000,100000,79.92
PV07824,52,O72,Obstetrics,95,1-3d,10,0.9751,19.5,6,75000,75000,0,73.5
PV07825,36,T79,Trauma,92,1-3d,10,0.8057,16.11,8,150000,25000,125000,70.91
PV07826,60,G93,Neurology,80,>3d,5,0.99,19.8,4,200000,200000,0,60.8
PV07827,68,I71,Cardiovascular Surgery,99,6-24h,20,0.731,14.62,4,300000,0,300000,78.22
PV07828,45,S36,Trauma,90,6-24h,20,0.8691,17.38,6,750000,10000,740000,79.38
PV07829,71,N17,Nephrology,82,6-24h,20,0.8427,16.85,4,50000,10000,40000,73.65
PV07830,47,S36,Trauma,90,6-24h,20,0.908,18.16,6,50000,25000,25000,80.16
PV07831,83,K56,General Surgery,85,1-3d,10,0.8455,16.91,2,500000,100000,400000,62.91
PV07832,35,I74,Vascular Surgery,92,2-6h,25,0.9185,18.37,8,75000,50000,25000,88.17
PV07833,65,S27,Trauma,88,6-24h,20,0.8754,17.51,4,400000,150000,250000,76.71
PV07834,54,O00,Obstetrics,96,2-6h,25,0.7109,14.22,6,150000,75000,75000,83.62
PV07835,82,N39,Urology,50,1-3d,10,0.8933,17.87,2,150000,75000,75000,49.87
PV07836,32,N17,Nephrology,82,1-3d,10,0.8097,16.19,8,75000,75000,0,66.99
PV07837,31,S36,Trauma,90,<2h,30,0.7423,14.85,8,500000,50000,450000,88.85
PV07838,76,C34,Oncology,74,6-24h,20,0.8894,17.79,2,75000,25000,50000,69.39
PV07839,79,S32,Orthopedics,82,6-24h,20,0.9122,18.24,2,50000,0,50000,73.04
PV07840,68,S27,Trauma,88,1-3d,10,0.7716,15.43,4,300000,150000,150000,64.63
PV07841,50,O72,Obstetrics,95,<2h,30,0.7849,15.7,6,75000,10000,65000,89.7
PV07842,45,A41,Critical Care,98,6-24h,20,0.6813,13.63,6,75000,75000,0,78.83
PV07843,63,G93,Neurology,80,1-3d,10,0.6395,12.79,4,100000,100000,0,58.79
PV07844,68,I20,Cardiology,80,1-3d,10,0.7958,15.92,4,400000,25000,375000,61.92
PV07845,36,K56,General Surgery,85,1-3d,10,0.8992,17.98,8,500000,10000,490000,69.98
PV07846,18,K85,General Surgery,82,6-24h,20,0.7627,15.25,10,1000000,100000,900000,78.05
PV07847,23,I71,Cardiovascular Surgery,99,>3d,5,0.9628,19.26,10,1000000,25000,975000,73.86
PV07848,41,N39,Urology,50,<2h,30,0.7995,15.99,8,100000,100000,0,73.99
PV07849,64,I60,Neurosurgery,98,2-6h,25,0.7999,16.0,4,100000,50000,50000,84.2
PV07850,47,A41,Critical Care,98,1-3d,10,0.7911,15.82,6,100000,25000,75000,71.02
PV07851,60,I74,Vascular Surgery,92,6-24h,20,0.9182,18.36,4,75000,75000,0,79.16
PV07852,49,N17,Nephrology,82,1-3d,10,0.7241,14.48,6,50000,50000,0,63.28
PV07853,35,J96,Critical Care,98,6-24h,20,0.8071,16.14,8,300000,150000,150000,83.34
PV07854,68,N17,Nephrology,82,6-24h,20,0.7653,15.31,4,50000,50000,0,72.11
PV07855,67,K80,General Surgery,65,1-3d,10,0.7638,15.28,4,50000,50000,0,55.28
PV07856,83,T79,Trauma,92,6-24h,20,0.8235,16.47,2,150000,50000,100000,75.27
PV07857,74,I61,Neurosurgery,98,1-3d,10,0.8087,16.17,4,750000,0,750000,69.37
PV07858,43,K35,General Surgery,70,1-3d,10,0.9252,18.5,8,200000,10000,190000,64.5
PV07859,65,I61,Neurosurgery,98,2-6h,25,0.8189,16.38,4,150000,0,150000,84.58
PV07860,41,N39,Urology,50,1-3d,10,0.8755,17.51,8,75000,75000,0,55.51
PV07861,77,C34,Oncology,74,>3d,5,0.8373,16.75,2,400000,10000,390000,53.35
PV07862,59,O00,Obstetrics,96,1-3d,10,0.9604,19.21,6,150000,10000,140000,73.61
PV07863,74,S32,Orthopedics,82,<2h,30,0.7898,15.8,4,1000000,75000,925000,82.6
PV07864,37,J18,Pulmonology,78,1-3d,10,0.79,15.8,8,75000,10000,65000,65.0
PV07865,19,J96,Critical Care,98,>3d,5,0.8945,17.89,10,500000,200000,300000,72.09
PV07866,27,O00,Obstetrics,96,1-3d,10,0.7884,15.77,10,400000,150000,250000,74.17
PV07867,54,N20,Urology,55,6-24h,20,0.8698,17.4,6,150000,50000,100000,65.4
PV07868,83,I60,Neurosurgery,98,2-6h,25,0.99,19.8,2,150000,100000,50000,86.0
PV07869,60,C18,Oncology,72,1-3d,10,0.7221,14.44,4,1000000,50000,950000,57.24
PV07870,73,O72,Obstetrics,95,1-3d,10,0.9732,19.46,4,500000,50000,450000,71.46
PV07871,49,I61,Neurosurgery,98,>3d,5,0.7708,15.42,6,50000,50000,0,65.62
PV07872,83,J96,Critical Care,98,>3d,5,0.9538,19.08,2,300000,50000,250000,65.28
PV07873,81,S72,Orthopedics,76,6-24h,20,0.8886,17.77,2,500000,50000,450000,70.17
PV07874,32,K85,General Surgery,82,1-3d,10,0.88,17.6,8,150000,10000,140000,68.4
PV07875,76,I71,Cardiovascular Surgery,99,2-6h,25,0.8049,16.1,2,400000,100000,300000,82.7
PV07876,19,C34,Oncology,74,2-6h,25,0.7949,15.9,10,400000,0,400000,80.5
PV07877,58,S27,Trauma,88,<2h,30,0.7478,14.96,6,150000,150000,0,86.16
PV07878,47,O72,Obstetrics,95,>3d,5,0.8206,16.41,6,50000,50000,0,65.41
PV07879,38,S32,Orthopedics,82,2-6h,25,0.8016,16.03,8,50000,10000,40000,81.83
PV07880,81,I61,Neurosurgery,98,6-24h,20,0.8391,16.78,2,400000,0,400000,77.98
PV07881,63,K85,General Surgery,82,6-24h,20,0.6789,13.58,4,500000,50000,450000,70.38
PV07882,27,I61,Neurosurgery,98,6-24h,20,0.8223,16.45,10,150000,0,150000,85.65
PV07883,27,N39,Urology,50,1-3d,10,0.9463,18.93,10,200000,50000,150000,58.93
PV07884,25,K56,General Surgery,85,<2h,30,0.9144,18.29,10,300000,150000,150000,92.29
PV07885,38,T79,Trauma,92,6-24h,20,0.8223,16.45,8,750000,25000,725000,81.25
PV07886,22,K56,General Surgery,85,6-24h,20,0.99,19.8,10,300000,200000,100000,83.8
PV07887,35,I74,Vascular Surgery,92,1-3d,10,0.7623,15.25,8,300000,0,300000,70.05
PV07888,70,C18,Oncology,72,1-3d,10,0.8113,16.23,4,300000,100000,200000,59.03
PV07889,77,T79,Trauma,92,1-3d,10,0.6749,13.5,2,75000,75000,0,62.3
PV07890,71,K56,General Surgery,85,6-24h,20,0.7796,15.59,4,500000,10000,490000,73.59
PV07891,51,A41,Critical Care,98,2-6h,25,0.99,19.8,6,1000000,50000,950000,90.0
PV07892,65,I20,Cardiology,80,6-24h,20,0.7835,15.67,4,75000,25000,50000,71.67
PV07893,82,I74,Vascular Surgery,92,>3d,5,0.6672,13.34,2,50000,50000,0,57.14
PV07894,21,A41,Critical Care,98,2-6h,25,0.9072,18.14,10,200000,200000,0,92.34
PV07895,79,K80,General Surgery,65,2-6h,25,0.8589,17.18,2,500000,75000,425000,70.18
PV07896,67,I61,Neurosurgery,98,>3d,5,0.9031,18.06,4,50000,50000,0,66.26
PV07897,44,I20,Cardiology,80,>3d,5,0.7903,15.81,8,500000,75000,425000,60.81
PV07898,48,I20,Cardiology,80,2-6h,25,0.7193,14.39,6,100000,100000,0,77.39
PV07899,47,G93,Neurology,80,1-3d,10,0.8016,16.03,6,75000,75000,0,64.03
PV07900,28,I71,Cardiovascular Surgery,99,6-24h,20,0.8755,17.51,10,75000,50000,25000,87.11
PV07901,33,S06,Neurosurgery,95,6-24h,20,0.8128,16.26,8,300000,0,300000,82.26
PV07902,38,S27,Trauma,88,6-24h,20,0.8588,17.18,8,300000,150000,150000,80.38
PV07903,18,K85,General Surgery,82,>3d,5,0.7663,15.33,10,200000,200000,0,63.13
PV07904,52,K92,Gastroenterology,88,2-6h,25,0.8625,17.25,6,400000,200000,200000,83.45
PV07905,50,C18,Oncology,72,1-3d,10,0.8197,16.39,6,750000,100000,650000,61.19
PV07906,40,K92,Gastroenterology,88,<2h,30,0.7494,14.99,8,750000,25000,725000,88.19
PV07907,29,K80,General Surgery,65,1-3d,10,0.834,16.68,10,500000,100000,400000,62.68
PV07908,83,N20,Urology,55,1-3d,10,0.7813,15.63,2,300000,25000,275000,49.63
PV07909,64,S06,Neurosurgery,95,1-3d,10,0.8817,17.63,4,100000,100000,0,69.63
PV07910,50,I61,Neurosurgery,98,>3d,5,0.9073,18.15,6,500000,0,500000,68.35
PV07911,67,I60,Neurosurgery,98,1-3d,10,0.8702,17.4,4,400000,200000,200000,70.6
PV07912,43,J18,Pulmonology,78,1-3d,10,0.6565,13.13,8,750000,100000,650000,62.33
PV07913,32,A41,Critical Care,98,6-24h,20,0.7235,14.47,8,500000,200000,300000,81.67
PV07914,63,C22,Oncology,73,>3d,5,0.7563,15.13,4,75000,10000,65000,53.33
PV07915,70,S06,Neurosurgery,95,6-24h,20,0.7404,14.81,4,300000,75000,225000,76.81
PV07916,62,K92,Gastroenterology,88,6-24h,20,0.7657,15.31,4,500000,25000,475000,74.51
PV07917,56,C50,Oncology,65,6-24h,20,0.9125,18.25,6,1000000,100000,900000,70.25
PV07918,18,S06,Neurosurgery,95,6-24h,20,0.8899,17.8,10,150000,100000,50000,85.8
PV07919,61,I60,Neurosurgery,98,1-3d,10,0.7776,15.55,4,750000,100000,650000,68.75
PV07920,60,S36,Trauma,90,6-24h,20,0.8792,17.58,4,100000,100000,0,77.58
PV07921,46,K85,General Surgery,82,6-24h,20,0.8529,17.06,6,150000,0,150000,75.86
PV07922,34,I74,Vascular Surgery,92,>3d,5,0.8167,16.33,8,1000000,50000,950000,66.13
PV07923,84,O00,Obstetrics,96,>3d,5,0.9348,18.7,2,75000,25000,50000,64.1
PV07924,43,S06,Neurosurgery,95,6-24h,20,0.7539,15.08,8,100000,100000,0,81.08
PV07925,36,S06,Neurosurgery,95,>3d,5,0.8253,16.51,8,750000,75000,675000,67.51
PV07926,66,C50,Oncology,65,6-24h,20,0.7149,14.3,4,1000000,10000,990000,64.3
PV07927,50,C22,Oncology,73,6-24h,20,0.7197,14.39,6,75000,50000,25000,69.59
PV07928,55,I71,Cardiovascular Surgery,99,>3d,5,0.6839,13.68,6,750000,75000,675000,64.28
PV07929,62,N39,Urology,50,1-3d,10,0.7214,14.43,4,300000,25000,275000,48.43
PV07930,43,K85,General Surgery,82,1-3d,10,0.8283,16.57,8,750000,75000,675000,67.37
PV07931,28,K85,General Surgery,82,6-24h,20,0.7898,15.8,10,200000,150000,50000,78.6
PV07932,29,I61,Neurosurgery,98,6-24h,20,0.793,15.86,10,300000,75000,225000,85.06
PV07933,81,S27,Trauma,88,2-6h,25,0.7901,15.8,2,100000,75000,25000,78.0
PV07934,52,O72,Obstetrics,95,>3d,5,0.99,19.8,6,300000,100000,200000,68.8
PV07935,46,C34,Oncology,74,6-24h,20,0.7063,14.13,6,200000,25000,175000,69.73
PV07936,39,K35,General Surgery,70,6-24h,20,0.6956,13.91,8,200000,100000,100000,69.91
PV07937,67,K56,General Surgery,85,2-6h,25,0.7355,14.71,4,100000,0,100000,77.71
PV07938,80,S27,Trauma,88,1-3d,10,0.8128,16.26,2,200000,150000,50000,63.46
PV07939,70,I61,Neurosurgery,98,6-24h,20,0.8715,17.43,4,75000,50000,25000,80.63
PV07940,54,K35,General Surgery,70,1-3d,10,0.8819,17.64,6,750000,150000,600000,61.64
PV07941,50,C18,Oncology,72,1-3d,10,0.9145,18.29,6,200000,25000,175000,63.09
PV07942,76,K92,Gastroenterology,88,2-6h,25,0.8092,16.18,2,150000,150000,0,78.38
PV07943,76,J18,Pulmonology,78,<2h,30,0.7804,15.61,2,1000000,75000,925000,78.81
PV07944,44,K35,General Surgery,70,2-6h,25,0.9833,19.67,8,200000,200000,0,80.67
PV07945,83,C22,Oncology,73,1-3d,10,0.5416,10.83,2,500000,25000,475000,52.03
PV07946,74,O00,Obstetrics,96,1-3d,10,0.8263,16.53,4,1000000,75000,925000,68.93
PV07947,75,N20,Urology,55,6-24h,20,0.863,17.26,2,750000,100000,650000,61.26
PV07948,21,K56,General Surgery,85,1-3d,10,0.99,19.8,10,150000,100000,50000,73.8
PV07949,26,J18,Pulmonology,78,6-24h,20,0.6539,13.08,10,300000,25000,275000,74.28
PV07950,38,I61,Neurosurgery,98,>3d,5,0.778,15.56,8,750000,50000,700000,67.76
PV07951,69,C18,Oncology,72,>3d,5,0.6842,13.68,4,300000,10000,290000,51.48
PV07952,23,A41,Critical Care,98,1-3d,10,0.6402,12.8,10,100000,100000,0,72.0
PV07953,23,N39,Urology,50,2-6h,25,0.7995,15.99,10,300000,50000,250000,70.99
PV07954,20,I60,Neurosurgery,98,6-24h,20,0.9033,18.07,10,50000,0,50000,87.27
PV07955,31,C34,Oncology,74,>3d,5,0.9406,18.81,8,750000,25000,725000,61.41
PV07956,80,K35,General Surgery,70,6-24h,20,0.7668,15.34,2,300000,25000,275000,65.34
PV07957,67,C50,Oncology,65,1-3d,10,0.8867,17.73,4,100000,75000,25000,57.73
PV07958,66,O72,Obstetrics,95,>3d,5,0.8002,16.0,4,200000,200000,0,63.0
PV07959,37,C22,Oncology,73,1-3d,10,0.8757,17.51,8,50000,50000,0,64.71
PV07960,60,C34,Oncology,74,1-3d,10,0.9354,18.71,4,500000,100000,400000,62.31
PV07961,70,S36,Trauma,90,6-24h,20,0.8006,16.01,4,300000,200000,100000,76.01
PV07962,54,I61,Neurosurgery,98,>3d,5,0.9277,18.55,6,50000,0,50000,68.75
PV07963,76,J18,Pulmonology,78,6-24h,20,0.6987,13.97,2,200000,150000,50000,67.17
PV07964,56,S72,Orthopedics,76,>3d,5,0.8857,17.71,6,50000,50000,0,59.11
PV07965,40,I60,Neurosurgery,98,6-24h,20,0.9234,18.47,8,150000,25000,125000,85.67
PV07966,61,J18,Pulmonology,78,1-3d,10,0.913,18.26,4,750000,25000,725000,63.46
PV07967,82,A41,Critical Care,98,>3d,5,0.7015,14.03,2,400000,25000,375000,60.23
PV07968,74,J96,Critical Care,98,1-3d,10,0.7994,15.99,4,200000,150000,50000,69.19
PV07969,51,I21,Cardiology,95,6-24h,20,0.8502,17.0,6,300000,50000,250000,81.0
PV07970,58,S36,Trauma,90,<2h,30,0.8643,17.29,6,300000,0,300000,89.29
PV07971,84,A41,Critical Care,98,1-3d,10,0.8316,16.63,2,50000,50000,0,67.83
PV07972,68,I61,Neurosurgery,98,1-3d,10,0.9629,19.26,4,100000,75000,25000,72.46
PV07973,52,S72,Orthopedics,76,6-24h,20,0.6904,13.81,6,750000,50000,700000,70.21
PV07974,37,A41,Critical Care,98,>3d,5,0.796,15.92,8,1000000,100000,900000,68.12
PV07975,79,K35,General Surgery,70,>3d,5,0.6512,13.02,2,75000,25000,50000,48.02
PV07976,84,O72,Obstetrics,95,>3d,5,0.8821,17.64,2,1000000,75000,925000,62.64
PV07977,22,I60,Neurosurgery,98,1-3d,10,0.8755,17.51,10,50000,0,50000,76.71
PV07978,20,C22,Oncology,73,>3d,5,0.99,19.8,10,300000,25000,275000,64.0
PV07979,25,O72,Obstetrics,95,>3d,5,0.9226,18.45,10,750000,25000,725000,71.45
PV07980,44,C22,Oncology,73,2-6h,25,0.8531,17.06,8,100000,100000,0,79.26
PV07981,28,I20,Cardiology,80,>3d,5,0.8455,16.91,10,1000000,150000,850000,63.91
PV07982,77,C22,Oncology,73,1-3d,10,0.7883,15.77,2,1000000,150000,850000,56.97
PV07983,80,N17,Nephrology,82,>3d,5,0.833,16.66,2,200000,50000,150000,56.46
PV07984,30,S27,Trauma,88,1-3d,10,0.8476,16.95,8,750000,25000,725000,70.15
PV07985,74,N20,Urology,55,1-3d,10,0.6235,12.47,4,50000,50000,0,48.47
PV07986,27,I61,Neurosurgery,98,6-24h,20,0.8397,16.79,10,300000,25000,275000,85.99
PV07987,71,G93,Neurology,80,<2h,30,0.8301,16.6,4,100000,75000,25000,82.6
PV07988,42,I74,Vascular Surgery,92,6-24h,20,0.99,19.8,8,400000,100000,300000,84.6
PV07989,20,I21,Cardiology,95,1-3d,10,0.8068,16.14,10,100000,100000,0,74.14
PV07990,47,J96,Critical Care,98,>3d,5,0.7434,14.87,6,200000,25000,175000,65.07
PV07991,73,J96,Critical Care,98,<2h,30,0.8469,16.94,4,500000,0,500000,90.14
PV07992,81,I21,Cardiology,95,2-6h,25,0.8274,16.55,2,100000,25000,75000,81.55
PV07993,26,C50,Oncology,65,1-3d,10,0.8069,16.14,10,750000,150000,600000,62.14
PV07994,74,I61,Neurosurgery,98,6-24h,20,0.6921,13.84,4,400000,50000,350000,77.04
PV07995,37,G93,Neurology,80,2-6h,25,0.8044,16.09,8,100000,50000,50000,81.09
PV07996,49,S72,Orthopedics,76,2-6h,25,0.7621,15.24,6,400000,50000,350000,76.64
PV07997,25,N20,Urology,55,1-3d,10,0.7984,15.97,10,150000,25000,125000,57.97
PV07998,84,K85,General Surgery,82,1-3d,10,0.8932,17.86,2,300000,150000,150000,62.66
PV07999,71,S06,Neurosurgery,95,>3d,5,0.7525,15.05,4,400000,100000,300000,62.05
PV08000,61,K56,General Surgery,85,6-24h,20,0.7979,15.96,4,750000,200000,550000,73.96
PV08001,67,C34,Oncology,74,2-6h,25,0.8741,17.48,4,150000,0,150000,76.08
PV08002,77,N20,Urology,55,1-3d,10,0.7931,15.86,2,200000,100000,100000,49.86
PV08003,27,I71,Cardiovascular Surgery,99,>3d,5,0.99,19.8,10,200000,0,200000,74.4
PV08004,34,K85,General Surgery,82,6-24h,20,0.8449,16.9,8,750000,0,750000,77.7
PV08005,20,K92,Gastroenterology,88,>3d,5,0.6958,13.92,10,750000,150000,600000,64.12
PV08006,51,G93,Neurology,80,1-3d,10,0.7361,14.72,6,100000,25000,75000,62.72
PV08007,51,S27,Trauma,88,>3d,5,0.726,14.52,6,75000,25000,50000,60.72
PV08008,20,J96,Critical Care,98,6-24h,20,0.7375,14.75,10,1000000,10000,990000,83.95
PV08009,62,I74,Vascular Surgery,92,2-6h,25,0.8737,17.47,4,75000,0,75000,83.27
PV08010,18,N17,Nephrology,82,2-6h,25,0.7093,14.19,10,100000,100000,0,81.99
PV08011,71,J18,Pulmonology,78,1-3d,10,0.7869,15.74,4,75000,75000,0,60.94
PV08012,65,K56,General Surgery,85,>3d,5,0.9343,18.69,4,75000,75000,0,61.69
PV08013,73,I60,Neurosurgery,98,6-24h,20,0.768,15.36,4,50000,10000,40000,78.56
PV08014,26,O72,Obstetrics,95,<2h,30,0.8871,17.74,10,400000,200000,200000,95.74
PV08015,77,S32,Orthopedics,82,<2h,30,0.6517,13.03,2,300000,0,300000,77.83
PV08016,55,K35,General Surgery,70,1-3d,10,0.7829,15.66,6,50000,50000,0,59.66
PV08017,76,S27,Trauma,88,>3d,5,0.7314,14.63,2,400000,75000,325000,56.83
PV08018,65,K35,General Surgery,70,6-24h,20,0.85,17.0,4,75000,0,75000,69.0
PV08019,62,J96,Critical Care,98,1-3d,10,0.7165,14.33,4,300000,75000,225000,67.53
PV08020,20,C18,Oncology,72,1-3d,10,0.99,19.8,10,500000,75000,425000,68.6
PV08021,65,I71,Cardiovascular Surgery,99,>3d,5,0.6561,13.12,4,200000,75000,125000,61.72
PV08022,48,J96,Critical Care,98,1-3d,10,0.9336,18.67,6,150000,25000,125000,73.87
PV08023,75,C22,Oncology,73,2-6h,25,0.9078,18.16,2,750000,200000,550000,74.36
PV08024,64,K56,General Surgery,85,1-3d,10,0.851,17.02,4,750000,10000,740000,65.02
PV08025,23,K56,General Surgery,85,1-3d,10,0.8254,16.51,10,750000,100000,650000,70.51
PV08026,78,N39,Urology,50,>3d,5,0.99,19.8,2,75000,25000,50000,46.8
PV08027,22,N17,Nephrology,82,1-3d,10,0.99,19.8,10,100000,50000,50000,72.6
PV08028,38,I60,Neurosurgery,98,2-6h,25,0.7993,15.99,8,150000,10000,140000,88.19
PV08029,32,S27,Trauma,88,1-3d,10,0.8358,16.72,8,75000,75000,0,69.92
PV08030,84,N17,Nephrology,82,1-3d,10,0.7648,15.3,2,150000,10000,140000,60.1
PV08031,28,J96,Critical Care,98,6-24h,20,0.7031,14.06,10,100000,25000,75000,83.26
PV08032,75,N17,Nephrology,82,>3d,5,0.8663,17.33,2,200000,50000,150000,57.13
PV08033,33,C34,Oncology,74,6-24h,20,0.845,16.9,8,500000,0,500000,74.5
PV08034,62,J96,Critical Care,98,>3d,5,0.659,13.18,4,200000,150000,50000,61.38
PV08035,24,T79,Trauma,92,6-24h,20,0.8656,17.31,10,500000,25000,475000,84.11
PV08036,44,S72,Orthopedics,76,<2h,30,0.8483,16.97,8,150000,150000,0,85.37
PV08037,60,K92,Gastroenterology,88,1-3d,10,0.7599,15.2,4,200000,100000,100000,64.4
PV08038,66,I61,Neurosurgery,98,1-3d,10,0.7533,15.07,4,150000,25000,125000,68.27
PV08039,77,I74,Vascular Surgery,92,>3d,5,0.8624,17.25,2,50000,50000,0,61.05
PV08040,73,N20,Urology,55,1-3d,10,0.9809,19.62,4,50000,50000,0,55.62
PV08041,53,I20,Cardiology,80,2-6h,25,0.8598,17.2,6,75000,50000,25000,80.2
PV08042,38,A41,Critical Care,98,>3d,5,0.898,17.96,8,400000,150000,250000,70.16
PV08043,35,C22,Oncology,73,1-3d,10,0.7368,14.74,8,50000,50000,0,61.94
PV08044,85,K56,General Surgery,85,6-24h,20,0.7786,15.57,2,200000,200000,0,71.57
PV08045,59,S27,Trauma,88,>3d,5,0.8808,17.62,6,75000,75000,0,63.82
PV08046,79,I74,Vascular Surgery,92,2-6h,25,0.6842,13.68,2,150000,150000,0,77.48
PV08047,47,S27,Trauma,88,2-6h,25,0.8407,16.81,6,100000,50000,50000,83.01
PV08048,51,N39,Urology,50,1-3d,10,0.8693,17.39,6,100000,50000,50000,53.39
PV08049,74,N20,Urology,55,1-3d,10,0.8161,16.32,4,300000,200000,100000,52.32
PV08050,67,S32,Orthopedics,82,6-24h,20,0.8519,17.04,4,750000,150000,600000,73.84
PV08051,31,J96,Critical Care,98,>3d,5,0.8258,16.52,8,400000,25000,375000,68.72
PV08052,53,K92,Gastroenterology,88,6-24h,20,0.7578,15.16,6,100000,100000,0,76.36
PV08053,32,S72,Orthopedics,76,>3d,5,0.7022,14.04,8,750000,75000,675000,57.44
PV08054,69,C34,Oncology,74,<2h,30,0.811,16.22,4,1000000,0,1000000,79.82
PV08055,20,C50,Oncology,65,2-6h,25,0.9505,19.01,10,500000,0,500000,80.01
PV08056,74,C34,Oncology,74,2-6h,25,0.9224,18.45,4,100000,0,100000,77.05
PV08057,81,C18,Oncology,72,<2h,30,0.7855,15.71,2,75000,25000,50000,76.51
PV08058,19,O72,Obstetrics,95,6-24h,20,0.7834,15.67,10,1000000,200000,800000,83.67
PV08059,60,C34,Oncology,74,>3d,5,0.776,15.52,4,750000,25000,725000,54.12
PV08060,23,N39,Urology,50,1-3d,10,0.776,15.52,10,200000,200000,0,55.52
PV08061,42,S36,Trauma,90,1-3d,10,0.8488,16.98,8,200000,50000,150000,70.98
PV08062,40,O00,Obstetrics,96,<2h,30,0.9257,18.51,8,300000,50000,250000,94.91
PV08063,53,K56,General Surgery,85,>3d,5,0.99,19.8,6,750000,25000,725000,64.8
PV08064,80,K85,General Surgery,82,6-24h,20,0.737,14.74,2,100000,100000,0,69.54
PV08065,49,S32,Orthopedics,82,1-3d,10,0.8851,17.7,6,400000,75000,325000,66.5
PV08066,45,C34,Oncology,74,1-3d,10,0.8742,17.48,6,1000000,25000,975000,63.08
PV08067,24,A41,Critical Care,98,2-6h,25,0.787,15.74,10,100000,100000,0,89.94
PV08068,78,N17,Nephrology,82,6-24h,20,0.7174,14.35,2,100000,100000,0,69.15
PV08069,39,T79,Trauma,92,>3d,5,0.8475,16.95,8,75000,75000,0,66.75
PV08070,49,S06,Neurosurgery,95,6-24h,20,0.99,19.8,6,500000,50000,450000,83.8
PV08071,24,I60,Neurosurgery,98,1-3d,10,0.8469,16.94,10,100000,100000,0,76.14
PV08072,37,S36,Trauma,90,>3d,5,0.7413,14.83,8,50000,25000,25000,63.83
PV08073,55,C34,Oncology,74,6-24h,20,0.8043,16.09,6,300000,200000,100000,71.69
PV08074,79,I74,Vascular Surgery,92,6-24h,20,0.706,14.12,2,300000,50000,250000,72.92
PV08075,40,T79,Trauma,92,6-24h,20,0.8219,16.44,8,50000,25000,25000,81.24
PV08076,56,G93,Neurology,80,1-3d,10,0.8883,17.77,6,500000,50000,450000,65.77
PV08077,77,O00,Obstetrics,96,6-24h,20,0.7507,15.01,2,300000,200000,100000,75.41
PV08078,42,S36,Trauma,90,6-24h,20,0.4944,9.89,8,200000,200000,0,73.89
PV08079,38,I60,Neurosurgery,98,6-24h,20,0.8477,16.95,8,150000,25000,125000,84.15
PV08080,21,T79,Trauma,92,>3d,5,0.7698,15.4,10,400000,200000,200000,67.2
PV08081,79,I20,Cardiology,80,>3d,5,0.7449,14.9,2,500000,25000,475000,53.9
PV08082,25,S72,Orthopedics,76,1-3d,10,0.7441,14.88,10,500000,10000,490000,65.28
PV08083,32,O00,Obstetrics,96,>3d,5,0.86,17.2,8,150000,10000,140000,68.6
PV08084,27,K80,General Surgery,65,1-3d,10,0.7792,15.58,10,300000,25000,275000,61.58
PV08085,66,C50,Oncology,65,>3d,5,0.913,18.26,4,100000,25000,75000,53.26
PV08086,42,K35,General Surgery,70,2-6h,25,0.9152,18.3,8,100000,25000,75000,79.3
PV08087,65,C50,Oncology,65,6-24h,20,0.7929,15.86,4,750000,50000,700000,65.86
PV08088,59,N39,Urology,50,>3d,5,0.7679,15.36,6,150000,0,150000,46.36
PV08089,19,K80,General Surgery,65,6-24h,20,0.8328,16.66,10,100000,50000,50000,72.66
PV08090,38,O72,Obstetrics,95,6-24h,20,0.8055,16.11,8,500000,75000,425000,82.11
PV08091,18,O00,Obstetrics,96,1-3d,10,0.6447,12.89,10,400000,50000,350000,71.29
PV08092,22,J96,Critical Care,98,1-3d,10,0.99,19.8,10,100000,50000,50000,79.0
PV08093,50,C34,Oncology,74,6-24h,20,0.8914,17.83,6,75000,10000,65000,73.43
PV08094,36,J96,Critical Care,98,6-24h,20,0.7737,15.47,8,400000,0,400000,82.67
PV08095,24,K85,General Surgery,82,6-24h,20,0.6284,12.57,10,1000000,200000,800000,75.37
PV08096,45,J96,Critical Care,98,2-6h,25,0.802,16.04,6,75000,75000,0,86.24
PV08097,48,K85,General Surgery,82,6-24h,20,0.7612,15.22,6,100000,50000,50000,74.02
PV08098,85,S36,Trauma,90,1-3d,10,0.8139,16.28,2,1000000,150000,850000,64.28
PV08099,62,I61,Neurosurgery,98,1-3d,10,0.6036,12.07,4,500000,10000,490000,65.27
PV08100,44,N20,Urology,55,6-24h,20,0.7728,15.46,8,400000,10000,390000,65.46
PV08101,50,S72,Orthopedics,76,6-24h,20,0.7789,15.58,6,150000,75000,75000,71.98
PV08102,24,K92,Gastroenterology,88,1-3d,10,0.8008,16.02,10,200000,100000,100000,71.22
PV08103,44,K56,General Surgery,85,2-6h,25,0.7964,15.93,8,75000,75000,0,82.93
PV08104,57,C50,Oncology,65,6-24h,20,0.8252,16.5,6,750000,25000,725000,68.5
PV08105,19,K56,General Surgery,85,2-6h,25,0.9721,19.44,10,300000,200000,100000,88.44
PV08106,80,N17,Nephrology,82,1-3d,10,0.7685,15.37,2,500000,100000,400000,60.17
PV08107,53,O72,Obstetrics,95,2-6h,25,0.7289,14.58,6,750000,25000,725000,83.58
PV08108,71,S72,Orthopedics,76,6-24h,20,0.6473,12.95,4,50000,50000,0,67.35
PV08109,36,C34,Oncology,74,1-3d,10,0.7689,15.38,8,750000,25000,725000,62.98
PV08110,74,T79,Trauma,92,1-3d,10,0.6799,13.6,4,150000,10000,140000,64.4
PV08111,42,I74,Vascular Surgery,92,1-3d,10,0.916,18.32,8,150000,0,150000,73.12
PV08112,81,G93,Neurology,80,>3d,5,0.8104,16.21,2,200000,50000,150000,55.21
PV08113,53,K56,General Surgery,85,1-3d,10,0.9139,18.28,6,100000,0,100000,68.28
PV08114,61,I71,Cardiovascular Surgery,99,6-24h,20,0.9666,19.33,4,150000,150000,0,82.93
PV08115,31,I74,Vascular Surgery,92,6-24h,20,0.7335,14.67,8,400000,200000,200000,79.47
PV08116,85,K92,Gastroenterology,88,<2h,30,0.7853,15.71,2,150000,100000,50000,82.91
PV08117,31,S06,Neurosurgery,95,6-24h,20,0.9532,19.06,8,400000,150000,250000,85.06
PV08118,20,S36,Trauma,90,2-6h,25,0.8389,16.78,10,150000,100000,50000,87.78
PV08119,47,S27,Trauma,88,6-24h,20,0.8722,17.44,6,150000,100000,50000,78.64
PV08120,74,T79,Trauma,92,1-3d,10,0.9233,18.47,4,75000,75000,0,69.27
PV08121,80,O72,Obstetrics,95,1-3d,10,0.9097,18.19,2,750000,75000,675000,68.19
PV08122,76,C22,Oncology,73,6-24h,20,0.861,17.22,2,75000,75000,0,68.42
PV08123,55,K80,General Surgery,65,6-24h,20,0.9596,19.19,6,300000,10000,290000,71.19
PV08124,80,N20,Urology,55,2-6h,25,0.8132,16.26,2,100000,100000,0,65.26
PV08125,51,K80,General Surgery,65,6-24h,20,0.8719,17.44,6,1000000,100000,900000,69.44
PV08126,50,K35,General Surgery,70,6-24h,20,0.8023,16.05,6,50000,0,50000,70.05
PV08127,30,S72,Orthopedics,76,6-24h,20,0.9221,18.44,8,200000,10000,190000,76.84
PV08128,71,J18,Pulmonology,78,6-24h,20,0.7499,15.0,4,300000,10000,290000,70.2
PV08129,39,A41,Critical Care,98,>3d,5,0.6517,13.03,8,1000000,10000,990000,65.23
PV08130,31,S06,Neurosurgery,95,1-3d,10,0.8855,17.71,8,75000,75000,0,73.71
PV08131,43,K35,General Surgery,70,1-3d,10,0.718,14.36,8,750000,150000,600000,60.36
PV08132,59,S32,Orthopedics,82,<2h,30,0.7081,14.16,6,50000,50000,0,82.96
PV08133,36,C34,Oncology,74,2-6h,25,0.9465,18.93,8,100000,10000,90000,81.53
PV08134,42,I71,Cardiovascular Surgery,99,6-24h,20,0.9166,18.33,8,750000,75000,675000,85.93
PV08135,40,K80,General Surgery,65,>3d,5,0.7857,15.71,8,150000,150000,0,54.71
PV08136,58,C50,Oncology,65,2-6h,25,0.5155,10.31,6,300000,200000,100000,67.31
PV08137,66,T79,Trauma,92,6-24h,20,0.8733,17.47,4,150000,0,150000,78.27
PV08138,63,N39,Urology,50,>3d,5,0.8863,17.73,4,750000,100000,650000,46.73
PV08139,27,I20,Cardiology,80,6-24h,20,0.8717,17.43,10,50000,0,50000,79.43
PV08140,41,K56,General Surgery,85,6-24h,20,0.8671,17.34,8,1000000,0,1000000,79.34
PV08141,62,S32,Orthopedics,82,1-3d,10,0.8019,16.04,4,100000,100000,0,62.84
PV08142,32,S36,Trauma,90,6-24h,20,0.779,15.58,8,300000,200000,100000,79.58
PV08143,22,S27,Trauma,88,>3d,5,0.7094,14.19,10,100000,10000,90000,64.39
PV08144,39,C34,Oncology,74,2-6h,25,0.7503,15.01,8,500000,150000,350000,77.61
PV08145,64,C18,Oncology,72,1-3d,10,0.8521,17.04,4,500000,200000,300000,59.84
PV08146,63,S27,Trauma,88,6-24h,20,0.8538,17.08,4,75000,75000,0,76.28
PV08147,26,C22,Oncology,73,1-3d,10,0.899,17.98,10,100000,10000,90000,67.18
PV08148,64,K56,General Surgery,85,1-3d,10,0.6794,13.59,4,400000,100000,300000,61.59
PV08149,31,I61,Neurosurgery,98,1-3d,10,0.6541,13.08,8,300000,75000,225000,70.28
PV08150,68,I21,Cardiology,95,>3d,5,0.782,15.64,4,300000,25000,275000,62.64
PV08151,56,T79,Trauma,92,1-3d,10,0.718,14.36,6,150000,150000,0,67.16
PV08152,26,S27,Trauma,88,2-6h,25,0.8386,16.77,10,400000,75000,325000,86.97
PV08153,41,S72,Orthopedics,76,<2h,30,0.689,13.78,8,1000000,25000,975000,82.18
PV08154,73,C34,Oncology,74,6-24h,20,0.938,18.76,4,75000,50000,25000,72.36
PV08155,47,S72,Orthopedics,76,6-24h,20,0.7378,14.76,6,400000,25000,375000,71.16
PV08156,64,J18,Pulmonology,78,6-24h,20,0.9793,19.59,4,1000000,75000,925000,74.79
PV08157,68,I60,Neurosurgery,98,1-3d,10,0.8724,17.45,4,100000,25000,75000,70.65
PV08158,20,K35,General Surgery,70,1-3d,10,0.7145,14.29,10,200000,100000,100000,62.29
PV08159,81,N39,Urology,50,>3d,5,0.99,19.8,2,300000,50000,250000,46.8
PV08160,40,S72,Orthopedics,76,6-24h,20,0.8465,16.93,8,500000,0,500000,75.33
PV08161,71,K56,General Surgery,85,1-3d,10,0.8366,16.73,4,400000,0,400000,64.73
PV08162,49,S36,Trauma,90,1-3d,10,0.8135,16.27,6,1000000,0,1000000,68.27
PV08163,57,K85,General Surgery,82,>3d,5,0.8667,17.33,6,300000,10000,290000,61.13
PV08164,42,I71,Cardiovascular Surgery,99,1-3d,10,0.8725,17.45,8,750000,0,750000,75.05
PV08165,76,I71,Cardiovascular Surgery,99,6-24h,20,0.7335,14.67,2,300000,100000,200000,76.27
PV08166,25,N20,Urology,55,<2h,30,0.7986,15.97,10,150000,75000,75000,77.97
PV08167,78,S06,Neurosurgery,95,>3d,5,0.8316,16.63,2,400000,0,400000,61.63
PV08168,32,I74,Vascular Surgery,92,1-3d,10,0.8783,17.57,8,200000,50000,150000,72.37
PV08169,78,O72,Obstetrics,95,1-3d,10,0.88,17.6,2,400000,25000,375000,67.6
PV08170,19,N17,Nephrology,82,1-3d,10,0.8365,16.73,10,400000,75000,325000,69.53
PV08171,18,I20,Cardiology,80,1-3d,10,0.765,15.3,10,50000,50000,0,67.3
PV08172,24,N39,Urology,50,1-3d,10,0.7598,15.2,10,300000,75000,225000,55.2
PV08173,55,I71,Cardiovascular Surgery,99,>3d,5,0.7009,14.02,6,50000,50000,0,64.62
PV08174,36,N17,Nephrology,82,>3d,5,0.8793,17.59,8,200000,0,200000,63.39
PV08175,58,I21,Cardiology,95,6-24h,20,0.7584,15.17,6,400000,150000,250000,79.17
PV08176,73,C18,Oncology,72,<2h,30,0.8008,16.02,4,400000,150000,250000,78.82
PV08177,19,K35,General Surgery,70,<2h,30,0.8438,16.88,10,75000,75000,0,84.88
PV08178,53,I61,Neurosurgery,98,6-24h,20,0.8204,16.41,6,1000000,100000,900000,81.61
PV08179,68,C50,Oncology,65,1-3d,10,0.8194,16.39,4,500000,25000,475000,56.39
PV08180,46,K56,General Surgery,85,1-3d,10,0.7295,14.59,6,150000,100000,50000,64.59
PV08181,80,O72,Obstetrics,95,6-24h,20,0.8469,16.94,2,200000,200000,0,76.94
PV08182,63,S06,Neurosurgery,95,6-24h,20,0.7887,15.77,4,75000,0,75000,77.77
PV08183,20,K80,General Surgery,65,6-24h,20,0.8114,16.23,10,150000,75000,75000,72.23
PV08184,54,K80,General Surgery,65,1-3d,10,0.9358,18.72,6,400000,100000,300000,60.72
PV08185,44,J18,Pulmonology,78,1-3d,10,0.8705,17.41,8,750000,200000,550000,66.61
PV08186,26,G93,Neurology,80,2-6h,25,0.7629,15.26,10,300000,75000,225000,82.26
PV08187,82,S72,Orthopedics,76,6-24h,20,0.8051,16.1,2,100000,100000,0,68.5
PV08188,33,K56,General Surgery,85,1-3d,10,0.9799,19.6,8,1000000,150000,850000,71.6
PV08189,23,K35,General Surgery,70,1-3d,10,0.7893,15.79,10,300000,150000,150000,63.79
PV08190,33,A41,Critical Care,98,1-3d,10,0.824,16.48,8,500000,0,500000,73.68
PV08191,73,A41,Critical Care,98,>3d,5,0.8864,17.73,4,500000,75000,425000,65.93
PV08192,58,I74,Vascular Surgery,92,2-6h,25,0.8415,16.83,6,150000,100000,50000,84.63
PV08193,73,A41,Critical Care,98,6-24h,20,0.7827,15.65,4,50000,0,50000,78.85
PV08194,49,J18,Pulmonology,78,6-24h,20,0.7457,14.91,6,400000,200000,200000,72.11
PV08195,25,K35,General Surgery,70,6-24h,20,0.819,16.38,10,750000,100000,650000,74.38
PV08196,44,C18,Oncology,72,6-24h,20,0.8858,17.72,8,750000,150000,600000,74.52
PV08197,31,K85,General Surgery,82,<2h,30,0.9521,19.04,8,750000,100000,650000,89.84
PV08198,55,C50,Oncology,65,<2h,30,0.6735,13.47,6,150000,150000,0,75.47
PV08199,36,O00,Obstetrics,96,1-3d,10,0.99,19.8,8,1000000,200000,800000,76.2
PV08200,83,N39,Urology,50,2-6h,25,0.7912,15.82,2,50000,0,50000,62.82
PV08201,43,S72,Orthopedics,76,1-3d,10,0.9125,18.25,8,150000,150000,0,66.65
PV08202,39,I71,Cardiovascular Surgery,99,6-24h,20,0.7462,14.92,8,400000,75000,325000,82.52
PV08203,84,J18,Pulmonology,78,6-24h,20,0.6589,13.18,2,150000,50000,100000,66.38
PV08204,53,C34,Oncology,74,2-6h,25,0.6887,13.77,6,50000,10000,40000,74.37
PV08205,29,S72,Orthopedics,76,<2h,30,0.7869,15.74,10,75000,50000,25000,86.14
PV08206,50,N17,Nephrology,82,6-24h,20,0.8724,17.45,6,1000000,75000,925000,76.25
PV08207,35,O72,Obstetrics,95,1-3d,10,0.8231,16.46,8,200000,75000,125000,72.46
PV08208,66,I74,Vascular Surgery,92,>3d,5,0.795,15.9,4,75000,75000,0,61.7
PV08209,57,I74,Vascular Surgery,92,<2h,30,0.9318,18.64,6,400000,100000,300000,91.44
PV08210,67,N39,Urology,50,<2h,30,0.8202,16.4,4,150000,100000,50000,70.4
PV08211,81,C50,Oncology,65,2-6h,25,0.848,16.96,2,150000,75000,75000,69.96
PV08212,67,I61,Neurosurgery,98,1-3d,10,0.99,19.8,4,1000000,200000,800000,73.0
PV08213,41,K92,Gastroenterology,88,2-6h,25,0.8192,16.38,8,300000,200000,100000,84.58
PV08214,31,N20,Urology,55,6-24h,20,0.7504,15.01,8,50000,50000,0,65.01
PV08215,53,I60,Neurosurgery,98,>3d,5,0.8681,17.36,6,1000000,100000,900000,67.56
PV08216,48,N20,Urology,55,>3d,5,0.8934,17.87,6,50000,10000,40000,50.87
PV08217,39,J18,Pulmonology,78,1-3d,10,0.8501,17.0,8,400000,200000,200000,66.2
PV08218,73,N39,Urology,50,2-6h,25,0.8357,16.71,4,75000,75000,0,65.71
PV08219,79,O72,Obstetrics,95,6-24h,20,0.9682,19.36,2,100000,25000,75000,79.36
PV08220,43,O00,Obstetrics,96,6-24h,20,0.9557,19.11,8,1000000,200000,800000,85.51
PV08221,64,I74,Vascular Surgery,92,1-3d,10,0.8083,16.17,4,75000,75000,0,66.97
PV08222,84,I74,Vascular Surgery,92,1-3d,10,0.7557,15.11,2,1000000,100000,900000,63.91
PV08223,18,C18,Oncology,72,2-6h,25,0.8629,17.26,10,100000,25000,75000,81.06
PV08224,42,T79,Trauma,92,>3d,5,0.7551,15.1,8,150000,25000,125000,64.9
PV08225,68,I20,Cardiology,80,6-24h,20,0.9085,18.17,4,1000000,50000,950000,74.17
PV08226,51,S32,Orthopedics,82,1-3d,10,0.8624,17.25,6,500000,10000,490000,66.05
PV08227,71,C18,Oncology,72,<2h,30,0.99,19.8,4,100000,10000,90000,82.6
PV08228,50,O00,Obstetrics,96,6-24h,20,0.9673,19.35,6,500000,50000,450000,83.75
PV08229,22,K85,General Surgery,82,<2h,30,0.7121,14.24,10,200000,200000,0,87.04
PV08230,47,S32,Orthopedics,82,1-3d,10,0.7681,15.36,6,50000,0,50000,64.16
PV08231,45,I74,Vascular Surgery,92,<2h,30,0.6286,12.57,6,100000,25000,75000,85.37
PV08232,75,I71,Cardiovascular Surgery,99,6-24h,20,0.6062,12.12,2,100000,25000,75000,73.72
PV08233,28,I20,Cardiology,80,1-3d,10,0.8314,16.63,10,200000,10000,190000,68.63
PV08234,28,J18,Pulmonology,78,1-3d,10,0.7008,14.02,10,750000,0,750000,65.22
PV08235,27,K85,General Surgery,82,1-3d,10,0.9841,19.68,10,300000,10000,290000,72.48
PV08236,56,G93,Neurology,80,1-3d,10,0.9358,18.72,6,75000,75000,0,66.72
PV08237,85,K92,Gastroenterology,88,1-3d,10,0.7929,15.86,2,400000,50000,350000,63.06
PV08238,60,I74,Vascular Surgery,92,1-3d,10,0.7872,15.74,4,300000,75000,225000,66.54
PV08239,73,O00,Obstetrics,96,6-24h,20,0.9685,19.37,4,150000,150000,0,81.77
PV08240,75,O72,Obstetrics,95,<2h,30,0.99,19.8,2,100000,0,100000,89.8
PV08241,58,N20,Urology,55,6-24h,20,0.7267,14.53,6,500000,25000,475000,62.53
PV08242,59,K92,Gastroenterology,88,<2h,30,0.7139,14.28,6,300000,150000,150000,85.48
PV08243,34,N17,Nephrology,82,6-24h,20,0.7899,15.8,8,200000,10000,190000,76.6
PV08244,83,S32,Orthopedics,82,6-24h,20,0.8631,17.26,2,75000,0,75000,72.06
PV08245,71,J18,Pulmonology,78,2-6h,25,0.7686,15.37,4,75000,10000,65000,75.57
PV08246,77,I20,Cardiology,80,1-3d,10,0.8652,17.3,2,100000,50000,50000,61.3
PV08247,84,S27,Trauma,88,1-3d,10,0.99,19.8,2,400000,25000,375000,67.0
PV08248,41,S36,Trauma,90,1-3d,10,0.6794,13.59,8,50000,50000,0,67.59
PV08249,27,S27,Trauma,88,>3d,5,0.7754,15.51,10,50000,10000,40000,65.71
PV08250,76,C22,Oncology,73,6-24h,20,0.6813,13.63,2,1000000,75000,925000,64.83
PV08251,50,C18,Oncology,72,6-24h,20,0.7363,14.73,6,100000,100000,0,69.53
PV08252,83,K35,General Surgery,70,2-6h,25,0.7905,15.81,2,75000,25000,50000,70.81
PV08253,65,I60,Neurosurgery,98,1-3d,10,0.7473,14.95,4,1000000,75000,925000,68.15
PV08254,35,O00,Obstetrics,96,2-6h,25,0.872,17.44,8,200000,100000,100000,88.84
PV08255,42,T79,Trauma,92,>3d,5,0.8351,16.7,8,50000,0,50000,66.5
PV08256,59,O72,Obstetrics,95,6-24h,20,0.8499,17.0,6,200000,25000,175000,81.0
PV08257,44,N17,Nephrology,82,6-24h,20,0.7893,15.79,8,50000,50000,0,76.59
PV08258,37,S32,Orthopedics,82,1-3d,10,0.7985,15.97,8,150000,25000,125000,66.77
PV08259,32,O00,Obstetrics,96,6-24h,20,0.7849,15.7,8,1000000,50000,950000,82.1
PV08260,62,N39,Urology,50,1-3d,10,0.7951,15.9,4,500000,50000,450000,49.9
PV08261,20,C34,Oncology,74,1-3d,10,0.8619,17.24,10,200000,200000,0,66.84
PV08262,24,N20,Urology,55,1-3d,10,0.6277,12.55,10,150000,0,150000,54.55
PV08263,20,S32,Orthopedics,82,1-3d,10,0.8488,16.98,10,300000,100000,200000,69.78
PV08264,67,C18,Oncology,72,6-24h,20,0.7331,14.66,4,400000,200000,200000,67.46
PV08265,19,I60,Neurosurgery,98,6-24h,20,0.7861,15.72,10,500000,200000,300000,84.92
PV08266,46,S27,Trauma,88,1-3d,10,0.6638,13.28,6,300000,75000,225000,64.48
PV08267,26,K35,General Surgery,70,6-24h,20,0.7841,15.68,10,50000,50000,0,73.68
PV08268,57,O00,Obstetrics,96,6-24h,20,0.8478,16.96,6,750000,10000,740000,81.36
PV08269,20,K35,General Surgery,70,2-6h,25,0.8657,17.31,10,150000,25000,125000,80.31
PV08270,19,O00,Obstetrics,96,1-3d,10,0.7014,14.03,10,750000,150000,600000,72.43
PV08271,45,K85,General Surgery,82,<2h,30,0.8609,17.22,6,750000,0,750000,86.02
PV08272,65,I21,Cardiology,95,>3d,5,0.934,18.68,4,100000,100000,0,65.68
PV08273,25,S06,Neurosurgery,95,2-6h,25,0.7706,15.41,10,300000,200000,100000,88.41
PV08274,51,O00,Obstetrics,96,6-24h,20,0.8201,16.4,6,500000,50000,450000,80.8
PV08275,73,I61,Neurosurgery,98,6-24h,20,0.6131,12.26,4,150000,150000,0,75.46
PV08276,60,G93,Neurology,80,6-24h,20,0.7303,14.61,4,500000,200000,300000,70.61
PV08277,69,K80,General Surgery,65,6-24h,20,0.8471,16.94,4,300000,150000,150000,66.94
PV08278,39,N20,Urology,55,1-3d,10,0.9155,18.31,8,1000000,75000,925000,58.31
PV08279,82,K56,General Surgery,85,2-6h,25,0.7601,15.2,2,750000,75000,675000,76.2
PV08280,27,S32,Orthopedics,82,6-24h,20,0.99,19.8,10,1000000,10000,990000,82.6
PV08281,59,C34,Oncology,74,2-6h,25,0.8514,17.03,6,100000,10000,90000,77.63
PV08282,47,S36,Trauma,90,6-24h,20,0.6927,13.85,6,500000,150000,350000,75.85
PV08283,20,I21,Cardiology,95,>3d,5,0.9487,18.97,10,500000,75000,425000,71.97
PV08284,82,O00,Obstetrics,96,6-24h,20,0.6947,13.89,2,200000,200000,0,74.29
PV08285,65,S32,Orthopedics,82,1-3d,10,0.8528,17.06,4,75000,75000,0,63.86
PV08286,33,I60,Neurosurgery,98,6-24h,20,0.7271,14.54,8,100000,25000,75000,81.74
PV08287,21,I60,Neurosurgery,98,6-24h,20,0.6843,13.69,10,300000,200000,100000,82.89
PV08288,63,S36,Trauma,90,1-3d,10,0.9162,18.32,4,750000,0,750000,68.32
PV08289,55,O00,Obstetrics,96,<2h,30,0.794,15.88,6,1000000,0,1000000,90.28
PV08290,21,O72,Obstetrics,95,>3d,5,0.99,19.8,10,1000000,75000,925000,72.8
PV08291,85,S27,Trauma,88,6-24h,20,0.7182,14.36,2,1000000,75000,925000,71.56
PV08292,66,J96,Critical Care,98,6-24h,20,0.664,13.28,4,50000,50000,0,76.48
PV08293,49,I60,Neurosurgery,98,>3d,5,0.772,15.44,6,1000000,100000,900000,65.64
PV08294,34,I21,Cardiology,95,6-24h,20,0.99,19.8,8,300000,25000,275000,85.8
PV08295,36,I61,Neurosurgery,98,>3d,5,0.9034,18.07,8,50000,10000,40000,70.27
PV08296,48,C50,Oncology,65,>3d,5,0.8754,17.51,6,75000,75000,0,54.51
PV08297,21,S32,Orthopedics,82,6-24h,20,0.8787,17.57,10,100000,25000,75000,80.37
PV08298,43,S72,Orthopedics,76,6-24h,20,0.7715,15.43,8,100000,10000,90000,73.83
PV08299,32,I61,Neurosurgery,98,1-3d,10,0.99,19.8,8,75000,0,75000,77.0
PV08300,25,S27,Trauma,88,2-6h,25,0.8658,17.32,10,150000,150000,0,87.52
PV08301,26,C22,Oncology,73,1-3d,10,0.8564,17.13,10,300000,150000,150000,66.33
PV08302,41,J96,Critical Care,98,2-6h,25,0.9185,18.37,8,150000,150000,0,90.57
PV08303,44,O72,Obstetrics,95,2-6h,25,0.6927,13.85,8,400000,150000,250000,84.85
PV08304,41,N17,Nephrology,82,6-24h,20,0.7321,14.64,8,500000,10000,490000,75.44
PV08305,64,I74,Vascular Surgery,92,1-3d,10,0.7954,15.91,4,150000,0,150000,66.71
PV08306,53,S72,Orthopedics,76,1-3d,10,0.9191,18.38,6,50000,50000,0,64.78
PV08307,31,O72,Obstetrics,95,1-3d,10,0.6902,13.8,8,150000,75000,75000,69.8
PV08308,84,O72,Obstetrics,95,6-24h,20,0.8133,16.27,2,400000,0,400000,76.27
PV08309,67,N20,Urology,55,6-24h,20,0.7991,15.98,4,150000,150000,0,61.98
PV08310,49,J18,Pulmonology,78,6-24h,20,0.6626,13.25,6,300000,100000,200000,70.45
PV08311,21,I60,Neurosurgery,98,6-24h,20,0.7691,15.38,10,750000,100000,650000,84.58
PV08312,80,I21,Cardiology,95,6-24h,20,0.8742,17.48,2,500000,75000,425000,77.48
PV08313,68,S27,Trauma,88,1-3d,10,0.6717,13.43,4,400000,200000,200000,62.63
PV08314,49,N39,Urology,50,2-6h,25,0.9611,19.22,6,50000,50000,0,70.22
PV08315,28,I60,Neurosurgery,98,<2h,30,0.8668,17.34,10,500000,75000,425000,96.54
PV08316,25,I61,Neurosurgery,98,1-3d,10,0.8546,17.09,10,150000,75000,75000,76.29
PV08317,37,C50,Oncology,65,<2h,30,0.8208,16.42,8,200000,150000,50000,80.42
PV08318,33,S72,Orthopedics,76,>3d,5,0.7108,14.22,8,400000,25000,375000,57.62
PV08319,32,A41,Critical Care,98,6-24h,20,0.755,15.1,8,750000,150000,600000,82.3
PV08320,45,A41,Critical Care,98,<2h,30,0.8562,17.12,6,500000,10000,490000,92.32
PV08321,21,C34,Oncology,74,>3d,5,0.7548,15.1,10,150000,0,150000,59.7
PV08322,40,O00,Obstetrics,96,1-3d,10,0.8389,16.78,8,200000,0,200000,73.18
PV08323,77,C34,Oncology,74,1-3d,10,0.7301,14.6,2,150000,25000,125000,56.2
PV08324,76,I71,Cardiovascular Surgery,99,6-24h,20,0.8651,17.3,2,200000,75000,125000,78.9
PV08325,18,O00,Obstetrics,96,6-24h,20,0.8726,17.45,10,500000,200000,300000,85.85
PV08326,64,G93,Neurology,80,1-3d,10,0.6572,13.14,4,1000000,200000,800000,59.14
PV08327,85,I74,Vascular Surgery,92,6-24h,20,0.8267,16.53,2,150000,0,150000,75.33
PV08328,57,S36,Trauma,90,1-3d,10,0.6678,13.36,6,150000,150000,0,65.36
PV08329,44,K35,General Surgery,70,6-24h,20,0.6339,12.68,8,750000,10000,740000,68.68
PV08330,51,C34,Oncology,74,6-24h,20,0.7606,15.21,6,75000,50000,25000,70.81
PV08331,32,I21,Cardiology,95,2-6h,25,0.99,19.8,8,150000,150000,0,90.8
PV08332,45,J96,Critical Care,98,1-3d,10,0.8975,17.95,6,1000000,200000,800000,73.15
PV08333,81,N20,Urology,55,6-24h,20,0.9592,19.18,2,750000,150000,600000,63.18
PV08334,59,I21,Cardiology,95,>3d,5,0.8808,17.62,6,750000,10000,740000,66.62
PV08335,47,C22,Oncology,73,6-24h,20,0.8405,16.81,6,750000,0,750000,72.01
PV08336,26,S27,Trauma,88,6-24h,20,0.9095,18.19,10,100000,100000,0,83.39
PV08337,79,S36,Trauma,90,6-24h,20,0.756,15.12,2,50000,10000,40000,73.12
PV08338,29,N17,Nephrology,82,1-3d,10,0.8671,17.34,10,750000,10000,740000,70.14
PV08339,67,C34,Oncology,74,1-3d,10,0.9377,18.75,4,200000,75000,125000,62.35
PV08340,38,S72,Orthopedics,76,6-24h,20,0.8899,17.8,8,100000,10000,90000,76.2
PV08341,36,I20,Cardiology,80,6-24h,20,0.9443,18.89,8,200000,100000,100000,78.89
PV08342,29,K92,Gastroenterology,88,1-3d,10,0.8383,16.77,10,750000,150000,600000,71.97
PV08343,43,A41,Critical Care,98,2-6h,25,0.9892,19.78,8,200000,25000,175000,91.98
PV08344,64,N20,Urology,55,1-3d,10,0.7992,15.98,4,400000,50000,350000,51.98
PV08345,46,I74,Vascular Surgery,92,1-3d,10,0.99,19.8,6,300000,200000,100000,72.6
PV08346,19,C22,Oncology,73,6-24h,20,0.8774,17.55,10,200000,200000,0,76.75
PV08347,35,J96,Critical Care,98,1-3d,10,0.7816,15.63,8,1000000,0,1000000,72.83
PV08348,28,I71,Cardiovascular Surgery,99,1-3d,10,0.7021,14.04,10,1000000,100000,900000,73.64
PV08349,45,N20,Urology,55,2-6h,25,0.7392,14.78,6,200000,0,200000,67.78
PV08350,79,S32,Orthopedics,82,6-24h,20,0.7241,14.48,2,750000,10000,740000,69.28
PV08351,83,S06,Neurosurgery,95,6-24h,20,0.8111,16.22,2,500000,100000,400000,76.22
PV08352,85,N17,Nephrology,82,1-3d,10,0.6926,13.85,2,75000,0,75000,58.65
PV08353,25,K85,General Surgery,82,1-3d,10,0.9493,18.99,10,750000,10000,740000,71.79
PV08354,51,C18,Oncology,72,6-24h,20,0.8311,16.62,6,500000,50000,450000,71.42
PV08355,21,N17,Nephrology,82,6-24h,20,0.827,16.54,10,750000,50000,700000,79.34
PV08356,51,C22,Oncology,73,<2h,30,0.7035,14.07,6,500000,75000,425000,79.27
PV08357,57,K92,Gastroenterology,88,<2h,30,0.7431,14.86,6,1000000,200000,800000,86.06
PV08358,70,C34,Oncology,74,6-24h,20,0.598,11.96,4,300000,50000,250000,65.56
PV08359,40,C50,Oncology,65,2-6h,25,0.9818,19.64,8,50000,25000,25000,78.64
PV08360,20,I20,Cardiology,80,2-6h,25,0.6782,13.56,10,100000,10000,90000,80.56
PV08361,48,K56,General Surgery,85,1-3d,10,0.6858,13.72,6,75000,75000,0,63.72
PV08362,47,N20,Urology,55,1-3d,10,0.9613,19.23,6,100000,10000,90000,57.23
PV08363,60,S32,Orthopedics,82,<2h,30,0.8588,17.18,4,300000,0,300000,83.98
PV08364,24,S06,Neurosurgery,95,1-3d,10,0.8321,16.64,10,1000000,75000,925000,74.64
PV08365,59,I20,Cardiology,80,2-6h,25,0.854,17.08,6,500000,100000,400000,80.08
PV08366,45,C50,Oncology,65,6-24h,20,0.9154,18.31,6,200000,0,200000,70.31
PV08367,68,K85,General Surgery,82,>3d,5,0.83,16.6,4,200000,100000,100000,58.4
PV08368,84,O72,Obstetrics,95,1-3d,10,0.6656,13.31,2,300000,50000,250000,63.31
PV08369,33,O72,Obstetrics,95,<2h,30,0.8933,17.87,8,200000,150000,50000,93.87
PV08370,69,N39,Urology,50,6-24h,20,0.8622,17.24,4,300000,0,300000,61.24
PV08371,26,C22,Oncology,73,1-3d,10,0.9372,18.74,10,1000000,200000,800000,67.94
PV08372,84,T79,Trauma,92,6-24h,20,0.6951,13.9,2,75000,75000,0,72.7
PV08373,50,C34,Oncology,74,>3d,5,0.7471,14.94,6,150000,100000,50000,55.54
PV08374,68,S06,Neurosurgery,95,6-24h,20,0.8592,17.18,4,50000,50000,0,79.18
PV08375,70,N39,Urology,50,<2h,30,0.7255,14.51,4,750000,100000,650000,68.51
PV08376,59,K35,General Surgery,70,1-3d,10,0.5847,11.69,6,75000,10000,65000,55.69
PV08377,44,K56,General Surgery,85,1-3d,10,0.8397,16.79,8,400000,200000,200000,68.79
PV08378,69,I61,Neurosurgery,98,6-24h,20,0.9095,18.19,4,50000,50000,0,81.39
PV08379,50,K92,Gastroenterology,88,>3d,5,0.8071,16.14,6,200000,150000,50000,62.34
PV08380,62,O72,Obstetrics,95,>3d,5,0.8748,17.5,4,750000,50000,700000,64.5
PV08381,59,J96,Critical Care,98,2-6h,25,0.8603,17.21,6,1000000,10000,990000,87.41
PV08382,49,I61,Neurosurgery,98,<2h,30,0.821,16.42,6,75000,75000,0,91.62
PV08383,25,S27,Trauma,88,6-24h,20,0.8336,16.67,10,400000,75000,325000,81.87
PV08384,37,N20,Urology,55,1-3d,10,0.9549,19.1,8,100000,25000,75000,59.1
PV08385,81,C22,Oncology,73,1-3d,10,0.7236,14.47,2,500000,200000,300000,55.67
PV08386,53,N17,Nephrology,82,6-24h,20,0.8973,17.95,6,300000,50000,250000,76.75
PV08387,61,C18,Oncology,72,>3d,5,0.7019,14.04,4,500000,200000,300000,51.84
PV08388,35,G93,Neurology,80,6-24h,20,0.7405,14.81,8,750000,200000,550000,74.81
PV08389,65,N39,Urology,50,1-3d,10,0.9396,18.79,4,150000,0,150000,52.79
PV08390,51,I71,Cardiovascular Surgery,99,1-3d,10,0.699,13.98,6,50000,10000,40000,69.58
PV08391,32,C22,Oncology,73,2-6h,25,0.7958,15.92,8,150000,50000,100000,78.12
PV08392,27,O00,Obstetrics,96,6-24h,20,0.99,19.8,10,100000,75000,25000,88.2
PV08393,44,N39,Urology,50,2-6h,25,0.9226,18.45,8,75000,0,75000,71.45
PV08394,56,S06,Neurosurgery,95,>3d,5,0.7463,14.93,6,500000,10000,490000,63.93
PV08395,37,I61,Neurosurgery,98,6-24h,20,0.7634,15.27,8,1000000,150000,850000,82.47
PV08396,34,I20,Cardiology,80,1-3d,10,0.803,16.06,8,300000,50000,250000,66.06
PV08397,36,C50,Oncology,65,6-24h,20,0.9512,19.02,8,300000,75000,225000,73.02
PV08398,37,K56,General Surgery,85,6-24h,20,0.7198,14.4,8,300000,75000,225000,76.4
PV08399,68,I20,Cardiology,80,>3d,5,0.7138,14.28,4,750000,200000,550000,55.28
PV08400,51,S06,Neurosurgery,95,6-24h,20,0.8913,17.83,6,50000,0,50000,81.83
PV08401,49,C50,Oncology,65,1-3d,10,0.6519,13.04,6,300000,75000,225000,55.04
PV08402,29,A41,Critical Care,98,6-24h,20,0.7289,14.58,10,750000,0,750000,83.78
PV08403,55,I61,Neurosurgery,98,2-6h,25,0.8115,16.23,6,75000,0,75000,86.43
PV08404,83,T79,Trauma,92,<2h,30,0.8166,16.33,2,300000,50000,250000,85.13
PV08405,68,G93,Neurology,80,2-6h,25,0.6835,13.67,4,50000,50000,0,74.67
PV08406,48,S06,Neurosurgery,95,1-3d,10,0.8554,17.11,6,750000,50000,700000,71.11
PV08407,38,I61,Neurosurgery,98,6-24h,20,0.8754,17.51,8,400000,100000,300000,84.71
PV08408,41,C18,Oncology,72,6-24h,20,0.7538,15.08,8,1000000,200000,800000,71.88
PV08409,19,I21,Cardiology,95,2-6h,25,0.9861,19.72,10,100000,0,100000,92.72
PV08410,19,K80,General Surgery,65,1-3d,10,0.854,17.08,10,500000,100000,400000,63.08
PV08411,70,N39,Urology,50,1-3d,10,0.7195,14.39,4,500000,200000,300000,48.39
PV08412,75,K80,General Surgery,65,1-3d,10,0.9821,19.64,2,50000,50000,0,57.64
PV08413,83,A41,Critical Care,98,>3d,5,0.7677,15.35,2,500000,100000,400000,61.55
PV08414,60,K56,General Surgery,85,<2h,30,0.8379,16.76,4,500000,200000,300000,84.76
PV08415,81,C50,Oncology,65,<2h,30,0.7713,15.43,2,400000,75000,325000,73.43
PV08416,46,I60,Neurosurgery,98,6-24h,20,0.8824,17.65,6,300000,0,300000,82.85
PV08417,35,N17,Nephrology,82,6-24h,20,0.7718,15.44,8,750000,200000,550000,76.24
PV08418,34,S72,Orthopedics,76,1-3d,10,0.7779,15.56,8,75000,75000,0,63.96
PV08419,34,K80,General Surgery,65,1-3d,10,0.804,16.08,8,150000,10000,140000,60.08
PV08420,68,A41,Critical Care,98,2-6h,25,0.7698,15.4,4,100000,100000,0,83.6
PV08421,18,K80,General Surgery,65,>3d,5,0.9272,18.54,10,750000,100000,650000,59.54
PV08422,82,C50,Oncology,65,<2h,30,0.6942,13.88,2,75000,50000,25000,71.88
PV08423,70,J96,Critical Care,98,1-3d,10,0.8163,16.33,4,50000,50000,0,69.53
PV08424,43,K85,General Surgery,82,6-24h,20,0.8289,16.58,8,1000000,100000,900000,77.38
PV08425,65,I60,Neurosurgery,98,1-3d,10,0.8075,16.15,4,150000,150000,0,69.35
PV08426,27,S72,Orthopedics,76,2-6h,25,0.9168,18.34,10,500000,25000,475000,83.74
PV08427,47,J96,Critical Care,98,>3d,5,0.6696,13.39,6,100000,50000,50000,63.59
PV08428,25,S06,Neurosurgery,95,>3d,5,0.8768,17.54,10,500000,0,500000,70.54
PV08429,25,N17,Nephrology,82,6-24h,20,0.6955,13.91,10,1000000,200000,800000,76.71
PV08430,18,J18,Pulmonology,78,6-24h,20,0.7691,15.38,10,500000,25000,475000,76.58
PV08431,72,I61,Neurosurgery,98,1-3d,10,0.6852,13.7,4,100000,10000,90000,66.9
PV08432,68,K56,General Surgery,85,1-3d,10,0.7868,15.74,4,400000,0,400000,63.74
PV08433,78,I61,Neurosurgery,98,1-3d,10,0.7622,15.24,2,750000,50000,700000,66.44
PV08434,84,C50,Oncology,65,1-3d,10,0.9838,19.68,2,750000,50000,700000,57.68
PV08435,83,K85,General Surgery,82,>3d,5,0.8441,16.88,2,100000,100000,0,56.68
PV08436,85,I61,Neurosurgery,98,1-3d,10,0.864,17.28,2,100000,100000,0,68.48
PV08437,19,K56,General Surgery,85,2-6h,25,0.7092,14.18,10,200000,150000,50000,83.18
PV08438,71,C22,Oncology,73,>3d,5,0.894,17.88,4,100000,0,100000,56.08
PV08439,67,J96,Critical Care,98,2-6h,25,0.9838,19.68,4,500000,0,500000,87.88
PV08440,29,C50,Oncology,65,2-6h,25,0.907,18.14,10,300000,10000,290000,79.14
PV08441,27,O72,Obstetrics,95,>3d,5,0.6888,13.78,10,200000,50000,150000,66.78
PV08442,84,K56,General Surgery,85,2-6h,25,0.7736,15.47,2,750000,0,750000,76.47
PV08443,78,I74,Vascular Surgery,92,2-6h,25,0.8308,16.62,2,100000,100000,0,80.42
PV08444,40,I21,Cardiology,95,1-3d,10,0.7623,15.25,8,750000,200000,550000,71.25
PV08445,23,K80,General Surgery,65,1-3d,10,0.99,19.8,10,300000,50000,250000,65.8
PV08446,40,K85,General Surgery,82,<2h,30,0.7718,15.44,8,1000000,150000,850000,86.24
PV08447,18,O72,Obstetrics,95,6-24h,20,0.8157,16.31,10,300000,10000,290000,84.31
PV08448,64,K35,General Surgery,70,<2h,30,0.76,15.2,4,500000,0,500000,77.2
PV08449,43,T79,Trauma,92,6-24h,20,0.8432,16.86,8,75000,75000,0,81.66
PV08450,21,A41,Critical Care,98,6-24h,20,0.9582,19.16,10,100000,100000,0,88.36
PV08451,84,N17,Nephrology,82,2-6h,25,0.8315,16.63,2,300000,150000,150000,76.43
PV08452,74,I20,Cardiology,80,>3d,5,0.7981,15.96,4,100000,100000,0,56.96
PV08453,79,N20,Urology,55,1-3d,10,0.7126,14.25,2,50000,50000,0,48.25
PV08454,85,C18,Oncology,72,1-3d,10,0.9409,18.82,2,200000,150000,50000,59.62
PV08455,18,I20,Cardiology,80,>3d,5,0.8056,16.11,10,100000,100000,0,63.11
PV08456,70,K56,General Surgery,85,>3d,5,0.8013,16.03,4,400000,200000,200000,59.03
PV08457,71,K92,Gastroenterology,88,1-3d,10,0.5861,11.72,4,300000,200000,100000,60.92
PV08458,71,N17,Nephrology,82,6-24h,20,0.8073,16.15,4,300000,50000,250000,72.95
PV08459,36,S27,Trauma,88,1-3d,10,0.7799,15.6,8,750000,150000,600000,68.8
PV08460,44,J96,Critical Care,98,1-3d,10,0.6374,12.75,8,50000,10000,40000,69.95
PV08461,81,K80,General Surgery,65,6-24h,20,0.919,18.38,2,500000,25000,475000,66.38
PV08462,22,C22,Oncology,73,6-24h,20,0.7665,15.33,10,200000,150000,50000,74.53
PV08463,61,C50,Oncology,65,6-24h,20,0.99,19.8,4,400000,25000,375000,69.8
PV08464,71,I21,Cardiology,95,6-24h,20,0.9614,19.23,4,750000,150000,600000,81.23
PV08465,72,O72,Obstetrics,95,1-3d,10,0.748,14.96,4,150000,50000,100000,66.96
PV08466,58,N20,Urology,55,6-24h,20,0.9569,19.14,6,100000,25000,75000,67.14
PV08467,70,S36,Trauma,90,6-24h,20,0.9811,19.62,4,500000,50000,450000,79.62
PV08468,79,S32,Orthopedics,82,2-6h,25,0.7641,15.28,2,400000,75000,325000,75.08
PV08469,70,N20,Urology,55,>3d,5,0.7167,14.33,4,75000,0,75000,45.33
PV08470,25,I61,Neurosurgery,98,6-24h,20,0.6045,12.09,10,100000,75000,25000,81.29
PV08471,34,N17,Nephrology,82,6-24h,20,0.858,17.16,8,750000,0,750000,77.96
PV08472,38,K56,General Surgery,85,1-3d,10,0.7227,14.45,8,300000,50000,250000,66.45
PV08473,41,O72,Obstetrics,95,1-3d,10,0.861,17.22,8,1000000,25000,975000,73.22
PV08474,42,S36,Trauma,90,6-24h,20,0.7632,15.26,8,500000,75000,425000,79.26
PV08475,32,T79,Trauma,92,1-3d,10,0.742,14.84,8,100000,100000,0,69.64
PV08476,64,I20,Cardiology,80,6-24h,20,0.7639,15.28,4,100000,0,100000,71.28
PV08477,25,S72,Orthopedics,76,>3d,5,0.69,13.8,10,1000000,0,1000000,59.2
PV08478,71,N17,Nephrology,82,1-3d,10,0.7638,15.28,4,500000,50000,450000,62.08
PV08479,62,C18,Oncology,72,1-3d,10,0.7463,14.93,4,300000,150000,150000,57.73
PV08480,83,C34,Oncology,74,2-6h,25,0.8186,16.37,2,400000,25000,375000,72.97
PV08481,18,C34,Oncology,74,1-3d,10,0.8304,16.61,10,200000,150000,50000,66.21
PV08482,38,S32,Orthopedics,82,6-24h,20,0.7129,14.26,8,150000,0,150000,75.06
PV08483,79,C22,Oncology,73,6-24h,20,0.9301,18.6,2,750000,25000,725000,69.8
PV08484,51,T79,Trauma,92,1-3d,10,0.804,16.08,6,750000,75000,675000,68.88
PV08485,56,K35,General Surgery,70,1-3d,10,0.9702,19.4,6,1000000,100000,900000,63.4
PV08486,19,O72,Obstetrics,95,6-24h,20,0.8441,16.88,10,500000,25000,475000,84.88
PV08487,69,S72,Orthopedics,76,>3d,5,0.8269,16.54,4,750000,200000,550000,55.94
PV08488,35,O00,Obstetrics,96,2-6h,25,0.7709,15.42,8,300000,50000,250000,86.82
PV08489,83,O00,Obstetrics,96,1-3d,10,0.8815,17.63,2,150000,100000,50000,68.03
PV08490,43,N20,Urology,55,2-6h,25,0.8234,16.47,8,50000,0,50000,71.47
PV08491,30,S27,Trauma,88,6-24h,20,0.9058,18.12,8,150000,150000,0,81.32
PV08492,58,J96,Critical Care,98,>3d,5,0.9805,19.61,6,200000,75000,125000,69.81
PV08493,50,S72,Orthopedics,76,<2h,30,0.7473,14.95,6,50000,50000,0,81.35
PV08494,50,G93,Neurology,80,>3d,5,0.8813,17.63,6,150000,25000,125000,60.63
PV08495,82,I74,Vascular Surgery,92,6-24h,20,0.8785,17.57,2,1000000,75000,925000,76.37
PV08496,42,I21,Cardiology,95,1-3d,10,0.8658,17.32,8,100000,0,100000,73.32
PV08497,45,C22,Oncology,73,2-6h,25,0.7767,15.53,6,150000,50000,100000,75.73
PV08498,60,K56,General Surgery,85,1-3d,10,0.7787,15.57,4,400000,150000,250000,63.57
PV08499,29,C18,Oncology,72,>3d,5,0.7616,15.23,10,750000,150000,600000,59.03
PV08500,74,T79,Trauma,92,1-3d,10,0.7596,15.19,4,1000000,100000,900000,65.99
PV08501,33,I71,Cardiovascular Surgery,99,6-24h,20,0.736,14.72,8,750000,25000,725000,82.32
PV08502,34,K85,General Surgery,82,1-3d,10,0.8096,16.19,8,75000,75000,0,66.99
PV08503,18,I71,Cardiovascular Surgery,99,1-3d,10,0.7442,14.88,10,75000,10000,65000,74.48
PV08504,41,K35,General Surgery,70,2-6h,25,0.8636,17.27,8,500000,75000,425000,78.27
PV08505,57,K35,General Surgery,70,1-3d,10,0.8257,16.51,6,750000,10000,740000,60.51
PV08506,65,K56,General Surgery,85,1-3d,10,0.8369,16.74,4,400000,25000,375000,64.74
PV08507,79,S72,Orthopedics,76,1-3d,10,0.7927,15.85,2,1000000,100000,900000,58.25
PV08508,70,O00,Obstetrics,96,6-24h,20,0.8269,16.54,4,400000,0,400000,78.94
PV08509,39,I21,Cardiology,95,6-24h,20,0.7953,15.91,8,150000,25000,125000,81.91
PV08510,74,G93,Neurology,80,>3d,5,0.898,17.96,4,750000,25000,725000,58.96
PV08511,31,C50,Oncology,65,1-3d,10,0.7758,15.52,8,500000,200000,300000,59.52
PV08512,32,I61,Neurosurgery,98,6-24h,20,0.8576,17.15,8,150000,150000,0,84.35
PV08513,42,G93,Neurology,80,>3d,5,0.6894,13.79,8,300000,25000,275000,58.79
PV08514,54,I21,Cardiology,95,6-24h,20,0.8912,17.82,6,300000,75000,225000,81.82
PV08515,31,N17,Nephrology,82,6-24h,20,0.7641,15.28,8,50000,10000,40000,76.08
PV08516,79,S72,Orthopedics,76,1-3d,10,0.7288,14.58,2,100000,100000,0,56.98
PV08517,36,O00,Obstetrics,96,1-3d,10,0.7061,14.12,8,100000,25000,75000,70.52
PV08518,44,K92,Gastroenterology,88,>3d,5,0.6982,13.96,8,100000,100000,0,62.16
PV08519,59,N39,Urology,50,1-3d,10,0.7719,15.44,6,300000,200000,100000,51.44
PV08520,47,I71,Cardiovascular Surgery,99,6-24h,20,0.9699,19.4,6,300000,10000,290000,85.0
PV08521,45,J18,Pulmonology,78,6-24h,20,0.7557,15.11,6,750000,50000,700000,72.31
PV08522,84,K92,Gastroenterology,88,2-6h,25,0.5991,11.98,2,50000,50000,0,74.18
PV08523,47,N20,Urology,55,>3d,5,0.8565,17.13,6,750000,0,750000,50.13
PV08524,25,I20,Cardiology,80,2-6h,25,0.7086,14.17,10,100000,100000,0,81.17
PV08525,67,S72,Orthopedics,76,1-3d,10,0.9015,18.03,4,150000,75000,75000,62.43
PV08526,65,I71,Cardiovascular Surgery,99,6-24h,20,0.7779,15.56,4,75000,75000,0,79.16
PV08527,32,O00,Obstetrics,96,2-6h,25,0.7926,15.85,8,50000,50000,0,87.25
PV08528,75,T79,Trauma,92,6-24h,20,0.9397,18.79,2,75000,75000,0,77.59
PV08529,44,N39,Urology,50,1-3d,10,0.8818,17.64,8,100000,25000,75000,55.64
PV08530,28,C50,Oncology,65,<2h,30,0.6954,13.91,10,150000,50000,100000,79.91
PV08531,29,N20,Urology,55,>3d,5,0.7101,14.2,10,150000,150000,0,51.2
PV08532,66,O00,Obstetrics,96,>3d,5,0.6416,12.83,4,75000,0,75000,60.23
PV08533,32,I74,Vascular Surgery,92,2-6h,25,0.99,19.8,8,150000,10000,140000,89.6
PV08534,49,S27,Trauma,88,>3d,5,0.7337,14.67,6,75000,0,75000,60.87
PV08535,67,O72,Obstetrics,95,6-24h,20,0.937,18.74,4,400000,100000,300000,80.74
PV08536,75,T79,Trauma,92,<2h,30,0.7668,15.34,2,400000,25000,375000,84.14
PV08537,51,N17,Nephrology,82,6-24h,20,0.712,14.24,6,50000,0,50000,73.04
PV08538,79,S32,Orthopedics,82,1-3d,10,0.8222,16.44,2,400000,10000,390000,61.24
PV08539,38,I21,Cardiology,95,1-3d,10,0.7873,15.75,8,1000000,25000,975000,71.75
PV08540,77,K80,General Surgery,65,6-24h,20,0.9002,18.0,2,1000000,0,1000000,66.0
PV08541,35,O00,Obstetrics,96,1-3d,10,0.9014,18.03,8,50000,50000,0,74.43
PV08542,22,C22,Oncology,73,1-3d,10,0.761,15.22,10,1000000,0,1000000,64.42
PV08543,67,O72,Obstetrics,95,1-3d,10,0.676,13.52,4,200000,200000,0,65.52
PV08544,69,O72,Obstetrics,95,1-3d,10,0.7003,14.01,4,750000,200000,550000,66.01
PV08545,80,S06,Neurosurgery,95,1-3d,10,0.5918,11.84,2,100000,100000,0,61.84
PV08546,80,T79,Trauma,92,1-3d,10,0.7926,15.85,2,400000,10000,390000,64.65
PV08547,24,N20,Urology,55,2-6h,25,0.8188,16.38,10,750000,10000,740000,73.38
PV08548,60,G93,Neurology,80,1-3d,10,0.7057,14.11,4,100000,100000,0,60.11
PV08549,65,I61,Neurosurgery,98,6-24h,20,0.6936,13.87,4,500000,75000,425000,77.07
PV08550,58,A41,Critical Care,98,1-3d,10,0.8184,16.37,6,75000,75000,0,71.57
PV08551,19,I20,Cardiology,80,1-3d,10,0.7568,15.14,10,500000,150000,350000,67.14
PV08552,21,I60,Neurosurgery,98,6-24h,20,0.7987,15.97,10,1000000,10000,990000,85.17
PV08553,63,O00,Obstetrics,96,2-6h,25,0.7833,15.67,4,100000,50000,50000,83.07
PV08554,76,S27,Trauma,88,1-3d,10,0.8449,16.9,2,1000000,10000,990000,64.1
PV08555,30,K92,Gastroenterology,88,1-3d,10,0.7635,15.27,8,400000,150000,250000,68.47
PV08556,21,G93,Neurology,80,1-3d,10,0.7711,15.42,10,300000,10000,290000,67.42
PV08557,45,I20,Cardiology,80,1-3d,10,0.6318,12.64,6,150000,10000,140000,60.64
PV08558,39,I71,Cardiovascular Surgery,99,6-24h,20,0.815,16.3,8,300000,25000,275000,83.9
PV08559,84,J18,Pulmonology,78,6-24h,20,0.8289,16.58,2,1000000,75000,925000,69.78
PV08560,80,N20,Urology,55,1-3d,10,0.8022,16.04,2,50000,10000,40000,50.04
PV08561,55,C22,Oncology,73,6-24h,20,0.99,19.8,6,750000,200000,550000,75.0
PV08562,82,I21,Cardiology,95,1-3d,10,0.8363,16.73,2,75000,75000,0,66.73
PV08563,33,C22,Oncology,73,6-24h,20,0.8044,16.09,8,750000,200000,550000,73.29
PV08564,85,K85,General Surgery,82,<2h,30,0.8699,17.4,2,300000,25000,275000,82.2
PV08565,48,S06,Neurosurgery,95,1-3d,10,0.99,19.8,6,750000,50000,700000,73.8
PV08566,50,C18,Oncology,72,1-3d,10,0.8453,16.91,6,75000,75000,0,61.71
PV08567,21,S32,Orthopedics,82,1-3d,10,0.5977,11.95,10,50000,50000,0,64.75
PV08568,30,S06,Neurosurgery,95,6-24h,20,0.8632,17.26,8,200000,75000,125000,83.26
PV08569,31,I60,Neurosurgery,98,1-3d,10,0.7321,14.64,8,500000,50000,450000,71.84
PV08570,51,I20,Cardiology,80,6-24h,20,0.6278,12.56,6,500000,100000,400000,70.56
PV08571,30,K92,Gastroenterology,88,1-3d,10,0.9898,19.8,8,500000,10000,490000,73.0
PV08572,24,K35,General Surgery,70,1-3d,10,0.9681,19.36,10,750000,200000,550000,67.36
PV08573,59,N39,Urology,50,6-24h,20,0.7295,14.59,6,500000,100000,400000,60.59
PV08574,77,N39,Urology,50,1-3d,10,0.7301,14.6,2,750000,50000,700000,46.6
PV08575,22,C22,Oncology,73,1-3d,10,0.836,16.72,10,75000,0,75000,65.92
PV08576,56,A41,Critical Care,98,6-24h,20,0.7315,14.63,6,100000,25000,75000,79.83
PV08577,83,J18,Pulmonology,78,1-3d,10,0.8065,16.13,2,50000,50000,0,59.33
PV08578,45,C22,Oncology,73,2-6h,25,0.7487,14.97,6,200000,200000,0,75.17
PV08579,30,N39,Urology,50,>3d,5,0.78,15.6,8,100000,50000,50000,48.6
PV08580,23,C18,Oncology,72,6-24h,20,0.6796,13.59,10,400000,200000,200000,72.39
PV08581,81,K56,General Surgery,85,6-24h,20,0.9027,18.05,2,300000,75000,225000,74.05
PV08582,45,I61,Neurosurgery,98,1-3d,10,0.9404,18.81,6,300000,150000,150000,74.01
PV08583,25,J96,Critical Care,98,6-24h,20,0.81,16.2,10,400000,0,400000,85.4
PV08584,76,I60,Neurosurgery,98,>3d,5,0.8164,16.33,2,1000000,150000,850000,62.53
PV08585,72,K56,General Surgery,85,6-24h,20,0.8829,17.66,4,75000,10000,65000,75.66
PV08586,65,I61,Neurosurgery,98,6-24h,20,0.8202,16.4,4,100000,50000,50000,79.6
PV08587,23,K80,General Surgery,65,<2h,30,0.99,19.8,10,200000,25000,175000,85.8
PV08588,23,J18,Pulmonology,78,<2h,30,0.6884,13.77,10,50000,50000,0,84.97
PV08589,32,O00,Obstetrics,96,2-6h,25,0.9061,18.12,8,750000,75000,675000,89.52
PV08590,28,T79,Trauma,92,<2h,30,0.8086,16.17,10,150000,25000,125000,92.97
PV08591,54,S27,Trauma,88,6-24h,20,0.7079,14.16,6,75000,0,75000,75.36
PV08592,44,S27,Trauma,88,6-24h,20,0.99,19.8,8,300000,75000,225000,83.0
PV08593,70,A41,Critical Care,98,6-24h,20,0.99,19.8,4,75000,50000,25000,83.0
PV08594,24,S72,Orthopedics,76,6-24h,20,0.7992,15.98,10,150000,150000,0,76.38
PV08595,67,K56,General Surgery,85,<2h,30,0.8645,17.29,4,400000,100000,300000,85.29
PV08596,81,J18,Pulmonology,78,<2h,30,0.7729,15.46,2,150000,25000,125000,78.66
PV08597,26,C22,Oncology,73,2-6h,25,0.789,15.78,10,750000,0,750000,79.98
PV08598,62,O00,Obstetrics,96,6-24h,20,0.7068,14.14,4,100000,75000,25000,76.54
PV08599,52,I71,Cardiovascular Surgery,99,2-6h,25,0.692,13.84,6,75000,75000,0,84.44
PV08600,24,C50,Oncology,65,6-24h,20,0.99,19.8,10,200000,150000,50000,75.8
PV08601,37,T79,Trauma,92,>3d,5,0.8161,16.32,8,75000,25000,50000,66.12
PV08602,71,O72,Obstetrics,95,6-24h,20,0.8251,16.5,4,400000,10000,390000,78.5
PV08603,77,J96,Critical Care,98,2-6h,25,0.7389,14.78,2,300000,0,300000,80.98
PV08604,43,N20,Urology,55,1-3d,10,0.839,16.78,8,75000,75000,0,56.78
PV08605,25,K56,General Surgery,85,6-24h,20,0.6696,13.39,10,150000,25000,125000,77.39
PV08606,34,C22,Oncology,73,<2h,30,0.7426,14.85,8,750000,150000,600000,82.05
PV08607,75,I74,Vascular Surgery,92,1-3d,10,0.7,14.0,2,750000,75000,675000,62.8
PV08608,56,K85,General Surgery,82,1-3d,10,0.9493,18.99,6,400000,0,400000,67.79
PV08609,47,N20,Urology,55,>3d,5,0.6548,13.1,6,1000000,100000,900000,46.1
PV08610,18,I21,Cardiology,95,>3d,5,0.7021,14.04,10,75000,25000,50000,67.04
PV08611,71,A41,Critical Care,98,1-3d,10,0.6152,12.3,4,500000,150000,350000,65.5
PV08612,49,S06,Neurosurgery,95,1-3d,10,0.731,14.62,6,50000,0,50000,68.62
PV08613,55,S36,Trauma,90,6-24h,20,0.774,15.48,6,300000,25000,275000,77.48
PV08614,75,N17,Nephrology,82,>3d,5,0.9178,18.36,2,50000,0,50000,58.16
PV08615,56,K56,General Surgery,85,1-3d,10,0.7978,15.96,6,150000,100000,50000,65.96
PV08616,81,K85,General Surgery,82,6-24h,20,0.7789,15.58,2,50000,50000,0,70.38
PV08617,56,S32,Orthopedics,82,<2h,30,0.85,17.0,6,100000,75000,25000,85.8
PV08618,41,K92,Gastroenterology,88,1-3d,10,0.7757,15.51,8,400000,100000,300000,68.71
PV08619,80,I21,Cardiology,95,1-3d,10,0.99,19.8,2,500000,200000,300000,69.8
PV08620,61,C18,Oncology,72,1-3d,10,0.7609,15.22,4,1000000,50000,950000,58.02
PV08621,69,I21,Cardiology,95,2-6h,25,0.8614,17.23,4,1000000,75000,925000,84.23
PV08622,33,O00,Obstetrics,96,1-3d,10,0.9026,18.05,8,75000,75000,0,74.45
PV08623,63,I20,Cardiology,80,<2h,30,0.758,15.16,4,1000000,200000,800000,81.16
PV08624,56,S32,Orthopedics,82,1-3d,10,0.8365,16.73,6,100000,10000,90000,65.53
PV08625,25,A41,Critical Care,98,6-24h,20,0.7699,15.4,10,750000,75000,675000,84.6
PV08626,35,J96,Critical Care,98,6-24h,20,0.8474,16.95,8,750000,150000,600000,84.15
PV08627,79,S32,Orthopedics,82,6-24h,20,0.8301,16.6,2,1000000,25000,975000,71.4
PV08628,56,T79,Trauma,92,6-24h,20,0.806,16.12,6,300000,25000,275000,78.92
PV08629,70,I71,Cardiovascular Surgery,99,2-6h,25,0.7044,14.09,4,500000,50000,450000,82.69
PV08630,29,I21,Cardiology,95,1-3d,10,0.99,19.8,10,200000,100000,100000,77.8
PV08631,32,S72,Orthopedics,76,6-24h,20,0.8786,17.57,8,50000,50000,0,75.97
PV08632,82,C18,Oncology,72,1-3d,10,0.6611,13.22,2,200000,10000,190000,54.02
PV08633,46,S72,Orthopedics,76,1-3d,10,0.778,15.56,6,100000,10000,90000,61.96
PV08634,78,K92,Gastroenterology,88,<2h,30,0.6631,13.26,2,75000,75000,0,80.46
PV08635,72,T79,Trauma,92,>3d,5,0.8962,17.92,4,75000,75000,0,63.72
PV08636,40,S32,Orthopedics,82,1-3d,10,0.8178,16.36,8,100000,75000,25000,67.16
PV08637,82,I21,Cardiology,95,1-3d,10,0.8204,16.41,2,500000,50000,450000,66.41
PV08638,70,G93,Neurology,80,1-3d,10,0.7358,14.72,4,1000000,200000,800000,60.72
PV08639,26,K80,General Surgery,65,1-3d,10,0.7884,15.77,10,750000,200000,550000,61.77
PV08640,24,S36,Trauma,90,>3d,5,0.8987,17.97,10,400000,50000,350000,68.97
PV08641,26,J18,Pulmonology,78,2-6h,25,0.9256,18.51,10,750000,25000,725000,84.71
PV08642,68,T79,Trauma,92,<2h,30,0.9046,18.09,4,100000,100000,0,88.89
PV08643,27,N39,Urology,50,1-3d,10,0.6648,13.3,10,1000000,25000,975000,53.3
PV08644,37,N17,Nephrology,82,6-24h,20,0.8014,16.03,8,1000000,50000,950000,76.83
PV08645,47,I60,Neurosurgery,98,1-3d,10,0.8453,16.91,6,75000,75000,0,72.11
PV08646,27,C18,Oncology,72,6-24h,20,0.7465,14.93,10,150000,0,150000,73.73
PV08647,40,C50,Oncology,65,6-24h,20,0.6541,13.08,8,100000,100000,0,67.08
PV08648,64,I60,Neurosurgery,98,>3d,5,0.6913,13.83,4,75000,75000,0,62.03
PV08649,84,T79,Trauma,92,2-6h,25,0.97,19.4,2,75000,50000,25000,83.2
PV08650,49,A41,Critical Care,98,2-6h,25,0.7009,14.02,6,1000000,10000,990000,84.22
PV08651,68,I20,Cardiology,80,1-3d,10,0.8248,16.5,4,75000,75000,0,62.5
PV08652,54,N17,Nephrology,82,1-3d,10,0.8044,16.09,6,400000,150000,250000,64.89
PV08653,49,I74,Vascular Surgery,92,1-3d,10,0.8046,16.09,6,750000,150000,600000,68.89
PV08654,53,I60,Neurosurgery,98,6-24h,20,0.788,15.76,6,500000,25000,475000,80.96
PV08655,83,I21,Cardiology,95,>3d,5,0.8989,17.98,2,200000,200000,0,62.98
PV08656,22,K80,General Surgery,65,1-3d,10,0.8236,16.47,10,50000,50000,0,62.47
PV08657,52,S36,Trauma,90,1-3d,10,0.7574,15.15,6,200000,10000,190000,67.15
PV08658,21,G93,Neurology,80,<2h,30,0.8251,16.5,10,100000,50000,50000,88.5
PV08659,77,A41,Critical Care,98,6-24h,20,0.6922,13.84,2,750000,25000,725000,75.04
PV08660,58,N39,Urology,50,1-3d,10,0.8676,17.35,6,1000000,75000,925000,53.35
PV08661,21,K92,Gastroenterology,88,1-3d,10,0.7519,15.04,10,100000,10000,90000,70.24
PV08662,60,S06,Neurosurgery,95,2-6h,25,0.7577,15.15,4,75000,75000,0,82.15
PV08663,47,C34,Oncology,74,1-3d,10,0.8713,17.43,6,750000,50000,700000,63.03
PV08664,21,K92,Gastroenterology,88,1-3d,10,0.7793,15.59,10,750000,100000,650000,70.79
PV08665,84,I74,Vascular Surgery,92,6-24h,20,0.7849,15.7,2,1000000,100000,900000,74.5
PV08666,43,I61,Neurosurgery,98,6-24h,20,0.9368,18.74,8,500000,100000,400000,85.94
PV08667,19,I20,Cardiology,80,6-24h,20,0.7227,14.45,10,200000,150000,50000,76.45
PV08668,59,O72,Obstetrics,95,>3d,5,0.8698,17.4,6,150000,100000,50000,66.4
PV08669,43,I21,Cardiology,95,1-3d,10,0.915,18.3,8,50000,50000,0,74.3
PV08670,62,G93,Neurology,80,1-3d,10,0.9367,18.73,4,750000,75000,675000,64.73
PV08671,29,C50,Oncology,65,>3d,5,0.99,19.8,10,1000000,100000,900000,60.8
PV08672,74,I61,Neurosurgery,98,1-3d,10,0.7558,15.12,4,1000000,150000,850000,68.32
PV08673,46,J96,Critical Care,98,6-24h,20,0.7332,14.66,6,300000,50000,250000,79.86
PV08674,46,I21,Cardiology,95,1-3d,10,0.9017,18.03,6,750000,25000,725000,72.03
PV08675,72,K92,Gastroenterology,88,>3d,5,0.914,18.28,4,50000,25000,25000,62.48
PV08676,55,I21,Cardiology,95,<2h,30,0.7409,14.82,6,200000,10000,190000,88.82
PV08677,18,S32,Orthopedics,82,1-3d,10,0.8685,17.37,10,75000,75000,0,70.17
PV08678,57,O00,Obstetrics,96,2-6h,25,0.99,19.8,6,300000,100000,200000,89.2
PV08679,61,J18,Pulmonology,78,1-3d,10,0.8305,16.61,4,50000,25000,25000,61.81
PV08680,39,T79,Trauma,92,1-3d,10,0.9123,18.25,8,150000,75000,75000,73.05
PV08681,30,I20,Cardiology,80,>3d,5,0.9777,19.55,8,200000,25000,175000,64.55
PV08682,21,S06,Neurosurgery,95,1-3d,10,0.99,19.8,10,75000,75000,0,77.8
PV08683,75,I21,Cardiology,95,<2h,30,0.8446,16.89,2,50000,50000,0,86.89
PV08684,18,S06,Neurosurgery,95,6-24h,20,0.9453,18.91,10,1000000,200000,800000,86.91
PV08685,57,C50,Oncology,65,>3d,5,0.7412,14.82,6,100000,100000,0,51.82
PV08686,74,J18,Pulmonology,78,6-24h,20,0.8225,16.45,4,1000000,150000,850000,71.65
PV08687,41,I61,Neurosurgery,98,2-6h,25,0.7754,15.51,8,150000,75000,75000,87.71
PV08688,31,J96,Critical Care,98,1-3d,10,0.6315,12.63,8,50000,50000,0,69.83
PV08689,66,N17,Nephrology,82,6-24h,20,0.6597,13.19,4,75000,25000,50000,69.99
PV08690,60,N20,Urology,55,<2h,30,0.863,17.26,4,400000,150000,250000,73.26
PV08691,19,K85,General Surgery,82,6-24h,20,0.865,17.3,10,50000,25000,25000,80.1
PV08692,57,K92,Gastroenterology,88,6-24h,20,0.7158,14.32,6,1000000,25000,975000,75.52
PV08693,18,C22,Oncology,73,1-3d,10,0.9757,19.51,10,100000,100000,0,68.71
PV08694,45,K80,General Surgery,65,6-24h,20,0.709,14.18,6,400000,0,400000,66.18
PV08695,38,S72,Orthopedics,76,6-24h,20,0.8457,16.91,8,200000,0,200000,75.31
PV08696,74,I20,Cardiology,80,1-3d,10,0.7785,15.57,4,50000,50000,0,61.57
PV08697,84,N20,Urology,55,6-24h,20,0.8307,16.61,2,500000,100000,400000,60.61
PV08698,65,O00,Obstetrics,96,1-3d,10,0.9099,18.2,4,50000,50000,0,70.6
PV08699,67,S72,Orthopedics,76,6-24h,20,0.8957,17.91,4,500000,50000,450000,72.31
PV08700,19,T79,Trauma,92,6-24h,20,0.8908,17.82,10,300000,0,300000,84.62
PV08701,22,N17,Nephrology,82,1-3d,10,0.878,17.56,10,150000,25000,125000,70.36
PV08702,70,K56,General Surgery,85,1-3d,10,0.6927,13.85,4,1000000,150000,850000,61.85
PV08703,47,C22,Oncology,73,>3d,5,0.9335,18.67,6,100000,100000,0,58.87
PV08704,52,I61,Neurosurgery,98,6-24h,20,0.714,14.28,6,100000,100000,0,79.48
PV08705,65,C50,Oncology,65,2-6h,25,0.8094,16.19,4,400000,0,400000,71.19
PV08706,41,C34,Oncology,74,6-24h,20,0.7849,15.7,8,150000,25000,125000,73.3
PV08707,64,J18,Pulmonology,78,1-3d,10,0.855,17.1,4,200000,100000,100000,62.3
PV08708,67,I60,Neurosurgery,98,6-24h,20,0.7715,15.43,4,500000,0,500000,78.63
PV08709,34,O72,Obstetrics,95,>3d,5,0.8041,16.08,8,1000000,50000,950000,67.08
PV08710,64,I20,Cardiology,80,1-3d,10,0.9819,19.64,4,750000,200000,550000,65.64
PV08711,29,J96,Critical Care,98,6-24h,20,0.6905,13.81,10,50000,10000,40000,83.01
PV08712,39,C50,Oncology,65,6-24h,20,0.8198,16.4,8,1000000,0,1000000,70.4
PV08713,71,G93,Neurology,80,<2h,30,0.7086,14.17,4,200000,100000,100000,80.17
PV08714,84,K92,Gastroenterology,88,1-3d,10,0.8874,17.75,2,750000,10000,740000,64.95
PV08715,22,O00,Obstetrics,96,1-3d,10,0.7473,14.95,10,100000,10000,90000,73.35
PV08716,62,I74,Vascular Surgery,92,>3d,5,0.8239,16.48,4,300000,75000,225000,62.28
PV08717,56,C50,Oncology,65,6-24h,20,0.6875,13.75,6,1000000,75000,925000,65.75
PV08718,59,O72,Obstetrics,95,2-6h,25,0.9492,18.98,6,1000000,150000,850000,87.98
PV08719,71,C18,Oncology,72,2-6h,25,0.8273,16.55,4,400000,0,400000,74.35
PV08720,22,K80,General Surgery,65,2-6h,25,0.8338,16.68,10,400000,150000,250000,77.68
PV08721,68,N20,Urology,55,>3d,5,0.9029,18.06,4,50000,50000,0,49.06
PV08722,36,J96,Critical Care,98,1-3d,10,0.6949,13.9,8,400000,100000,300000,71.1
PV08723,28,K80,General Surgery,65,1-3d,10,0.7585,15.17,10,200000,10000,190000,61.17
PV08724,48,N17,Nephrology,82,1-3d,10,0.837,16.74,6,50000,50000,0,65.54
PV08725,19,N39,Urology,50,2-6h,25,0.6438,12.88,10,1000000,0,1000000,67.88
PV08726,60,C34,Oncology,74,1-3d,10,0.6545,13.09,4,200000,100000,100000,56.69
PV08727,56,I20,Cardiology,80,1-3d,10,0.7379,14.76,6,500000,10000,490000,62.76
PV08728,52,C22,Oncology,73,6-24h,20,0.7059,14.12,6,50000,50000,0,69.32
PV08729,20,C22,Oncology,73,6-24h,20,0.7856,15.71,10,100000,50000,50000,74.91
PV08730,69,K80,General Surgery,65,1-3d,10,0.8722,17.44,4,750000,10000,740000,57.44
PV08731,20,J18,Pulmonology,78,>3d,5,0.895,17.9,10,1000000,10000,990000,64.1
PV08732,35,S06,Neurosurgery,95,2-6h,25,0.99,19.8,8,50000,50000,0,90.8
PV08733,44,S36,Trauma,90,>3d,5,0.8177,16.35,8,750000,25000,725000,65.35
PV08734,65,O72,Obstetrics,95,>3d,5,0.8354,16.71,4,150000,50000,100000,63.71
PV08735,45,S32,Orthopedics,82,>3d,5,0.8175,16.35,6,100000,50000,50000,60.15
PV08736,73,J18,Pulmonology,78,<2h,30,0.852,17.04,4,1000000,0,1000000,82.24
PV08737,81,S72,Orthopedics,76,6-24h,20,0.8598,17.2,2,300000,50000,250000,69.6
PV08738,70,K35,General Surgery,70,1-3d,10,0.9122,18.24,4,500000,50000,450000,60.24
PV08739,20,N20,Urology,55,6-24h,20,0.9118,18.24,10,75000,50000,25000,70.24
PV08740,70,S27,Trauma,88,<2h,30,0.8719,17.44,4,500000,10000,490000,86.64
PV08741,32,I60,Neurosurgery,98,1-3d,10,0.971,19.42,8,150000,10000,140000,76.62
PV08742,78,I71,Cardiovascular Surgery,99,<2h,30,0.8227,16.45,2,500000,0,500000,88.05
PV08743,84,I20,Cardiology,80,6-24h,20,0.7588,15.18,2,400000,75000,325000,69.18
PV08744,23,S06,Neurosurgery,95,>3d,5,0.7752,15.5,10,50000,50000,0,68.5
PV08745,24,S27,Trauma,88,6-24h,20,0.8094,16.19,10,750000,150000,600000,81.39
PV08746,65,O00,Obstetrics,96,>3d,5,0.7116,14.23,4,100000,10000,90000,61.63
PV08747,27,I61,Neurosurgery,98,6-24h,20,0.7587,15.17,10,150000,50000,100000,84.37
PV08748,83,K35,General Surgery,70,6-24h,20,0.706,14.12,2,500000,10000,490000,64.12
PV08749,54,K92,Gastroenterology,88,2-6h,25,0.8544,17.09,6,750000,200000,550000,83.29
PV08750,57,J18,Pulmonology,78,6-24h,20,0.8554,17.11,6,750000,150000,600000,74.31
PV08751,76,A41,Critical Care,98,6-24h,20,0.6431,12.86,2,200000,10000,190000,74.06
PV08752,32,K56,General Surgery,85,1-3d,10,0.7546,15.09,8,150000,150000,0,67.09
PV08753,55,S27,Trauma,88,>3d,5,0.99,19.8,6,750000,200000,550000,66.0
PV08754,85,N20,Urology,55,<2h,30,0.883,17.66,2,100000,100000,0,71.66
PV08755,19,N20,Urology,55,2-6h,25,0.8654,17.31,10,400000,200000,200000,74.31
PV08756,29,K56,General Surgery,85,1-3d,10,0.7536,15.07,10,100000,10000,90000,69.07
PV08757,27,N20,Urology,55,6-24h,20,0.8487,16.97,10,100000,25000,75000,68.97
PV08758,40,I20,Cardiology,80,6-24h,20,0.8185,16.37,8,300000,100000,200000,76.37
PV08759,26,A41,Critical Care,98,6-24h,20,0.7403,14.81,10,750000,75000,675000,84.01
PV08760,29,I21,Cardiology,95,6-24h,20,0.7706,15.41,10,100000,100000,0,83.41
PV08761,75,K92,Gastroenterology,88,1-3d,10,0.7729,15.46,2,500000,200000,300000,62.66
PV08762,49,O00,Obstetrics,96,<2h,30,0.6711,13.42,6,50000,10000,40000,87.82
PV08763,42,S32,Orthopedics,82,1-3d,10,0.6876,13.75,8,400000,150000,250000,64.55
PV08764,46,I74,Vascular Surgery,92,6-24h,20,0.8001,16.0,6,150000,10000,140000,78.8
PV08765,84,I71,Cardiovascular Surgery,99,6-24h,20,0.7352,14.7,2,50000,50000,0,76.3
PV08766,51,A41,Critical Care,98,1-3d,10,0.7899,15.8,6,300000,50000,250000,71.0
PV08767,49,A41,Critical Care,98,2-6h,25,0.6594,13.19,6,100000,100000,0,83.39
PV08768,81,O72,Obstetrics,95,>3d,5,0.9001,18.0,2,400000,50000,350000,63.0
PV08769,20,S06,Neurosurgery,95,1-3d,10,0.99,19.8,10,50000,50000,0,77.8
PV08770,50,G93,Neurology,80,>3d,5,0.9227,18.45,6,150000,10000,140000,61.45
PV08771,68,O00,Obstetrics,96,6-24h,20,0.9331,18.66,4,100000,100000,0,81.06
PV08772,52,N39,Urology,50,6-24h,20,0.8826,17.65,6,150000,10000,140000,63.65
PV08773,77,O00,Obstetrics,96,6-24h,20,0.8466,16.93,2,50000,50000,0,77.33
PV08774,78,I74,Vascular Surgery,92,1-3d,10,0.8287,16.57,2,100000,50000,50000,65.37
PV08775,40,O00,Obstetrics,96,1-3d,10,0.7285,14.57,8,50000,0,50000,70.97
PV08776,73,K35,General Surgery,70,6-24h,20,0.889,17.78,4,400000,75000,325000,69.78
PV08777,34,T79,Trauma,92,2-6h,25,0.8831,17.66,8,200000,150000,50000,87.46
PV08778,34,N20,Urology,55,6-24h,20,0.7737,15.47,8,100000,75000,25000,65.47
PV08779,84,K35,General Surgery,70,<2h,30,0.8726,17.45,2,400000,100000,300000,77.45
PV08780,18,J18,Pulmonology,78,6-24h,20,0.7506,15.01,10,1000000,200000,800000,76.21
PV08781,42,N17,Nephrology,82,1-3d,10,0.757,15.14,8,300000,25000,275000,65.94
PV08782,60,A41,Critical Care,98,>3d,5,0.8975,17.95,4,100000,0,100000,66.15
PV08783,46,S06,Neurosurgery,95,2-6h,25,0.8631,17.26,6,200000,100000,100000,86.26
PV08784,75,K80,General Surgery,65,<2h,30,0.7968,15.94,2,500000,150000,350000,73.94
PV08785,35,J96,Critical Care,98,6-24h,20,0.7852,15.7,8,50000,10000,40000,82.9
PV08786,55,O00,Obstetrics,96,2-6h,25,0.8375,16.75,6,150000,25000,125000,86.15
PV08787,26,J96,Critical Care,98,1-3d,10,0.6365,12.73,10,200000,25000,175000,71.93
PV08788,32,C34,Oncology,74,<2h,30,0.7442,14.88,8,400000,150000,250000,82.48
PV08789,29,I60,Neurosurgery,98,>3d,5,0.6935,13.87,10,300000,200000,100000,68.07
PV08790,68,K85,General Surgery,82,>3d,5,0.8212,16.42,4,400000,100000,300000,58.22
PV08791,31,N17,Nephrology,82,6-24h,20,0.9289,18.58,8,1000000,25000,975000,79.38
PV08792,63,S72,Orthopedics,76,>3d,5,0.8677,17.35,4,75000,75000,0,56.75
PV08793,41,C18,Oncology,72,1-3d,10,0.7689,15.38,8,200000,25000,175000,62.18
PV08794,56,K56,General Surgery,85,>3d,5,0.7493,14.99,6,150000,100000,50000,59.99
PV08795,77,S72,Orthopedics,76,6-24h,20,0.7446,14.89,2,50000,50000,0,67.29
PV08796,76,K80,General Surgery,65,>3d,5,0.99,19.8,2,75000,75000,0,52.8
PV08797,18,K85,General Surgery,82,2-6h,25,0.8268,16.54,10,400000,150000,250000,84.34
PV08798,71,K35,General Surgery,70,6-24h,20,0.84,16.8,4,300000,100000,200000,68.8
PV08799,82,G93,Neurology,80,>3d,5,0.6089,12.18,2,100000,50000,50000,51.18
PV08800,63,S32,Orthopedics,82,6-24h,20,0.7019,14.04,4,1000000,10000,990000,70.84
PV08801,30,C50,Oncology,65,2-6h,25,0.8156,16.31,8,150000,150000,0,75.31
PV08802,63,S32,Orthopedics,82,<2h,30,0.7702,15.4,4,300000,25000,275000,82.2
PV08803,61,S32,Orthopedics,82,2-6h,25,0.8333,16.67,4,1000000,200000,800000,78.47
PV08804,63,K80,General Surgery,65,6-24h,20,0.832,16.64,4,500000,150000,350000,66.64
PV08805,47,O00,Obstetrics,96,6-24h,20,0.88,17.6,6,500000,100000,400000,82.0
PV08806,53,I21,Cardiology,95,1-3d,10,0.6331,12.66,6,100000,75000,25000,66.66
PV08807,62,J18,Pulmonology,78,1-3d,10,0.7095,14.19,4,1000000,25000,975000,59.39
PV08808,49,I71,Cardiovascular Surgery,99,<2h,30,0.81,16.2,6,200000,10000,190000,91.8
PV08809,70,S32,Orthopedics,82,1-3d,10,0.7553,15.11,4,150000,150000,0,61.91
PV08810,66,O72,Obstetrics,95,1-3d,10,0.789,15.78,4,500000,200000,300000,67.78
PV08811,38,N39,Urology,50,1-3d,10,0.8309,16.62,8,300000,100000,200000,54.62
PV08812,59,J18,Pulmonology,78,1-3d,10,0.7455,14.91,6,75000,75000,0,62.11
PV08813,69,N17,Nephrology,82,>3d,5,0.8392,16.78,4,50000,10000,40000,58.58
PV08814,51,N39,Urology,50,2-6h,25,0.8744,17.49,6,75000,75000,0,68.49
PV08815,66,O72,Obstetrics,95,1-3d,10,0.8265,16.53,4,75000,10000,65000,68.53
PV08816,26,S36,Trauma,90,>3d,5,0.8921,17.84,10,100000,75000,25000,68.84
PV08817,44,S36,Trauma,90,1-3d,10,0.6027,12.05,8,150000,150000,0,66.05
PV08818,65,I20,Cardiology,80,2-6h,25,0.7614,15.23,4,100000,25000,75000,76.23
PV08819,78,K80,General Surgery,65,1-3d,10,0.9092,18.18,2,1000000,50000,950000,56.18
PV08820,61,K35,General Surgery,70,1-3d,10,0.7336,14.67,4,1000000,75000,925000,56.67
PV08821,63,O72,Obstetrics,95,6-24h,20,0.72,14.4,4,1000000,50000,950000,76.4
PV08822,41,S36,Trauma,90,1-3d,10,0.8074,16.15,8,75000,75000,0,70.15
PV08823,65,C34,Oncology,74,1-3d,10,0.8183,16.37,4,300000,50000,250000,59.97
PV08824,42,I60,Neurosurgery,98,1-3d,10,0.7665,15.33,8,75000,25000,50000,72.53
PV08825,21,N20,Urology,55,2-6h,25,0.99,19.8,10,500000,25000,475000,76.8
PV08826,34,K80,General Surgery,65,1-3d,10,0.8486,16.97,8,75000,25000,50000,60.97
PV08827,59,A41,Critical Care,98,1-3d,10,0.7297,14.59,6,100000,25000,75000,69.79
PV08828,83,K35,General Surgery,70,6-24h,20,0.676,13.52,2,100000,100000,0,63.52
PV08829,51,C18,Oncology,72,1-3d,10,0.8606,17.21,6,200000,75000,125000,62.01
PV08830,76,J96,Critical Care,98,6-24h,20,0.7273,14.55,2,150000,50000,100000,75.75
PV08831,70,K92,Gastroenterology,88,>3d,5,0.99,19.8,4,300000,10000,290000,64.0
PV08832,56,S32,Orthopedics,82,1-3d,10,0.8628,17.26,6,75000,75000,0,66.06
PV08833,72,K92,Gastroenterology,88,1-3d,10,0.876,17.52,4,300000,10000,290000,66.72
PV08834,45,N17,Nephrology,82,1-3d,10,0.8449,16.9,6,50000,25000,25000,65.7
PV08835,48,K92,Gastroenterology,88,2-6h,25,0.9322,18.64,6,50000,50000,0,84.84
PV08836,68,I21,Cardiology,95,1-3d,10,0.5805,11.61,4,75000,0,75000,63.61
PV08837,61,I71,Cardiovascular Surgery,99,<2h,30,0.6997,13.99,4,100000,25000,75000,87.59
PV08838,53,I21,Cardiology,95,6-24h,20,0.9234,18.47,6,500000,200000,300000,82.47
PV08839,47,C50,Oncology,65,<2h,30,0.9701,19.4,6,150000,0,150000,81.4
PV08840,84,O00,Obstetrics,96,1-3d,10,0.6965,13.93,2,300000,10000,290000,64.33
PV08841,22,I71,Cardiovascular Surgery,99,1-3d,10,0.6381,12.76,10,400000,0,400000,72.36
PV08842,21,I74,Vascular Surgery,92,6-24h,20,0.8368,16.74,10,500000,100000,400000,83.54
PV08843,50,C34,Oncology,74,6-24h,20,0.8685,17.37,6,300000,0,300000,72.97
PV08844,20,K56,General Surgery,85,2-6h,25,0.8347,16.69,10,75000,0,75000,85.69
PV08845,41,O00,Obstetrics,96,6-24h,20,0.814,16.28,8,400000,50000,350000,82.68
PV08846,56,C18,Oncology,72,6-24h,20,0.6348,12.7,6,150000,100000,50000,67.5
PV08847,45,J96,Critical Care,98,>3d,5,0.7825,15.65,6,300000,200000,100000,65.85
PV08848,31,A41,Critical Care,98,>3d,5,0.7974,15.95,8,1000000,10000,990000,68.15
PV08849,37,K85,General Surgery,82,>3d,5,0.7652,15.3,8,50000,50000,0,61.1
PV08850,59,J18,Pulmonology,78,2-6h,25,0.6281,12.56,6,50000,50000,0,74.76
PV08851,82,J96,Critical Care,98,6-24h,20,0.8785,17.57,2,100000,100000,0,78.77
PV08852,71,S36,Trauma,90,6-24h,20,0.9066,18.13,4,200000,200000,0,78.13
PV08853,55,N17,Nephrology,82,1-3d,10,0.7405,14.81,6,200000,0,200000,63.61
PV08854,27,K56,General Surgery,85,1-3d,10,0.8014,16.03,10,100000,0,100000,70.03
PV08855,34,J18,Pulmonology,78,1-3d,10,0.7703,15.41,8,1000000,100000,900000,64.61
PV08856,47,K35,General Surgery,70,6-24h,20,0.7713,15.43,6,50000,25000,25000,69.43
PV08857,34,K35,General Surgery,70,1-3d,10,0.8693,17.39,8,300000,100000,200000,63.39
PV08858,64,J96,Critical Care,98,>3d,5,0.8717,17.43,4,300000,100000,200000,65.63
PV08859,42,I71,Cardiovascular Surgery,99,6-24h,20,0.9275,18.55,8,500000,50000,450000,86.15
PV08860,74,I21,Cardiology,95,1-3d,10,0.9254,18.51,4,300000,200000,100000,70.51
PV08861,36,K92,Gastroenterology,88,1-3d,10,0.8028,16.06,8,75000,75000,0,69.26
PV08862,51,I74,Vascular Surgery,92,2-6h,25,0.99,19.8,6,150000,25000,125000,87.6
PV08863,66,T79,Trauma,92,>3d,5,0.975,19.5,4,75000,0,75000,65.3
PV08864,32,N39,Urology,50,>3d,5,0.7542,15.08,8,200000,200000,0,48.08
PV08865,69,T79,Trauma,92,1-3d,10,0.8327,16.65,4,1000000,200000,800000,67.45
PV08866,57,T79,Trauma,92,2-6h,25,0.6214,12.43,6,150000,150000,0,80.23
PV08867,62,S06,Neurosurgery,95,2-6h,25,0.8227,16.45,4,150000,0,150000,83.45
PV08868,48,S36,Trauma,90,1-3d,10,0.9874,19.75,6,200000,100000,100000,71.75
PV08869,81,K80,General Surgery,65,2-6h,25,0.99,19.8,2,75000,75000,0,72.8
PV08870,70,J18,Pulmonology,78,2-6h,25,0.8079,16.16,4,750000,50000,700000,76.36
PV08871,31,I21,Cardiology,95,6-24h,20,0.8535,17.07,8,400000,150000,250000,83.07
PV08872,55,J18,Pulmonology,78,<2h,30,0.8805,17.61,6,500000,75000,425000,84.81
PV08873,79,T79,Trauma,92,1-3d,10,0.99,19.8,2,150000,50000,100000,68.6
PV08874,37,T79,Trauma,92,1-3d,10,0.7217,14.43,8,100000,100000,0,69.23
PV08875,54,S36,Trauma,90,<2h,30,0.99,19.8,6,200000,75000,125000,91.8
PV08876,69,J96,Critical Care,98,1-3d,10,0.7883,15.77,4,100000,100000,0,68.97
PV08877,36,I74,Vascular Surgery,92,<2h,30,0.703,14.06,8,50000,10000,40000,88.86
PV08878,53,I71,Cardiovascular Surgery,99,<2h,30,0.7885,15.77,6,500000,25000,475000,91.37
PV08879,55,K85,General Surgery,82,6-24h,20,0.739,14.78,6,750000,100000,650000,73.58
PV08880,30,I74,Vascular Surgery,92,6-24h,20,0.8619,17.24,8,100000,75000,25000,82.04
PV08881,30,S72,Orthopedics,76,6-24h,20,0.6548,13.1,8,400000,50000,350000,71.5
PV08882,56,I60,Neurosurgery,98,1-3d,10,0.8342,16.68,6,1000000,150000,850000,71.88
PV08883,30,I71,Cardiovascular Surgery,99,6-24h,20,0.8864,17.73,8,500000,25000,475000,85.33
PV08884,82,I74,Vascular Surgery,92,1-3d,10,0.9683,19.37,2,750000,50000,700000,68.17
PV08885,53,K35,General Surgery,70,6-24h,20,0.8881,17.76,6,750000,25000,725000,71.76
PV08886,65,I20,Cardiology,80,1-3d,10,0.9621,19.24,4,100000,75000,25000,65.24
PV08887,44,C50,Oncology,65,1-3d,10,0.7594,15.19,8,50000,50000,0,59.19
PV08888,38,N39,Urology,50,2-6h,25,0.8594,17.19,8,750000,25000,725000,70.19
PV08889,51,N17,Nephrology,82,1-3d,10,0.5971,11.94,6,500000,150000,350000,60.74
PV08890,66,S06,Neurosurgery,95,1-3d,10,0.8086,16.17,4,75000,10000,65000,68.17
PV08891,45,N39,Urology,50,<2h,30,0.8587,17.17,6,1000000,150000,850000,73.17
PV08892,37,S72,Orthopedics,76,1-3d,10,0.8677,17.35,8,50000,0,50000,65.75
PV08893,27,C50,Oncology,65,1-3d,10,0.6626,13.25,10,150000,25000,125000,59.25
PV08894,54,S36,Trauma,90,2-6h,25,0.781,15.62,6,1000000,50000,950000,82.62
PV08895,64,O72,Obstetrics,95,>3d,5,0.7949,15.9,4,150000,50000,100000,62.9
PV08896,53,O72,Obstetrics,95,6-24h,20,0.7771,15.54,6,500000,100000,400000,79.54
PV08897,35,I71,Cardiovascular Surgery,99,1-3d,10,0.8925,17.85,8,50000,50000,0,75.45
PV08898,34,N17,Nephrology,82,>3d,5,0.7983,15.97,8,200000,150000,50000,61.77
PV08899,43,K80,General Surgery,65,>3d,5,0.8299,16.6,8,500000,75000,425000,55.6
PV08900,41,I21,Cardiology,95,1-3d,10,0.771,15.42,8,750000,0,750000,71.42
PV08901,31,S06,Neurosurgery,95,1-3d,10,0.9265,18.53,8,200000,200000,0,74.53
PV08902,82,G93,Neurology,80,6-24h,20,0.9339,18.68,2,50000,25000,25000,72.68
PV08903,40,J18,Pulmonology,78,6-24h,20,0.7892,15.78,8,300000,75000,225000,74.98
PV08904,35,C22,Oncology,73,>3d,5,0.99,19.8,8,500000,150000,350000,62.0
PV08905,59,C18,Oncology,72,6-24h,20,0.7434,14.87,6,200000,100000,100000,69.67
PV08906,72,C34,Oncology,74,1-3d,10,0.9207,18.41,4,1000000,0,1000000,62.01
PV08907,49,I20,Cardiology,80,<2h,30,0.7249,14.5,6,150000,25000,125000,82.5
PV08908,63,C34,Oncology,74,2-6h,25,0.8973,17.95,4,750000,200000,550000,76.55
PV08909,24,I74,Vascular Surgery,92,2-6h,25,0.8895,17.79,10,500000,150000,350000,89.59
PV08910,54,O00,Obstetrics,96,1-3d,10,0.7188,14.38,6,200000,100000,100000,68.78
PV08911,22,J96,Critical Care,98,2-6h,25,0.8069,16.14,10,50000,50000,0,90.34
PV08912,27,K85,General Surgery,82,6-24h,20,0.99,19.8,10,150000,150000,0,82.6
PV08913,58,C50,Oncology,65,>3d,5,0.7386,14.77,6,500000,100000,400000,51.77
PV08914,31,K35,General Surgery,70,1-3d,10,0.8602,17.2,8,750000,100000,650000,63.2
PV08915,20,C50,Oncology,65,1-3d,10,0.8535,17.07,10,200000,200000,0,63.07
PV08916,30,J18,Pulmonology,78,2-6h,25,0.8158,16.32,8,100000,100000,0,80.52
PV08917,70,I74,Vascular Surgery,92,6-24h,20,0.6469,12.94,4,500000,150000,350000,73.74
PV08918,57,I60,Neurosurgery,98,1-3d,10,0.9029,18.06,6,1000000,100000,900000,73.26
PV08919,43,N20,Urology,55,<2h,30,0.8212,16.42,8,75000,10000,65000,76.42
PV08920,84,T79,Trauma,92,6-24h,20,0.9304,18.61,2,150000,25000,125000,77.41
PV08921,44,N20,Urology,55,>3d,5,0.8432,16.86,8,500000,10000,490000,51.86
PV08922,77,S27,Trauma,88,2-6h,25,0.8264,16.53,2,75000,75000,0,78.73
PV08923,41,C34,Oncology,74,>3d,5,0.8573,17.15,8,1000000,25000,975000,59.75
PV08924,19,S27,Trauma,88,2-6h,25,0.7212,14.42,10,100000,10000,90000,84.62
PV08925,25,K85,General Surgery,82,2-6h,25,0.9758,19.52,10,200000,100000,100000,87.32
PV08926,36,I74,Vascular Surgery,92,2-6h,25,0.7825,15.65,8,300000,75000,225000,85.45
PV08927,30,A41,Critical Care,98,>3d,5,0.7837,15.67,8,150000,10000,140000,67.87
PV08928,28,C22,Oncology,73,1-3d,10,0.9492,18.98,10,75000,25000,50000,68.18
PV08929,44,C34,Oncology,74,1-3d,10,0.8447,16.89,8,50000,50000,0,64.49
PV08930,84,K56,General Surgery,85,6-24h,20,0.7964,15.93,2,150000,150000,0,71.93
PV08931,31,G93,Neurology,80,>3d,5,0.8614,17.23,8,100000,0,100000,62.23
PV08932,34,K35,General Surgery,70,1-3d,10,0.8826,17.65,8,1000000,150000,850000,63.65
PV08933,85,J18,Pulmonology,78,1-3d,10,0.8082,16.16,2,400000,0,400000,59.36
PV08934,31,K35,General Surgery,70,1-3d,10,0.9122,18.24,8,50000,50000,0,64.24
PV08935,74,K85,General Surgery,82,1-3d,10,0.6929,13.86,4,500000,0,500000,60.66
PV08936,60,C34,Oncology,74,1-3d,10,0.8462,16.92,4,400000,10000,390000,60.52
PV08937,81,C22,Oncology,73,2-6h,25,0.9,18.0,2,75000,25000,50000,74.2
PV08938,55,C22,Oncology,73,>3d,5,0.8822,17.64,6,200000,200000,0,57.84
PV08939,58,I20,Cardiology,80,6-24h,20,0.5959,11.92,6,500000,50000,450000,69.92
PV08940,33,J96,Critical Care,98,>3d,5,0.8073,16.15,8,400000,150000,250000,68.35
PV08941,57,I61,Neurosurgery,98,6-24h,20,0.6986,13.97,6,300000,25000,275000,79.17
PV08942,63,N39,Urology,50,2-6h,25,0.9486,18.97,4,200000,50000,150000,67.97
PV08943,85,N39,Urology,50,6-24h,20,0.7809,15.62,2,400000,75000,325000,57.62
PV08944,24,I71,Cardiovascular Surgery,99,1-3d,10,0.9375,18.75,10,750000,10000,740000,78.35
PV08945,28,I21,Cardiology,95,6-24h,20,0.6983,13.97,10,75000,0,75000,81.97
PV08946,19,C34,Oncology,74,1-3d,10,0.8591,17.18,10,200000,25000,175000,66.78
PV08947,71,I61,Neurosurgery,98,1-3d,10,0.8208,16.42,4,750000,150000,600000,69.62
PV08948,23,I60,Neurosurgery,98,2-6h,25,0.99,19.8,10,300000,0,300000,94.0
PV08949,80,K92,Gastroenterology,88,1-3d,10,0.9378,18.76,2,75000,75000,0,65.96
PV08950,42,O72,Obstetrics,95,1-3d,10,0.9314,18.63,8,75000,75000,0,74.63
PV08951,37,S06,Neurosurgery,95,>3d,5,0.99,19.8,8,500000,25000,475000,70.8
PV08952,84,C34,Oncology,74,6-24h,20,0.8484,16.97,2,200000,0,200000,68.57
PV08953,66,S36,Trauma,90,>3d,5,0.81,16.2,4,500000,75000,425000,61.2
PV08954,55,N17,Nephrology,82,<2h,30,0.7986,15.97,6,75000,50000,25000,84.77
PV08955,78,I20,Cardiology,80,1-3d,10,0.8528,17.06,2,400000,0,400000,61.06
PV08956,69,J96,Critical Care,98,1-3d,10,0.543,10.86,4,300000,100000,200000,64.06
PV08957,61,C34,Oncology,74,6-24h,20,0.8202,16.4,4,200000,150000,50000,70.0
PV08958,39,T79,Trauma,92,<2h,30,0.8427,16.85,8,200000,50000,150000,91.65
PV08959,85,S27,Trauma,88,1-3d,10,0.8044,16.09,2,100000,50000,50000,63.29
PV08960,66,C22,Oncology,73,6-24h,20,0.6669,13.34,4,500000,200000,300000,66.54
PV08961,82,S72,Orthopedics,76,2-6h,25,0.805,16.1,2,150000,50000,100000,73.5
PV08962,83,S72,Orthopedics,76,2-6h,25,0.6666,13.33,2,200000,10000,190000,70.73
PV08963,55,I20,Cardiology,80,1-3d,10,0.99,19.8,6,750000,150000,600000,67.8
PV08964,42,C34,Oncology,74,2-6h,25,0.7943,15.89,8,400000,75000,325000,78.49
PV08965,82,I20,Cardiology,80,6-24h,20,0.6137,12.27,2,50000,50000,0,66.27
PV08966,85,S32,Orthopedics,82,>3d,5,0.7993,15.99,2,50000,50000,0,55.79
PV08967,26,N20,Urology,55,1-3d,10,0.9095,18.19,10,300000,150000,150000,60.19
PV08968,61,J96,Critical Care,98,1-3d,10,0.8376,16.75,4,500000,25000,475000,69.95
PV08969,58,S36,Trauma,90,1-3d,10,0.7286,14.57,6,200000,100000,100000,66.57
PV08970,68,G93,Neurology,80,2-6h,25,0.7522,15.04,4,1000000,50000,950000,76.04
PV08971,84,C18,Oncology,72,6-24h,20,0.7913,15.83,2,750000,150000,600000,66.63
PV08972,35,I71,Cardiovascular Surgery,99,2-6h,25,0.776,15.52,8,200000,200000,0,88.12
PV08973,84,I74,Vascular Surgery,92,2-6h,25,0.694,13.88,2,100000,100000,0,77.68
PV08974,61,S32,Orthopedics,82,2-6h,25,0.8132,16.26,4,50000,50000,0,78.06
PV08975,23,K56,General Surgery,85,1-3d,10,0.6866,13.73,10,50000,50000,0,67.73
PV08976,52,S06,Neurosurgery,95,2-6h,25,0.9149,18.3,6,400000,150000,250000,87.3
PV08977,27,K80,General Surgery,65,2-6h,25,0.9271,18.54,10,150000,10000,140000,79.54
PV08978,83,I71,Cardiovascular Surgery,99,>3d,5,0.7197,14.39,2,75000,75000,0,60.99
PV08979,69,K80,General Surgery,65,2-6h,25,0.7483,14.97,4,50000,50000,0,69.97
PV08980,79,N17,Nephrology,82,1-3d,10,0.7777,15.55,2,200000,25000,175000,60.35
PV08981,58,C22,Oncology,73,6-24h,20,0.8168,16.34,6,300000,25000,275000,71.54
PV08982,44,O00,Obstetrics,96,1-3d,10,0.8457,16.91,8,50000,50000,0,73.31
PV08983,47,I20,Cardiology,80,<2h,30,0.8663,17.33,6,200000,50000,150000,85.33
PV08984,82,G93,Neurology,80,<2h,30,0.864,17.28,2,200000,100000,100000,81.28
PV08985,28,A41,Critical Care,98,1-3d,10,0.9754,19.51,10,50000,50000,0,78.71
PV08986,78,C22,Oncology,73,6-24h,20,0.826,16.52,2,750000,200000,550000,67.72
PV08987,46,K80,General Surgery,65,<2h,30,0.6898,13.8,6,100000,10000,90000,75.8
PV08988,58,S06,Neurosurgery,95,6-24h,20,0.6591,13.18,6,75000,75000,0,77.18
PV08989,63,I21,Cardiology,95,6-24h,20,0.9836,19.67,4,75000,25000,50000,81.67
PV08990,23,I71,Cardiovascular Surgery,99,2-6h,25,0.871,17.42,10,200000,150000,50000,92.02
PV08991,28,I21,Cardiology,95,1-3d,10,0.8406,16.81,10,500000,200000,300000,74.81
PV08992,28,K85,General Surgery,82,1-3d,10,0.8649,17.3,10,100000,25000,75000,70.1
PV08993,70,C22,Oncology,73,1-3d,10,0.836,16.72,4,500000,200000,300000,59.92
PV08994,23,O72,Obstetrics,95,1-3d,10,0.8633,17.27,10,100000,75000,25000,75.27
PV08995,59,I21,Cardiology,95,6-24h,20,0.7827,15.65,6,75000,0,75000,79.65
PV08996,25,O72,Obstetrics,95,>3d,5,0.9255,18.51,10,400000,150000,250000,71.51
PV08997,70,A41,Critical Care,98,6-24h,20,0.7675,15.35,4,500000,75000,425000,78.55
PV08998,84,G93,Neurology,80,6-24h,20,0.7297,14.59,2,500000,200000,300000,68.59
PV08999,46,I61,Neurosurgery,98,1-3d,10,0.6509,13.02,6,300000,50000,250000,68.22
PV09000,32,S32,Orthopedics,82,1-3d,10,0.7962,15.92,8,750000,25000,725000,66.72
PV09001,48,S72,Orthopedics,76,<2h,30,0.9468,18.94,6,750000,10000,740000,85.34
PV09002,64,I21,Cardiology,95,>3d,5,0.7743,15.49,4,100000,0,100000,62.49
PV09003,67,C50,Oncology,65,>3d,5,0.6821,13.64,4,400000,100000,300000,48.64
PV09004,61,S72,Orthopedics,76,6-24h,20,0.8485,16.97,4,50000,50000,0,71.37
PV09005,57,S32,Orthopedics,82,1-3d,10,0.7549,15.1,6,50000,50000,0,63.9
PV09006,60,C18,Oncology,72,1-3d,10,0.9748,19.5,4,200000,75000,125000,62.3
PV09007,32,S32,Orthopedics,82,>3d,5,0.9275,18.55,8,500000,0,500000,64.35
PV09008,32,S72,Orthopedics,76,1-3d,10,0.6929,13.86,8,300000,0,300000,62.26
PV09009,81,I21,Cardiology,95,<2h,30,0.8026,16.05,2,75000,50000,25000,86.05
PV09010,57,S06,Neurosurgery,95,1-3d,10,0.7445,14.89,6,500000,75000,425000,68.89
PV09011,76,S72,Orthopedics,76,2-6h,25,0.7039,14.08,2,400000,50000,350000,71.48
PV09012,60,S36,Trauma,90,1-3d,10,0.8144,16.29,4,500000,200000,300000,66.29
PV09013,48,S32,Orthopedics,82,1-3d,10,0.9018,18.04,6,400000,25000,375000,66.84
PV09014,56,S27,Trauma,88,1-3d,10,0.8118,16.24,6,750000,200000,550000,67.44
PV09015,65,G93,Neurology,80,2-6h,25,0.7684,15.37,4,150000,25000,125000,76.37
PV09016,30,K56,General Surgery,85,6-24h,20,0.5994,11.99,8,50000,25000,25000,73.99
PV09017,49,S36,Trauma,90,1-3d,10,0.7534,15.07,6,300000,25000,275000,67.07
PV09018,67,K80,General Surgery,65,6-24h,20,0.8752,17.5,4,1000000,150000,850000,67.5
PV09019,23,S06,Neurosurgery,95,2-6h,25,0.6858,13.72,10,50000,25000,25000,86.72
PV09020,22,I74,Vascular Surgery,92,6-24h,20,0.9483,18.97,10,1000000,50000,950000,85.77
PV09021,28,K80,General Surgery,65,>3d,5,0.7616,15.23,10,500000,0,500000,56.23
PV09022,58,J18,Pulmonology,78,6-24h,20,0.8394,16.79,6,50000,50000,0,73.99
PV09023,34,S32,Orthopedics,82,1-3d,10,0.7801,15.6,8,300000,10000,290000,66.4
PV09024,47,O00,Obstetrics,96,6-24h,20,0.7024,14.05,6,150000,150000,0,78.45
PV09025,27,G93,Neurology,80,1-3d,10,0.864,17.28,10,400000,150000,250000,69.28
PV09026,35,I20,Cardiology,80,6-24h,20,0.7602,15.2,8,500000,25000,475000,75.2
PV09027,19,C22,Oncology,73,2-6h,25,0.7367,14.73,10,150000,150000,0,78.93
PV09028,72,S06,Neurosurgery,95,2-6h,25,0.5824,11.65,4,200000,50000,150000,78.65
PV09029,49,J18,Pulmonology,78,<2h,30,0.9503,19.01,6,50000,50000,0,86.21
PV09030,29,S06,Neurosurgery,95,1-3d,10,0.8206,16.41,10,50000,10000,40000,74.41
PV09031,53,A41,Critical Care,98,1-3d,10,0.9307,18.61,6,500000,150000,350000,73.81
PV09032,81,I74,Vascular Surgery,92,1-3d,10,0.882,17.64,2,150000,10000,140000,66.44
PV09033,74,C34,Oncology,74,1-3d,10,0.9306,18.61,4,750000,25000,725000,62.21
PV09034,78,S27,Trauma,88,1-3d,10,0.7636,15.27,2,300000,50000,250000,62.47
PV09035,45,G93,Neurology,80,>3d,5,0.6828,13.66,6,150000,10000,140000,56.66
PV09036,42,I71,Cardiovascular Surgery,99,1-3d,10,0.8963,17.93,8,750000,200000,550000,75.53
PV09037,39,C18,Oncology,72,6-24h,20,0.833,16.66,8,50000,25000,25000,73.46
PV09038,38,K80,General Surgery,65,2-6h,25,0.7734,15.47,8,750000,50000,700000,74.47
PV09039,80,C22,Oncology,73,1-3d,10,0.8943,17.89,2,50000,0,50000,59.09
PV09040,27,J96,Critical Care,98,1-3d,10,0.8508,17.02,10,1000000,100000,900000,76.22
PV09041,75,K80,General Surgery,65,1-3d,10,0.8839,17.68,2,300000,10000,290000,55.68
PV09042,80,I61,Neurosurgery,98,6-24h,20,0.7178,14.36,2,200000,25000,175000,75.56
PV09043,75,N17,Nephrology,82,1-3d,10,0.9178,18.36,2,400000,200000,200000,63.16
PV09044,60,S27,Trauma,88,6-24h,20,0.8195,16.39,4,500000,150000,350000,75.59
PV09045,76,K92,Gastroenterology,88,6-24h,20,0.9285,18.57,2,100000,0,100000,75.77
PV09046,20,S32,Orthopedics,82,1-3d,10,0.9168,18.34,10,75000,75000,0,71.14
PV09047,73,N39,Urology,50,1-3d,10,0.8886,17.77,4,1000000,100000,900000,51.77
PV09048,52,G93,Neurology,80,6-24h,20,0.8089,16.18,6,300000,200000,100000,74.18
PV09049,83,S27,Trauma,88,6-24h,20,0.891,17.82,2,100000,10000,90000,75.02
PV09050,23,K80,General Surgery,65,1-3d,10,0.9311,18.62,10,1000000,25000,975000,64.62
PV09051,81,I21,Cardiology,95,6-24h,20,0.8807,17.61,2,50000,10000,40000,77.61
PV09052,57,N17,Nephrology,82,2-6h,25,0.8403,16.81,6,750000,75000,675000,80.61
PV09053,25,I60,Neurosurgery,98,1-3d,10,0.8912,17.82,10,50000,50000,0,77.02
PV09054,52,N20,Urology,55,1-3d,10,0.7674,15.35,6,400000,10000,390000,53.35
PV09055,20,C22,Oncology,73,<2h,30,0.9714,19.43,10,50000,0,50000,88.63
PV09056,23,C50,Oncology,65,1-3d,10,0.6518,13.04,10,75000,10000,65000,59.04
PV09057,54,G93,Neurology,80,1-3d,10,0.8234,16.47,6,150000,10000,140000,64.47
PV09058,73,J96,Critical Care,98,6-24h,20,0.7794,15.59,4,75000,75000,0,78.79
PV09059,25,C22,Oncology,73,6-24h,20,0.7559,15.12,10,50000,10000,40000,74.32
PV09060,35,N17,Nephrology,82,6-24h,20,0.8505,17.01,8,400000,150000,250000,77.81
PV09061,44,C50,Oncology,65,6-24h,20,0.7075,14.15,8,500000,100000,400000,68.15
PV09062,54,S32,Orthopedics,82,1-3d,10,0.99,19.8,6,150000,10000,140000,68.6
PV09063,18,C34,Oncology,74,6-24h,20,0.6848,13.7,10,400000,200000,200000,73.3
PV09064,61,I74,Vascular Surgery,92,>3d,5,0.7249,14.5,4,150000,100000,50000,60.3
PV09065,51,C18,Oncology,72,6-24h,20,0.7154,14.31,6,100000,100000,0,69.11
PV09066,83,C34,Oncology,74,1-3d,10,0.8398,16.8,2,750000,100000,650000,58.4
PV09067,38,G93,Neurology,80,1-3d,10,0.9215,18.43,8,300000,100000,200000,68.43
PV09068,51,O72,Obstetrics,95,1-3d,10,0.8726,17.45,6,50000,50000,0,71.45
PV09069,23,O00,Obstetrics,96,>3d,5,0.9672,19.34,10,400000,100000,300000,72.74
PV09070,80,O00,Obstetrics,96,6-24h,20,0.7373,14.75,2,150000,150000,0,75.15
PV09071,74,S06,Neurosurgery,95,6-24h,20,0.8859,17.72,4,50000,50000,0,79.72
PV09072,42,I61,Neurosurgery,98,>3d,5,0.7896,15.79,8,100000,75000,25000,67.99
PV09073,49,I21,Cardiology,95,>3d,5,0.8428,16.86,6,150000,150000,0,65.86
PV09074,76,C34,Oncology,74,>3d,5,0.9309,18.62,2,50000,50000,0,55.22
PV09075,38,S27,Trauma,88,2-6h,25,0.6508,13.02,8,500000,75000,425000,81.22
PV09076,34,G93,Neurology,80,<2h,30,0.99,19.8,8,100000,100000,0,89.8
PV09077,34,N20,Urology,55,6-24h,20,0.8055,16.11,8,75000,10000,65000,66.11
PV09078,66,K35,General Surgery,70,1-3d,10,0.6593,13.19,4,75000,75000,0,55.19
PV09079,32,S06,Neurosurgery,95,<2h,30,0.7507,15.01,8,500000,200000,300000,91.01
PV09080,24,K85,General Surgery,82,6-24h,20,0.8302,16.6,10,300000,25000,275000,79.4
PV09081,29,N39,Urology,50,1-3d,10,0.7507,15.01,10,750000,200000,550000,55.01
PV09082,85,I60,Neurosurgery,98,2-6h,25,0.6152,12.3,2,200000,150000,50000,78.5
PV09083,77,K56,General Surgery,85,1-3d,10,0.8297,16.59,2,400000,10000,390000,62.59
PV09084,82,I21,Cardiology,95,6-24h,20,0.7478,14.96,2,200000,200000,0,74.96
PV09085,36,S27,Trauma,88,1-3d,10,0.8851,17.7,8,300000,75000,225000,70.9
PV09086,48,C22,Oncology,73,6-24h,20,0.7132,14.26,6,750000,10000,740000,69.46
PV09087,51,C50,Oncology,65,1-3d,10,0.99,19.8,6,400000,0,400000,61.8
PV09088,53,O72,Obstetrics,95,1-3d,10,0.8714,17.43,6,200000,75000,125000,71.43
PV09089,19,K35,General Surgery,70,6-24h,20,0.8397,16.79,10,750000,75000,675000,74.79
PV09090,58,K85,General Surgery,82,6-24h,20,0.8823,17.65,6,400000,150000,250000,76.45
PV09091,20,O00,Obstetrics,96,1-3d,10,0.6378,12.76,10,1000000,75000,925000,71.16
PV09092,36,I71,Cardiovascular Surgery,99,1-3d,10,0.7703,15.41,8,400000,50000,350000,73.01
PV09093,37,N20,Urology,55,<2h,30,0.99,19.8,8,400000,25000,375000,79.8
PV09094,63,C22,Oncology,73,1-3d,10,0.788,15.76,4,300000,75000,225000,58.96
PV09095,78,A41,Critical Care,98,2-6h,25,0.8137,16.27,2,750000,25000,725000,82.47
PV09096,65,J96,Critical Care,98,6-24h,20,0.7734,15.47,4,150000,100000,50000,78.67
PV09097,47,S06,Neurosurgery,95,6-24h,20,0.9665,19.33,6,300000,10000,290000,83.33
PV09098,53,N20,Urology,55,6-24h,20,0.7955,15.91,6,1000000,150000,850000,63.91
PV09099,52,S72,Orthopedics,76,<2h,30,0.6948,13.9,6,100000,10000,90000,80.3
PV09100,28,I71,Cardiovascular Surgery,99,6-24h,20,0.99,19.8,10,200000,10000,190000,89.4
PV09101,83,A41,Critical Care,98,<2h,30,0.6825,13.65,2,50000,50000,0,84.85
PV09102,80,I61,Neurosurgery,98,6-24h,20,0.8103,16.21,2,300000,50000,250000,77.41
PV09103,34,O72,Obstetrics,95,1-3d,10,0.7358,14.72,8,150000,100000,50000,70.72
PV09104,25,C50,Oncology,65,1-3d,10,0.7498,15.0,10,300000,50000,250000,61.0
PV09105,29,J96,Critical Care,98,<2h,30,0.714,14.28,10,100000,100000,0,93.48
PV09106,60,I21,Cardiology,95,2-6h,25,0.766,15.32,4,750000,10000,740000,82.32
PV09107,20,O72,Obstetrics,95,1-3d,10,0.9184,18.37,10,1000000,50000,950000,76.37
PV09108,25,C50,Oncology,65,1-3d,10,0.6298,12.6,10,300000,0,300000,58.6
PV09109,62,K85,General Surgery,82,1-3d,10,0.9461,18.92,4,400000,75000,325000,65.72
PV09110,27,J96,Critical Care,98,2-6h,25,0.9288,18.58,10,200000,100000,100000,92.78
PV09111,22,K35,General Surgery,70,2-6h,25,0.8709,17.42,10,100000,50000,50000,80.42
PV09112,19,K80,General Surgery,65,6-24h,20,0.8326,16.65,10,200000,150000,50000,72.65
PV09113,65,G93,Neurology,80,1-3d,10,0.8477,16.95,4,200000,150000,50000,62.95
PV09114,42,S32,Orthopedics,82,6-24h,20,0.9623,19.25,8,500000,200000,300000,80.05
PV09115,37,O00,Obstetrics,96,2-6h,25,0.6454,12.91,8,400000,200000,200000,84.31
PV09116,61,N20,Urology,55,<2h,30,0.8927,17.85,4,150000,150000,0,73.85
PV09117,29,S36,Trauma,90,1-3d,10,0.7454,14.91,10,400000,50000,350000,70.91
PV09118,53,I21,Cardiology,95,6-24h,20,0.9026,18.05,6,1000000,200000,800000,82.05
PV09119,50,S36,Trauma,90,1-3d,10,0.7586,15.17,6,200000,100000,100000,67.17
PV09120,63,N20,Urology,55,6-24h,20,0.8907,17.81,4,750000,0,750000,63.81
PV09121,60,C34,Oncology,74,6-24h,20,0.6652,13.3,4,200000,0,200000,66.9
PV09122,63,C22,Oncology,73,2-6h,25,0.6507,13.01,4,75000,50000,25000,71.21
PV09123,32,C22,Oncology,73,>3d,5,0.8087,16.17,8,75000,75000,0,58.37
PV09124,27,J96,Critical Care,98,<2h,30,0.9636,19.27,10,150000,0,150000,98.47
PV09125,54,I21,Cardiology,95,2-6h,25,0.8736,17.47,6,300000,75000,225000,86.47
PV09126,21,I71,Cardiovascular Surgery,99,1-3d,10,0.8729,17.46,10,1000000,100000,900000,77.06
PV09127,48,I20,Cardiology,80,2-6h,25,0.906,18.12,6,150000,100000,50000,81.12
PV09128,60,T79,Trauma,92,6-24h,20,0.7803,15.61,4,100000,100000,0,76.41
PV09129,73,I61,Neurosurgery,98,6-24h,20,0.8811,17.62,4,400000,25000,375000,80.82
PV09130,62,K35,General Surgery,70,1-3d,10,0.762,15.24,4,150000,0,150000,57.24
PV09131,85,N17,Nephrology,82,6-24h,20,0.7886,15.77,2,200000,200000,0,70.57
PV09132,55,C34,Oncology,74,1-3d,10,0.801,16.02,6,100000,75000,25000,61.62
PV09133,48,C22,Oncology,73,1-3d,10,0.7654,15.31,6,100000,100000,0,60.51
PV09134,34,K80,General Surgery,65,1-3d,10,0.8134,16.27,8,50000,50000,0,60.27
PV09135,63,A41,Critical Care,98,6-24h,20,0.7945,15.89,4,300000,50000,250000,79.09
PV09136,73,I60,Neurosurgery,98,1-3d,10,0.7492,14.98,4,200000,10000,190000,68.18
PV09137,39,C34,Oncology,74,>3d,5,0.8059,16.12,8,75000,75000,0,58.72
PV09138,23,N17,Nephrology,82,1-3d,10,0.8355,16.71,10,500000,150000,350000,69.51
PV09139,18,N39,Urology,50,<2h,30,0.71,14.2,10,100000,0,100000,74.2
PV09140,60,J18,Pulmonology,78,1-3d,10,0.8617,17.23,4,400000,50000,350000,62.43
PV09141,63,O00,Obstetrics,96,1-3d,10,0.7706,15.41,4,75000,75000,0,67.81
PV09142,26,I74,Vascular Surgery,92,>3d,5,0.8398,16.8,10,50000,50000,0,68.6
PV09143,19,I61,Neurosurgery,98,6-24h,20,0.7535,15.07,10,75000,10000,65000,84.27
PV09144,62,I20,Cardiology,80,1-3d,10,0.925,18.5,4,300000,200000,100000,64.5
PV09145,45,T79,Trauma,92,1-3d,10,0.9156,18.31,6,75000,10000,65000,71.11
PV09146,46,K35,General Surgery,70,>3d,5,0.7151,14.3,6,150000,10000,140000,53.3
PV09147,35,N20,Urology,55,1-3d,10,0.8725,17.45,8,300000,50000,250000,57.45
PV09148,66,K85,General Surgery,82,>3d,5,0.9646,19.29,4,400000,50000,350000,61.09
PV09149,68,S72,Orthopedics,76,6-24h,20,0.7252,14.5,4,500000,50000,450000,68.9
PV09150,21,G93,Neurology,80,2-6h,25,0.7331,14.66,10,200000,150000,50000,81.66
PV09151,24,G93,Neurology,80,6-24h,20,0.8935,17.87,10,75000,75000,0,79.87
PV09152,55,K56,General Surgery,85,1-3d,10,0.6893,13.79,6,1000000,50000,950000,63.79
PV09153,59,I74,Vascular Surgery,92,2-6h,25,0.7422,14.84,6,500000,100000,400000,82.64
PV09154,27,T79,Trauma,92,1-3d,10,0.7185,14.37,10,750000,75000,675000,71.17
PV09155,28,N39,Urology,50,>3d,5,0.8947,17.89,10,1000000,100000,900000,52.89
PV09156,64,I61,Neurosurgery,98,>3d,5,0.7508,15.02,4,500000,50000,450000,63.22
PV09157,48,G93,Neurology,80,1-3d,10,0.7915,15.83,6,1000000,75000,925000,63.83
PV09158,26,O72,Obstetrics,95,1-3d,10,0.7452,14.9,10,300000,25000,275000,72.9
PV09159,59,J18,Pulmonology,78,2-6h,25,0.9349,18.7,6,300000,50000,250000,80.9
PV09160,23,I61,Neurosurgery,98,6-24h,20,0.7341,14.68,10,300000,10000,290000,83.88
PV09161,33,C50,Oncology,65,1-3d,10,0.6792,13.58,8,300000,0,300000,57.58
PV09162,66,C50,Oncology,65,1-3d,10,0.6753,13.51,4,200000,150000,50000,53.51
PV09163,33,C34,Oncology,74,6-24h,20,0.8894,17.79,8,150000,150000,0,75.39
PV09164,22,S32,Orthopedics,82,2-6h,25,0.8966,17.93,10,500000,25000,475000,85.73
PV09165,83,K92,Gastroenterology,88,1-3d,10,0.9449,18.9,2,150000,50000,100000,66.1
PV09166,33,G93,Neurology,80,6-24h,20,0.6939,13.88,8,1000000,200000,800000,73.88
PV09167,53,K80,General Surgery,65,1-3d,10,0.7969,15.94,6,500000,75000,425000,57.94
PV09168,74,C22,Oncology,73,6-24h,20,0.99,19.8,4,1000000,0,1000000,73.0
PV09169,85,C50,Oncology,65,1-3d,10,0.7898,15.8,2,400000,75000,325000,53.8
PV09170,73,C50,Oncology,65,6-24h,20,0.7637,15.27,4,300000,200000,100000,65.27
PV09171,41,N17,Nephrology,82,1-3d,10,0.8179,16.36,8,150000,10000,140000,67.16
PV09172,76,S32,Orthopedics,82,1-3d,10,0.873,17.46,2,400000,200000,200000,62.26
PV09173,18,I61,Neurosurgery,98,6-24h,20,0.8713,17.43,10,300000,150000,150000,86.63
PV09174,40,O00,Obstetrics,96,6-24h,20,0.7586,15.17,8,150000,0,150000,81.57
PV09175,31,S27,Trauma,88,>3d,5,0.7615,15.23,8,50000,50000,0,63.43
PV09176,53,N39,Urology,50,6-24h,20,0.7904,15.81,6,50000,50000,0,61.81
PV09177,78,I61,Neurosurgery,98,1-3d,10,0.747,14.94,2,100000,10000,90000,66.14
PV09178,70,C34,Oncology,74,2-6h,25,0.6965,13.93,4,500000,150000,350000,72.53
PV09179,85,K56,General Surgery,85,1-3d,10,0.99,19.8,2,1000000,150000,850000,65.8
PV09180,27,I20,Cardiology,80,6-24h,20,0.7793,15.59,10,1000000,75000,925000,77.59
PV09181,69,G93,Neurology,80,1-3d,10,0.785,15.7,4,300000,200000,100000,61.7
PV09182,67,J96,Critical Care,98,1-3d,10,0.7881,15.76,4,750000,200000,550000,68.96
PV09183,49,I20,Cardiology,80,2-6h,25,0.8119,16.24,6,50000,25000,25000,79.24
PV09184,24,O72,Obstetrics,95,6-24h,20,0.8635,17.27,10,750000,10000,740000,85.27
PV09185,25,C22,Oncology,73,>3d,5,0.7735,15.47,10,1000000,150000,850000,59.67
PV09186,80,N20,Urology,55,1-3d,10,0.9339,18.68,2,200000,200000,0,52.68
PV09187,38,I60,Neurosurgery,98,>3d,5,0.8798,17.6,8,50000,25000,25000,69.8
PV09188,61,A41,Critical Care,98,1-3d,10,0.8009,16.02,4,500000,75000,425000,69.22
PV09189,82,S27,Trauma,88,1-3d,10,0.7534,15.07,2,50000,50000,0,62.27
PV09190,51,A41,Critical Care,98,1-3d,10,0.9285,18.57,6,400000,25000,375000,73.77
PV09191,32,S06,Neurosurgery,95,>3d,5,0.8038,16.08,8,150000,75000,75000,67.08
PV09192,50,C22,Oncology,73,1-3d,10,0.6957,13.91,6,300000,75000,225000,59.11
PV09193,33,I20,Cardiology,80,6-24h,20,0.9221,18.44,8,1000000,200000,800000,78.44
PV09194,30,S72,Orthopedics,76,1-3d,10,0.7474,14.95,8,75000,25000,50000,63.35
PV09195,73,A41,Critical Care,98,>3d,5,0.9069,18.14,4,50000,10000,40000,66.34
PV09196,41,K56,General Surgery,85,6-24h,20,0.5686,11.37,8,300000,50000,250000,73.37
PV09197,64,N39,Urology,50,2-6h,25,0.7831,15.66,4,400000,10000,390000,64.66
PV09198,67,I74,Vascular Surgery,92,1-3d,10,0.936,18.72,4,100000,10000,90000,69.52
PV09199,55,I21,Cardiology,95,1-3d,10,0.8205,16.41,6,75000,75000,0,70.41
PV09200,54,S36,Trauma,90,6-24h,20,0.8798,17.6,6,500000,150000,350000,79.6
PV09201,30,S72,Orthopedics,76,1-3d,10,0.7298,14.6,8,400000,0,400000,63.0
PV09202,53,C18,Oncology,72,1-3d,10,0.8548,17.1,6,1000000,50000,950000,61.9
PV09203,69,K85,General Surgery,82,6-24h,20,0.8204,16.41,4,750000,10000,740000,73.21
PV09204,31,N39,Urology,50,1-3d,10,0.8443,16.89,8,500000,50000,450000,54.89
PV09205,33,C34,Oncology,74,6-24h,20,0.99,19.8,8,50000,50000,0,77.4
PV09206,64,C22,Oncology,73,1-3d,10,0.9505,19.01,4,100000,100000,0,62.21
PV09207,84,S36,Trauma,90,<2h,30,0.8992,17.98,2,400000,200000,200000,85.98
PV09208,44,C34,Oncology,74,1-3d,10,0.9005,18.01,8,200000,200000,0,65.61
PV09209,74,K85,General Surgery,82,6-24h,20,0.7291,14.58,4,50000,50000,0,71.38
PV09210,30,C50,Oncology,65,>3d,5,0.7729,15.46,8,300000,150000,150000,54.46
PV09211,56,K80,General Surgery,65,1-3d,10,0.6667,13.33,6,500000,25000,475000,55.33
PV09212,82,I74,Vascular Surgery,92,6-24h,20,0.693,13.86,2,500000,0,500000,72.66
PV09213,48,K92,Gastroenterology,88,>3d,5,0.7313,14.63,6,1000000,200000,800000,60.83
PV09214,52,G93,Neurology,80,6-24h,20,0.8171,16.34,6,75000,75000,0,74.34
PV09215,28,I20,Cardiology,80,1-3d,10,0.6975,13.95,10,1000000,10000,990000,65.95
PV09216,53,A41,Critical Care,98,>3d,5,0.8161,16.32,6,300000,10000,290000,66.52
PV09217,57,N20,Urology,55,>3d,5,0.8046,16.09,6,150000,150000,0,49.09
PV09218,84,S06,Neurosurgery,95,1-3d,10,0.7066,14.13,2,750000,50000,700000,64.13
PV09219,31,S06,Neurosurgery,95,>3d,5,0.9726,19.45,8,75000,75000,0,70.45
PV09220,42,C22,Oncology,73,6-24h,20,0.6875,13.75,8,50000,50000,0,70.95
PV09221,62,K35,General Surgery,70,6-24h,20,0.9317,18.63,4,500000,75000,425000,70.63
PV09222,82,G93,Neurology,80,<2h,30,0.5946,11.89,2,500000,0,500000,75.89
PV09223,34,S27,Trauma,88,6-24h,20,0.8058,16.12,8,50000,50000,0,79.32
PV09224,65,I74,Vascular Surgery,92,1-3d,10,0.7002,14.0,4,750000,10000,740000,64.8
PV09225,77,I61,Neurosurgery,98,6-24h,20,0.7546,15.09,2,750000,100000,650000,76.29
PV09226,61,C50,Oncology,65,1-3d,10,0.99,19.8,4,500000,75000,425000,59.8
PV09227,47,N20,Urology,55,<2h,30,0.7853,15.71,6,150000,50000,100000,73.71
PV09228,33,O72,Obstetrics,95,6-24h,20,0.7095,14.19,8,1000000,50000,950000,80.19
PV09229,37,T79,Trauma,92,1-3d,10,0.8688,17.38,8,75000,75000,0,72.18
PV09230,21,I74,Vascular Surgery,92,2-6h,25,0.7844,15.69,10,500000,50000,450000,87.49
PV09231,28,N17,Nephrology,82,1-3d,10,0.8351,16.7,10,750000,150000,600000,69.5
PV09232,47,I71,Cardiovascular Surgery,99,1-3d,10,0.7286,14.57,6,300000,150000,150000,70.17
PV09233,27,J18,Pulmonology,78,1-3d,10,0.7335,14.67,10,150000,150000,0,65.87
PV09234,18,K35,General Surgery,70,>3d,5,0.7412,14.82,10,200000,200000,0,57.82
PV09235,65,O72,Obstetrics,95,>3d,5,0.8998,18.0,4,50000,50000,0,65.0
PV09236,22,N17,Nephrology,82,<2h,30,0.7973,15.95,10,50000,50000,0,88.75
PV09237,27,N17,Nephrology,82,1-3d,10,0.7152,14.3,10,150000,100000,50000,67.1
PV09238,58,S72,Orthopedics,76,6-24h,20,0.8362,16.72,6,50000,0,50000,73.12
PV09239,80,C34,Oncology,74,6-24h,20,0.8279,16.56,2,400000,0,400000,68.16
PV09240,67,O00,Obstetrics,96,1-3d,10,0.8774,17.55,4,400000,100000,300000,69.95
PV09241,20,I71,Cardiovascular Surgery,99,1-3d,10,0.7718,15.44,10,750000,75000,675000,75.04
PV09242,29,A41,Critical Care,98,1-3d,10,0.8122,16.24,10,100000,100000,0,75.44
PV09243,68,C34,Oncology,74,1-3d,10,0.8622,17.24,4,750000,75000,675000,60.84
PV09244,67,K92,Gastroenterology,88,1-3d,10,0.7191,14.38,4,150000,10000,140000,63.58
PV09245,44,K80,General Surgery,65,1-3d,10,0.9086,18.17,8,300000,150000,150000,62.17
PV09246,82,C34,Oncology,74,2-6h,25,0.8216,16.43,2,750000,50000,700000,73.03
PV09247,78,N39,Urology,50,<2h,30,0.7099,14.2,2,150000,150000,0,66.2
PV09248,68,I20,Cardiology,80,1-3d,10,0.7092,14.18,4,75000,0,75000,60.18
PV09249,68,O00,Obstetrics,96,1-3d,10,0.8101,16.2,4,750000,0,750000,68.6
PV09250,71,S06,Neurosurgery,95,2-6h,25,0.765,15.3,4,100000,10000,90000,82.3
PV09251,28,C34,Oncology,74,6-24h,20,0.8955,17.91,10,100000,100000,0,77.51
PV09252,65,C18,Oncology,72,6-24h,20,0.7913,15.83,4,400000,10000,390000,68.63
PV09253,81,I71,Cardiovascular Surgery,99,1-3d,10,0.8503,17.01,2,300000,100000,200000,68.61
PV09254,33,G93,Neurology,80,6-24h,20,0.7351,14.7,8,50000,50000,0,74.7
PV09255,18,I20,Cardiology,80,2-6h,25,0.8177,16.35,10,1000000,200000,800000,83.35
PV09256,42,I74,Vascular Surgery,92,<2h,30,0.9516,19.03,8,300000,75000,225000,93.83
PV09257,36,O72,Obstetrics,95,6-24h,20,0.8052,16.1,8,100000,0,100000,82.1
PV09258,82,K56,General Surgery,85,6-24h,20,0.7647,15.29,2,50000,0,50000,71.29
PV09259,48,K56,General Surgery,85,>3d,5,0.7336,14.67,6,400000,0,400000,59.67
PV09260,62,J96,Critical Care,98,6-24h,20,0.8181,16.36,4,500000,75000,425000,79.56
PV09261,84,K85,General Surgery,82,6-24h,20,0.9609,19.22,2,500000,50000,450000,74.02
PV09262,71,I71,Cardiovascular Surgery,99,1-3d,10,0.6836,13.67,4,400000,0,400000,67.27
PV09263,68,K35,General Surgery,70,1-3d,10,0.815,16.3,4,750000,0,750000,58.3
PV09264,83,S72,Orthopedics,76,6-24h,20,0.6486,12.97,2,400000,10000,390000,65.37
PV09265,64,C18,Oncology,72,2-6h,25,0.779,15.58,4,100000,50000,50000,73.38
PV09266,33,I74,Vascular Surgery,92,>3d,5,0.8463,16.93,8,100000,100000,0,66.73
PV09267,67,N17,Nephrology,82,>3d,5,0.662,13.24,4,150000,150000,0,55.04
PV09268,39,I71,Cardiovascular Surgery,99,6-24h,20,0.7755,15.51,8,500000,50000,450000,83.11
PV09269,40,N20,Urology,55,1-3d,10,0.8491,16.98,8,50000,25000,25000,56.98
PV09270,61,C34,Oncology,74,<2h,30,0.8331,16.66,4,150000,150000,0,80.26
PV09271,39,K92,Gastroenterology,88,<2h,30,0.8539,17.08,8,200000,200000,0,90.28
PV09272,19,I60,Neurosurgery,98,<2h,30,0.7225,14.45,10,300000,25000,275000,93.65
PV09273,85,G93,Neurology,80,1-3d,10,0.849,16.98,2,75000,50000,25000,60.98
PV09274,56,K85,General Surgery,82,6-24h,20,0.76,15.2,6,50000,0,50000,74.0
PV09275,63,I60,Neurosurgery,98,2-6h,25,0.8914,17.83,4,1000000,10000,990000,86.03
PV09276,72,C50,Oncology,65,<2h,30,0.5889,11.78,4,50000,50000,0,71.78
PV09277,61,K56,General Surgery,85,<2h,30,0.791,15.82,4,50000,10000,40000,83.82
PV09278,59,K56,General Surgery,85,6-24h,20,0.8299,16.6,6,75000,10000,65000,76.6
PV09279,71,C22,Oncology,73,1-3d,10,0.9549,19.1,4,150000,25000,125000,62.3
PV09280,38,A41,Critical Care,98,1-3d,10,0.8287,16.57,8,100000,25000,75000,73.77
PV09281,74,N17,Nephrology,82,6-24h,20,0.8388,16.78,4,750000,10000,740000,73.58
PV09282,67,A41,Critical Care,98,6-24h,20,0.8575,17.15,4,75000,75000,0,80.35
PV09283,30,S06,Neurosurgery,95,1-3d,10,0.9453,18.91,8,75000,75000,0,74.91
PV09284,27,I21,Cardiology,95,6-24h,20,0.7818,15.64,10,75000,75000,0,83.64
PV09285,77,I21,Cardiology,95,6-24h,20,0.6797,13.59,2,400000,200000,200000,73.59
PV09286,78,O72,Obstetrics,95,>3d,5,0.6605,13.21,2,750000,200000,550000,58.21
PV09287,85,S72,Orthopedics,76,1-3d,10,0.8864,17.73,2,75000,25000,50000,60.13
PV09288,24,I60,Neurosurgery,98,6-24h,20,0.8423,16.85,10,300000,200000,100000,86.05
PV09289,78,K85,General Surgery,82,6-24h,20,0.7944,15.89,2,150000,100000,50000,70.69
PV09290,76,I71,Cardiovascular Surgery,99,2-6h,25,0.7614,15.23,2,400000,10000,390000,81.83
PV09291,70,J18,Pulmonology,78,<2h,30,0.8381,16.76,4,400000,25000,375000,81.96
PV09292,51,C22,Oncology,73,>3d,5,0.841,16.82,6,100000,10000,90000,57.02
PV09293,52,C50,Oncology,65,1-3d,10,0.868,17.36,6,400000,150000,250000,59.36
PV09294,47,N39,Urology,50,<2h,30,0.7091,14.18,6,50000,50000,0,70.18
PV09295,19,K56,General Surgery,85,2-6h,25,0.6436,12.87,10,200000,150000,50000,81.87
PV09296,52,A41,Critical Care,98,6-24h,20,0.7286,14.57,6,1000000,10000,990000,79.77
PV09297,34,K80,General Surgery,65,6-24h,20,0.6849,13.7,8,750000,75000,675000,67.7
PV09298,31,I74,Vascular Surgery,92,1-3d,10,0.6797,13.59,8,50000,50000,0,68.39
PV09299,21,G93,Neurology,80,6-24h,20,0.977,19.54,10,50000,50000,0,81.54
PV09300,49,S72,Orthopedics,76,>3d,5,0.5933,11.87,6,750000,25000,725000,53.27
PV09301,21,A41,Critical Care,98,1-3d,10,0.867,17.34,10,100000,0,100000,76.54
PV09302,75,G93,Neurology,80,>3d,5,0.9107,18.21,2,400000,200000,200000,57.21
PV09303,78,N17,Nephrology,82,>3d,5,0.9187,18.37,2,300000,50000,250000,58.17
PV09304,72,T79,Trauma,92,>3d,5,0.8477,16.95,4,200000,200000,0,62.75
PV09305,38,S72,Orthopedics,76,>3d,5,0.952,19.04,8,150000,50000,100000,62.44
PV09306,29,S06,Neurosurgery,95,6-24h,20,0.99,19.8,10,500000,25000,475000,87.8
PV09307,52,C50,Oncology,65,2-6h,25,0.7898,15.8,6,100000,50000,50000,72.8
PV09308,63,S06,Neurosurgery,95,2-6h,25,0.8647,17.29,4,500000,0,500000,84.29
PV09309,19,C34,Oncology,74,1-3d,10,0.9476,18.95,10,100000,75000,25000,68.55
PV09310,76,S27,Trauma,88,1-3d,10,0.7338,14.68,2,750000,200000,550000,61.88
PV09311,47,S32,Orthopedics,82,2-6h,25,0.7955,15.91,6,500000,25000,475000,79.71
PV09312,73,I20,Cardiology,80,1-3d,10,0.7574,15.15,4,300000,10000,290000,61.15
PV09313,23,S27,Trauma,88,1-3d,10,0.8661,17.32,10,50000,10000,40000,72.52
PV09314,46,I20,Cardiology,80,1-3d,10,0.6302,12.6,6,100000,10000,90000,60.6
PV09315,49,S06,Neurosurgery,95,6-24h,20,0.9637,19.27,6,400000,50000,350000,83.27
PV09316,21,S06,Neurosurgery,95,2-6h,25,0.8734,17.47,10,300000,25000,275000,90.47
PV09317,66,C22,Oncology,73,6-24h,20,0.879,17.58,4,75000,75000,0,70.78
PV09318,81,J18,Pulmonology,78,2-6h,25,0.5837,11.67,2,50000,25000,25000,69.87
PV09319,54,S72,Orthopedics,76,1-3d,10,0.716,14.32,6,400000,25000,375000,60.72
PV09320,44,K35,General Surgery,70,6-24h,20,0.969,19.38,8,150000,10000,140000,75.38
PV09321,61,I71,Cardiovascular Surgery,99,6-24h,20,0.8023,16.05,4,200000,75000,125000,79.65
PV09322,42,C50,Oncology,65,6-24h,20,0.6476,12.95,8,400000,25000,375000,66.95
PV09323,42,T79,Trauma,92,1-3d,10,0.8422,16.84,8,750000,100000,650000,71.64
PV09324,69,N39,Urology,50,6-24h,20,0.8879,17.76,4,100000,0,100000,61.76
PV09325,58,S27,Trauma,88,>3d,5,0.8731,17.46,6,400000,100000,300000,63.66
PV09326,35,S72,Orthopedics,76,<2h,30,0.805,16.1,8,750000,150000,600000,84.5
PV09327,45,K35,General Surgery,70,>3d,5,0.9336,18.67,6,1000000,100000,900000,57.67
PV09328,74,I61,Neurosurgery,98,<2h,30,0.7498,15.0,4,1000000,25000,975000,88.2
PV09329,53,S72,Orthopedics,76,2-6h,25,0.874,17.48,6,50000,50000,0,78.88
PV09330,23,J18,Pulmonology,78,>3d,5,0.8335,16.67,10,50000,50000,0,62.87
PV09331,76,S06,Neurosurgery,95,1-3d,10,0.8067,16.13,2,750000,75000,675000,66.13
PV09332,68,S27,Trauma,88,1-3d,10,0.7821,15.64,4,100000,100000,0,64.84
PV09333,36,C34,Oncology,74,1-3d,10,0.7856,15.71,8,100000,100000,0,63.31
PV09334,83,T79,Trauma,92,6-24h,20,0.8232,16.46,2,200000,50000,150000,75.26
PV09335,82,K92,Gastroenterology,88,1-3d,10,0.7907,15.81,2,400000,10000,390000,63.01
PV09336,85,K85,General Surgery,82,2-6h,25,0.8933,17.87,2,50000,50000,0,77.67
PV09337,43,S36,Trauma,90,1-3d,10,0.7664,15.33,8,400000,25000,375000,69.33
PV09338,80,I20,Cardiology,80,>3d,5,0.9768,19.54,2,50000,50000,0,58.54
PV09339,72,C50,Oncology,65,>3d,5,0.7619,15.24,4,150000,75000,75000,50.24
PV09340,77,I71,Cardiovascular Surgery,99,1-3d,10,0.912,18.24,2,1000000,10000,990000,69.84
PV09341,55,C50,Oncology,65,1-3d,10,0.9163,18.33,6,75000,25000,50000,60.33
PV09342,36,K35,General Surgery,70,1-3d,10,0.8366,16.73,8,50000,50000,0,62.73
PV09343,33,S72,Orthopedics,76,6-24h,20,0.8277,16.55,8,200000,100000,100000,74.95
PV09344,83,I74,Vascular Surgery,92,>3d,5,0.7471,14.94,2,100000,10000,90000,58.74
PV09345,52,C22,Oncology,73,1-3d,10,0.7683,15.37,6,100000,100000,0,60.57
PV09346,81,I60,Neurosurgery,98,6-24h,20,0.842,16.84,2,200000,25000,175000,78.04
PV09347,55,G93,Neurology,80,1-3d,10,0.8155,16.31,6,75000,75000,0,64.31
PV09348,54,I71,Cardiovascular Surgery,99,<2h,30,0.9383,18.77,6,50000,50000,0,94.37
PV09349,22,I60,Neurosurgery,98,1-3d,10,0.7745,15.49,10,1000000,100000,900000,74.69
PV09350,45,C34,Oncology,74,1-3d,10,0.7806,15.61,6,750000,200000,550000,61.21
PV09351,55,C50,Oncology,65,6-24h,20,0.6535,13.07,6,200000,10000,190000,65.07
PV09352,25,K35,General Surgery,70,<2h,30,0.8844,17.69,10,750000,50000,700000,85.69
PV09353,29,I60,Neurosurgery,98,1-3d,10,0.8753,17.51,10,1000000,10000,990000,76.71
PV09354,58,S06,Neurosurgery,95,2-6h,25,0.9177,18.35,6,150000,50000,100000,87.35
PV09355,34,S27,Trauma,88,>3d,5,0.9233,18.47,8,75000,75000,0,66.67
PV09356,65,S06,Neurosurgery,95,<2h,30,0.8989,17.98,4,100000,75000,25000,89.98
PV09357,49,N20,Urology,55,6-24h,20,0.9031,18.06,6,1000000,0,1000000,66.06
PV09358,45,I61,Neurosurgery,98,<2h,30,0.881,17.62,6,750000,0,750000,92.82
PV09359,25,S32,Orthopedics,82,1-3d,10,0.8964,17.93,10,400000,200000,200000,70.73
PV09360,45,I20,Cardiology,80,1-3d,10,0.6358,12.72,6,400000,25000,375000,60.72
PV09361,54,N20,Urology,55,1-3d,10,0.71,14.2,6,150000,50000,100000,52.2
PV09362,56,K92,Gastroenterology,88,>3d,5,0.6937,13.87,6,300000,75000,225000,60.07
PV09363,36,K92,Gastroenterology,88,1-3d,10,0.947,18.94,8,150000,10000,140000,72.14
PV09364,19,I60,Neurosurgery,98,6-24h,20,0.7417,14.83,10,150000,25000,125000,84.03
PV09365,81,K85,General Surgery,82,2-6h,25,0.7577,15.15,2,500000,75000,425000,74.95
PV09366,83,K80,General Surgery,65,>3d,5,0.8207,16.41,2,300000,10000,290000,49.41
PV09367,79,K85,General Surgery,82,6-24h,20,0.6956,13.91,2,200000,150000,50000,68.71
PV09368,37,K80,General Surgery,65,>3d,5,0.8581,17.16,8,100000,100000,0,56.16
PV09369,58,S32,Orthopedics,82,>3d,5,0.607,12.14,6,400000,200000,200000,55.94
PV09370,27,C22,Oncology,73,1-3d,10,0.7023,14.05,10,200000,75000,125000,63.25
PV09371,79,I74,Vascular Surgery,92,1-3d,10,0.8399,16.8,2,50000,50000,0,65.6
PV09372,18,K85,General Surgery,82,>3d,5,0.6958,13.92,10,400000,25000,375000,61.72
PV09373,50,I21,Cardiology,95,1-3d,10,0.9499,19.0,6,150000,100000,50000,73.0
PV09374,76,I71,Cardiovascular Surgery,99,1-3d,10,0.8246,16.49,2,200000,200000,0,68.09
PV09375,67,I71,Cardiovascular Surgery,99,6-24h,20,0.9332,18.66,4,1000000,150000,850000,82.26
PV09376,76,S72,Orthopedics,76,6-24h,20,0.8558,17.12,2,400000,150000,250000,69.52
PV09377,51,S27,Trauma,88,6-24h,20,0.8188,16.38,6,50000,50000,0,77.58
PV09378,24,G93,Neurology,80,>3d,5,0.7203,14.41,10,500000,75000,425000,61.41
PV09379,18,S32,Orthopedics,82,1-3d,10,0.9129,18.26,10,100000,75000,25000,71.06
PV09380,28,N20,Urology,55,1-3d,10,0.8641,17.28,10,500000,10000,490000,59.28
PV09381,21,I21,Cardiology,95,<2h,30,0.99,19.8,10,150000,25000,125000,97.8
PV09382,48,O72,Obstetrics,95,>3d,5,0.9028,18.06,6,300000,100000,200000,67.06
PV09383,21,N20,Urology,55,6-24h,20,0.7803,15.61,10,400000,100000,300000,67.61
PV09384,30,J96,Critical Care,98,1-3d,10,0.8489,16.98,8,75000,75000,0,74.18
PV09385,46,S27,Trauma,88,<2h,30,0.8622,17.24,6,75000,75000,0,88.44
PV09386,68,N20,Urology,55,>3d,5,0.9363,18.73,4,500000,75000,425000,49.73
PV09387,63,S32,Orthopedics,82,1-3d,10,0.9522,19.04,4,50000,50000,0,65.84
PV09388,21,G93,Neurology,80,6-24h,20,0.8038,16.08,10,750000,100000,650000,78.08
PV09389,79,S27,Trauma,88,6-24h,20,0.6984,13.97,2,200000,25000,175000,71.17
PV09390,55,S36,Trauma,90,6-24h,20,0.6346,12.69,6,50000,10000,40000,74.69
PV09391,41,S36,Trauma,90,6-24h,20,0.706,14.12,8,500000,100000,400000,78.12
PV09392,44,C50,Oncology,65,2-6h,25,0.7608,15.22,8,750000,25000,725000,74.22
PV09393,75,S27,Trauma,88,6-24h,20,0.9704,19.41,2,50000,50000,0,76.61
PV09394,49,S27,Trauma,88,6-24h,20,0.972,19.44,6,1000000,200000,800000,80.64
PV09395,34,K56,General Surgery,85,6-24h,20,0.916,18.32,8,200000,50000,150000,80.32
PV09396,46,O72,Obstetrics,95,1-3d,10,0.943,18.86,6,400000,10000,390000,72.86
PV09397,22,J96,Critical Care,98,6-24h,20,0.7493,14.99,10,100000,0,100000,84.19
PV09398,28,O00,Obstetrics,96,2-6h,25,0.6685,13.37,10,75000,75000,0,86.77
PV09399,39,I20,Cardiology,80,>3d,5,0.7193,14.39,8,1000000,200000,800000,59.39
PV09400,32,S32,Orthopedics,82,6-24h,20,0.6165,12.33,8,400000,200000,200000,73.13
PV09401,41,O72,Obstetrics,95,1-3d,10,0.7086,14.17,8,100000,100000,0,70.17
PV09402,22,C22,Oncology,73,>3d,5,0.7694,15.39,10,150000,0,150000,59.59
PV09403,59,C22,Oncology,73,1-3d,10,0.8367,16.73,6,500000,0,500000,61.93
PV09404,25,S72,Orthopedics,76,1-3d,10,0.8335,16.67,10,150000,150000,0,67.07
PV09405,32,K80,General Surgery,65,1-3d,10,0.751,15.02,8,400000,100000,300000,59.02
PV09406,84,K85,General Surgery,82,1-3d,10,0.8769,17.54,2,50000,50000,0,62.34
PV09407,18,I20,Cardiology,80,1-3d,10,0.753,15.06,10,1000000,200000,800000,67.06
PV09408,37,S36,Trauma,90,2-6h,25,0.821,16.42,8,500000,100000,400000,85.42
PV09409,52,J96,Critical Care,98,1-3d,10,0.709,14.18,6,150000,50000,100000,69.38
PV09410,38,K35,General Surgery,70,>3d,5,0.9289,18.58,8,300000,100000,200000,59.58
PV09411,39,G93,Neurology,80,1-3d,10,0.8221,16.44,8,75000,75000,0,66.44
PV09412,26,I71,Cardiovascular Surgery,99,2-6h,25,0.8879,17.76,10,200000,150000,50000,92.36
PV09413,46,T79,Trauma,92,6-24h,20,0.6984,13.97,6,150000,150000,0,76.77
PV09414,69,I61,Neurosurgery,98,6-24h,20,0.8374,16.75,4,150000,10000,140000,79.95
PV09415,57,O00,Obstetrics,96,6-24h,20,0.8772,17.54,6,750000,200000,550000,81.94
PV09416,80,S27,Trauma,88,1-3d,10,0.6156,12.31,2,200000,100000,100000,59.51
PV09417,65,S72,Orthopedics,76,6-24h,20,0.9368,18.74,4,50000,50000,0,73.14
PV09418,71,K56,General Surgery,85,6-24h,20,0.6951,13.9,4,200000,25000,175000,71.9
PV09419,47,I61,Neurosurgery,98,6-24h,20,0.8411,16.82,6,50000,50000,0,82.02
PV09420,59,K85,General Surgery,82,>3d,5,0.99,19.8,6,200000,200000,0,63.6
PV09421,57,O72,Obstetrics,95,>3d,5,0.9155,18.31,6,400000,10000,390000,67.31
PV09422,73,S32,Orthopedics,82,1-3d,10,0.671,13.42,4,50000,50000,0,60.22
PV09423,52,S72,Orthopedics,76,>3d,5,0.8022,16.04,6,50000,50000,0,57.44
PV09424,45,J96,Critical Care,98,>3d,5,0.9433,18.87,6,150000,150000,0,69.07
PV09425,22,J96,Critical Care,98,6-24h,20,0.7383,14.77,10,200000,10000,190000,83.97
PV09426,76,C18,Oncology,72,2-6h,25,0.784,15.68,2,50000,10000,40000,71.48
PV09427,47,S72,Orthopedics,76,1-3d,10,0.7812,15.62,6,150000,75000,75000,62.02
PV09428,72,N39,Urology,50,1-3d,10,0.877,17.54,4,500000,10000,490000,51.54
PV09429,64,S72,Orthopedics,76,6-24h,20,0.6663,13.33,4,300000,200000,100000,67.73
PV09430,18,J18,Pulmonology,78,>3d,5,0.8826,17.65,10,300000,150000,150000,63.85
PV09431,62,I60,Neurosurgery,98,6-24h,20,0.7577,15.15,4,75000,75000,0,78.35
PV09432,51,K56,General Surgery,85,>3d,5,0.8189,16.38,6,500000,50000,450000,61.38
PV09433,34,G93,Neurology,80,1-3d,10,0.7975,15.95,8,300000,25000,275000,65.95
PV09434,35,K85,General Surgery,82,<2h,30,0.88,17.6,8,200000,75000,125000,88.4
PV09435,61,S27,Trauma,88,>3d,5,0.8179,16.36,4,400000,0,400000,60.56
PV09436,23,J18,Pulmonology,78,1-3d,10,0.964,19.28,10,75000,75000,0,70.48
PV09437,59,I60,Neurosurgery,98,1-3d,10,0.9189,18.38,6,400000,150000,250000,73.58
PV09438,75,O00,Obstetrics,96,1-3d,10,0.7405,14.81,2,100000,10000,90000,65.21
PV09439,23,K85,General Surgery,82,2-6h,25,0.9565,19.13,10,50000,10000,40000,86.93
PV09440,18,K35,General Surgery,70,2-6h,25,0.8519,17.04,10,100000,25000,75000,80.04
PV09441,22,S27,Trauma,88,<2h,30,0.837,16.74,10,150000,150000,0,91.94
PV09442,67,S72,Orthopedics,76,2-6h,25,0.9048,18.1,4,200000,25000,175000,77.5
PV09443,75,K56,General Surgery,85,6-24h,20,0.7159,14.32,2,100000,100000,0,70.32
PV09444,85,N17,Nephrology,82,1-3d,10,0.6821,13.64,2,500000,200000,300000,58.44
PV09445,19,K80,General Surgery,65,2-6h,25,0.8225,16.45,10,100000,50000,50000,77.45
PV09446,50,I71,Cardiovascular Surgery,99,1-3d,10,0.7594,15.19,6,75000,10000,65000,70.79
PV09447,21,K92,Gastroenterology,88,6-24h,20,0.99,19.8,10,100000,100000,0,85.0
PV09448,43,C18,Oncology,72,6-24h,20,0.7436,14.87,8,200000,25000,175000,71.67
PV09449,38,S32,Orthopedics,82,>3d,5,0.824,16.48,8,50000,50000,0,62.28
PV09450,59,I61,Neurosurgery,98,>3d,5,0.8392,16.78,6,50000,50000,0,66.98
PV09451,79,S32,Orthopedics,82,1-3d,10,0.9431,18.86,2,75000,75000,0,63.66
PV09452,72,K85,General Surgery,82,<2h,30,0.7205,14.41,4,150000,150000,0,81.21
PV09453,22,N20,Urology,55,1-3d,10,0.6588,13.18,10,1000000,25000,975000,55.18
PV09454,34,T79,Trauma,92,2-6h,25,0.9594,19.19,8,300000,100000,200000,88.99
PV09455,36,J96,Critical Care,98,1-3d,10,0.8281,16.56,8,50000,25000,25000,73.76
PV09456,35,J96,Critical Care,98,>3d,5,0.901,18.02,8,50000,50000,0,70.22
PV09457,42,I60,Neurosurgery,98,6-24h,20,0.9057,18.11,8,75000,25000,50000,85.31
PV09458,59,C18,Oncology,72,>3d,5,0.923,18.46,6,50000,50000,0,58.26
PV09459,68,S32,Orthopedics,82,1-3d,10,0.7822,15.64,4,300000,150000,150000,62.44
PV09460,81,S27,Trauma,88,6-24h,20,0.7551,15.1,2,500000,200000,300000,72.3
PV09461,65,K35,General Surgery,70,2-6h,25,0.6204,12.41,4,200000,25000,175000,69.41
PV09462,38,I74,Vascular Surgery,92,1-3d,10,0.7205,14.41,8,200000,200000,0,69.21
PV09463,30,S27,Trauma,88,6-24h,20,0.8262,16.52,8,300000,10000,290000,79.72
PV09464,43,N39,Urology,50,<2h,30,0.7499,15.0,8,150000,100000,50000,73.0
PV09465,72,S06,Neurosurgery,95,2-6h,25,0.7059,14.12,4,750000,10000,740000,81.12
PV09466,85,K85,General Surgery,82,>3d,5,0.825,16.5,2,400000,100000,300000,56.3
PV09467,44,C34,Oncology,74,6-24h,20,0.9543,19.09,8,1000000,150000,850000,76.69
PV09468,29,J96,Critical Care,98,>3d,5,0.8144,16.29,10,50000,50000,0,70.49
PV09469,18,I20,Cardiology,80,1-3d,10,0.7067,14.13,10,200000,25000,175000,66.13
PV09470,23,N39,Urology,50,6-24h,20,0.9472,18.94,10,750000,150000,600000,68.94
PV09471,61,S36,Trauma,90,6-24h,20,0.7426,14.85,4,400000,10000,390000,74.85
PV09472,58,K80,General Surgery,65,1-3d,10,0.9679,19.36,6,500000,100000,400000,61.36
PV09473,61,K80,General Surgery,65,6-24h,20,0.7937,15.87,4,200000,50000,150000,65.87
PV09474,19,C50,Oncology,65,<2h,30,0.8303,16.61,10,150000,10000,140000,82.61
PV09475,47,K56,General Surgery,85,6-24h,20,0.9761,19.52,6,500000,200000,300000,79.52
PV09476,30,I60,Neurosurgery,98,>3d,5,0.6849,13.7,8,200000,150000,50000,65.9
PV09477,40,K85,General Surgery,82,1-3d,10,0.715,14.3,8,200000,10000,190000,65.1
PV09478,60,S06,Neurosurgery,95,6-24h,20,0.7873,15.75,4,150000,50000,100000,77.75
PV09479,36,I71,Cardiovascular Surgery,99,6-24h,20,0.806,16.12,8,75000,75000,0,83.72
PV09480,62,C34,Oncology,74,6-24h,20,0.99,19.8,4,500000,10000,490000,73.4
PV09481,37,J18,Pulmonology,78,1-3d,10,0.7312,14.62,8,750000,50000,700000,63.82
PV09482,52,A41,Critical Care,98,2-6h,25,0.6896,13.79,6,50000,0,50000,83.99
PV09483,49,I21,Cardiology,95,>3d,5,0.7264,14.53,6,200000,0,200000,63.53
PV09484,44,A41,Critical Care,98,>3d,5,0.8432,16.86,8,400000,10000,390000,69.06
PV09485,26,S72,Orthopedics,76,6-24h,20,0.8692,17.38,10,75000,75000,0,77.78
PV09486,57,S32,Orthopedics,82,>3d,5,0.7493,14.99,6,150000,75000,75000,58.79
PV09487,85,K85,General Surgery,82,1-3d,10,0.8221,16.44,2,1000000,25000,975000,61.24
PV09488,61,I71,Cardiovascular Surgery,99,1-3d,10,0.99,19.8,4,500000,10000,490000,73.4
PV09489,68,N17,Nephrology,82,2-6h,25,0.8235,16.47,4,750000,150000,600000,78.27
PV09490,72,I61,Neurosurgery,98,>3d,5,0.8521,17.04,4,1000000,100000,900000,65.24
PV09491,20,A41,Critical Care,98,6-24h,20,0.99,19.8,10,400000,150000,250000,89.0
PV09492,71,I60,Neurosurgery,98,1-3d,10,0.7502,15.0,4,100000,100000,0,68.2
PV09493,34,O00,Obstetrics,96,6-24h,20,0.7437,14.87,8,1000000,100000,900000,81.27
PV09494,63,S72,Orthopedics,76,6-24h,20,0.773,15.46,4,200000,0,200000,69.86
PV09495,84,J18,Pulmonology,78,>3d,5,0.7672,15.34,2,300000,200000,100000,53.54
PV09496,78,C18,Oncology,72,6-24h,20,0.6379,12.76,2,300000,10000,290000,63.56
PV09497,46,S36,Trauma,90,<2h,30,0.8338,16.68,6,300000,100000,200000,88.68
PV09498,74,I20,Cardiology,80,1-3d,10,0.8417,16.83,4,300000,10000,290000,62.83
PV09499,60,N39,Urology,50,6-24h,20,0.8014,16.03,4,500000,150000,350000,60.03
PV09500,27,S06,Neurosurgery,95,>3d,5,0.8447,16.89,10,75000,75000,0,69.89
PV09501,34,N39,Urology,50,>3d,5,0.8458,16.92,8,200000,150000,50000,49.92
PV09502,83,K56,General Surgery,85,<2h,30,0.6884,13.77,2,300000,25000,275000,79.77
PV09503,80,J96,Critical Care,98,1-3d,10,0.8489,16.98,2,300000,100000,200000,68.18
PV09504,78,O00,Obstetrics,96,>3d,5,0.8759,17.52,2,500000,10000,490000,62.92
PV09505,44,I21,Cardiology,95,>3d,5,0.6603,13.21,8,150000,150000,0,64.21
PV09506,39,K85,General Surgery,82,1-3d,10,0.9663,19.33,8,1000000,10000,990000,70.13
PV09507,72,K56,General Surgery,85,1-3d,10,0.6964,13.93,4,50000,50000,0,61.93
PV09508,19,O72,Obstetrics,95,1-3d,10,0.7062,14.12,10,500000,10000,490000,72.12
PV09509,79,T79,Trauma,92,2-6h,25,0.8402,16.8,2,75000,25000,50000,80.6
PV09510,59,N39,Urology,50,1-3d,10,0.8735,17.47,6,400000,100000,300000,53.47
PV09511,61,A41,Critical Care,98,6-24h,20,0.8978,17.96,4,50000,50000,0,81.16
PV09512,47,N17,Nephrology,82,6-24h,20,0.8761,17.52,6,100000,100000,0,76.32
PV09513,84,O72,Obstetrics,95,6-24h,20,0.768,15.36,2,150000,25000,125000,75.36
PV09514,68,S27,Trauma,88,>3d,5,0.8309,16.62,4,50000,25000,25000,60.82
PV09515,21,C18,Oncology,72,6-24h,20,0.7883,15.77,10,150000,100000,50000,74.57
PV09516,53,C22,Oncology,73,6-24h,20,0.8374,16.75,6,400000,50000,350000,71.95
PV09517,76,S27,Trauma,88,<2h,30,0.8268,16.54,2,75000,10000,65000,83.74
PV09518,23,I60,Neurosurgery,98,2-6h,25,0.7695,15.39,10,400000,100000,300000,89.59
PV09519,68,N39,Urology,50,>3d,5,0.7853,15.71,4,200000,50000,150000,44.71
PV09520,34,N39,Urology,50,6-24h,20,0.6348,12.7,8,750000,200000,550000,60.7
PV09521,52,I74,Vascular Surgery,92,2-6h,25,0.903,18.06,6,400000,0,400000,85.86
PV09522,78,O00,Obstetrics,96,>3d,5,0.8498,17.0,2,200000,100000,100000,62.4
PV09523,51,G93,Neurology,80,<2h,30,0.5893,11.79,6,750000,150000,600000,79.79
PV09524,20,O00,Obstetrics,96,6-24h,20,0.8993,17.99,10,75000,75000,0,86.39
PV09525,19,O72,Obstetrics,95,1-3d,10,0.8147,16.29,10,300000,100000,200000,74.29
PV09526,68,N39,Urology,50,1-3d,10,0.7263,14.53,4,100000,100000,0,48.53
PV09527,81,T79,Trauma,92,2-6h,25,0.7175,14.35,2,200000,25000,175000,78.15
PV09528,37,O00,Obstetrics,96,1-3d,10,0.7512,15.02,8,200000,50000,150000,71.42
PV09529,81,K35,General Surgery,70,1-3d,10,0.7268,14.54,2,300000,200000,100000,54.54
PV09530,48,S72,Orthopedics,76,1-3d,10,0.7403,14.81,6,150000,0,150000,61.21
PV09531,21,C50,Oncology,65,6-24h,20,0.99,19.8,10,400000,150000,250000,75.8
PV09532,54,I71,Cardiovascular Surgery,99,1-3d,10,0.8571,17.14,6,75000,75000,0,72.74
PV09533,84,N17,Nephrology,82,1-3d,10,0.99,19.8,2,75000,75000,0,64.6
PV09534,35,C34,Oncology,74,1-3d,10,0.8426,16.85,8,75000,0,75000,64.45
PV09535,83,I61,Neurosurgery,98,>3d,5,0.8779,17.56,2,200000,75000,125000,63.76
PV09536,62,J18,Pulmonology,78,>3d,5,0.7319,14.64,4,200000,50000,150000,54.84
PV09537,44,K80,General Surgery,65,1-3d,10,0.8032,16.06,8,750000,0,750000,60.06
PV09538,65,A41,Critical Care,98,6-24h,20,0.8118,16.24,4,150000,100000,50000,79.44
PV09539,45,N17,Nephrology,82,<2h,30,0.882,17.64,6,300000,150000,150000,86.44
PV09540,23,N20,Urology,55,1-3d,10,0.8151,16.3,10,1000000,75000,925000,58.3
PV09541,77,I60,Neurosurgery,98,<2h,30,0.8551,17.1,2,400000,10000,390000,88.3
PV09542,43,C34,Oncology,74,1-3d,10,0.8516,17.03,8,750000,25000,725000,64.63
PV09543,56,J96,Critical Care,98,1-3d,10,0.7897,15.79,6,300000,75000,225000,70.99
PV09544,68,S36,Trauma,90,1-3d,10,0.7794,15.59,4,75000,75000,0,65.59
PV09545,23,C34,Oncology,74,2-6h,25,0.7531,15.06,10,200000,75000,125000,79.66
PV09546,67,I21,Cardiology,95,>3d,5,0.9282,18.56,4,500000,10000,490000,65.56
PV09547,42,I21,Cardiology,95,1-3d,10,0.7898,15.8,8,75000,75000,0,71.8
PV09548,55,S72,Orthopedics,76,6-24h,20,0.8529,17.06,6,200000,0,200000,73.46
PV09549,49,K92,Gastroenterology,88,1-3d,10,0.8043,16.09,6,300000,200000,100000,67.29
PV09550,70,I21,Cardiology,95,2-6h,25,0.9263,18.53,4,1000000,50000,950000,85.53
PV09551,30,S32,Orthopedics,82,1-3d,10,0.6212,12.42,8,1000000,150000,850000,63.22
PV09552,25,I61,Neurosurgery,98,<2h,30,0.8503,17.01,10,400000,0,400000,96.21
PV09553,45,O72,Obstetrics,95,1-3d,10,0.6945,13.89,6,100000,100000,0,67.89
PV09554,26,S27,Trauma,88,2-6h,25,0.8591,17.18,10,100000,100000,0,87.38
PV09555,34,O72,Obstetrics,95,2-6h,25,0.8053,16.11,8,300000,200000,100000,87.11
PV09556,62,I61,Neurosurgery,98,6-24h,20,0.6722,13.44,4,75000,50000,25000,76.64
PV09557,73,K80,General Surgery,65,<2h,30,0.8538,17.08,4,400000,25000,375000,77.08
PV09558,65,I71,Cardiovascular Surgery,99,>3d,5,0.8424,16.85,4,1000000,200000,800000,65.45
PV09559,39,S32,Orthopedics,82,1-3d,10,0.7969,15.94,8,75000,75000,0,66.74
PV09560,73,C34,Oncology,74,<2h,30,0.8095,16.19,4,1000000,200000,800000,79.79
PV09561,45,N17,Nephrology,82,<2h,30,0.8362,16.72,6,50000,10000,40000,85.52
PV09562,30,I74,Vascular Surgery,92,1-3d,10,0.9378,18.76,8,200000,50000,150000,73.56
PV09563,69,C34,Oncology,74,<2h,30,0.7886,15.77,4,150000,25000,125000,79.37
PV09564,53,C22,Oncology,73,6-24h,20,0.9213,18.43,6,300000,50000,250000,73.63
PV09565,43,N39,Urology,50,2-6h,25,0.8163,16.33,8,200000,150000,50000,69.33
PV09566,62,N39,Urology,50,1-3d,10,0.9496,18.99,4,300000,200000,100000,52.99
PV09567,67,A41,Critical Care,98,>3d,5,0.7965,15.93,4,75000,75000,0,64.13
PV09568,33,J18,Pulmonology,78,2-6h,25,0.7534,15.07,8,500000,0,500000,79.27
PV09569,25,S36,Trauma,90,>3d,5,0.7102,14.2,10,1000000,50000,950000,65.2
PV09570,53,C22,Oncology,73,>3d,5,0.8166,16.33,6,200000,50000,150000,56.53
PV09571,21,K92,Gastroenterology,88,>3d,5,0.7407,14.81,10,750000,100000,650000,65.01
PV09572,61,I20,Cardiology,80,1-3d,10,0.9604,19.21,4,75000,25000,50000,65.21
PV09573,47,K35,General Surgery,70,>3d,5,0.7329,14.66,6,500000,75000,425000,53.66
PV09574,32,I74,Vascular Surgery,92,1-3d,10,0.751,15.02,8,150000,150000,0,69.82
PV09575,58,N20,Urology,55,>3d,5,0.8781,17.56,6,400000,75000,325000,50.56
PV09576,43,K80,General Surgery,65,2-6h,25,0.9386,18.77,8,300000,150000,150000,77.77
PV09577,44,K85,General Surgery,82,1-3d,10,0.8931,17.86,8,50000,25000,25000,68.66
PV09578,32,K35,General Surgery,70,1-3d,10,0.9259,18.52,8,150000,75000,75000,64.52
PV09579,63,K35,General Surgery,70,<2h,30,0.812,16.24,4,200000,50000,150000,78.24
PV09580,79,C50,Oncology,65,6-24h,20,0.8134,16.27,2,750000,50000,700000,64.27
PV09581,60,S72,Orthopedics,76,2-6h,25,0.99,19.8,4,75000,50000,25000,79.2
PV09582,34,O72,Obstetrics,95,6-24h,20,0.989,19.78,8,1000000,75000,925000,85.78
PV09583,74,T79,Trauma,92,2-6h,25,0.8914,17.83,4,50000,50000,0,83.63
PV09584,26,I21,Cardiology,95,6-24h,20,0.9307,18.61,10,100000,75000,25000,86.61
PV09585,37,K80,General Surgery,65,6-24h,20,0.9059,18.12,8,75000,75000,0,72.12
PV09586,20,I71,Cardiovascular Surgery,99,1-3d,10,0.6994,13.99,10,750000,100000,650000,73.59
PV09587,75,N39,Urology,50,2-6h,25,0.816,16.32,2,300000,75000,225000,63.32
PV09588,21,K92,Gastroenterology,88,6-24h,20,0.9697,19.39,10,500000,200000,300000,84.59
PV09589,55,O00,Obstetrics,96,6-24h,20,0.892,17.84,6,400000,10000,390000,82.24
PV09590,31,I74,Vascular Surgery,92,6-24h,20,0.8136,16.27,8,300000,10000,290000,81.07
PV09591,32,A41,Critical Care,98,<2h,30,0.9709,19.42,8,100000,0,100000,96.62
PV09592,59,K56,General Surgery,85,>3d,5,0.8569,17.14,6,75000,10000,65000,62.14
PV09593,72,C22,Oncology,73,6-24h,20,0.8956,17.91,4,200000,0,200000,71.11
PV09594,19,K56,General Surgery,85,6-24h,20,0.8575,17.15,10,200000,10000,190000,81.15
PV09595,28,S72,Orthopedics,76,1-3d,10,0.8741,17.48,10,200000,100000,100000,67.88
PV09596,37,O72,Obstetrics,95,>3d,5,0.8813,17.63,8,1000000,100000,900000,68.63
PV09597,82,C50,Oncology,65,6-24h,20,0.95,19.0,2,75000,75000,0,67.0
PV09598,21,G93,Neurology,80,6-24h,20,0.963,19.26,10,400000,200000,200000,81.26
PV09599,30,N17,Nephrology,82,1-3d,10,0.7749,15.5,8,75000,75000,0,66.3
PV09600,45,K80,General Surgery,65,6-24h,20,0.8556,17.11,6,300000,25000,275000,69.11
PV09601,40,J18,Pulmonology,78,6-24h,20,0.9471,18.94,8,400000,10000,390000,78.14
PV09602,21,S72,Orthopedics,76,>3d,5,0.8068,16.14,10,50000,50000,0,61.54
PV09603,54,K35,General Surgery,70,>3d,5,0.6891,13.78,6,200000,200000,0,52.78
PV09604,59,A41,Critical Care,98,1-3d,10,0.7291,14.58,6,150000,150000,0,69.78
PV09605,30,S27,Trauma,88,<2h,30,0.736,14.72,8,200000,10000,190000,87.92
PV09606,64,I60,Neurosurgery,98,1-3d,10,0.7742,15.48,4,200000,10000,190000,68.68
PV09607,21,I74,Vascular Surgery,92,>3d,5,0.7454,14.91,10,200000,100000,100000,66.71
PV09608,67,S72,Orthopedics,76,>3d,5,0.9229,18.46,4,400000,200000,200000,57.86
PV09609,35,O72,Obstetrics,95,2-6h,25,0.7923,15.85,8,100000,100000,0,86.85
PV09610,33,T79,Trauma,92,2-6h,25,0.9461,18.92,8,750000,200000,550000,88.72
PV09611,31,C22,Oncology,73,2-6h,25,0.707,14.14,8,750000,25000,725000,76.34
PV09612,77,N20,Urology,55,1-3d,10,0.7847,15.69,2,200000,150000,50000,49.69
PV09613,52,I61,Neurosurgery,98,6-24h,20,0.8304,16.61,6,1000000,100000,900000,81.81
PV09614,64,S27,Trauma,88,6-24h,20,0.9011,18.02,4,100000,25000,75000,77.22
PV09615,31,N20,Urology,55,6-24h,20,0.9344,18.69,8,100000,0,100000,68.69
PV09616,21,J18,Pulmonology,78,6-24h,20,0.7662,15.32,10,100000,100000,0,76.52
PV09617,20,S72,Orthopedics,76,>3d,5,0.9193,18.39,10,500000,25000,475000,63.79
PV09618,47,S72,Orthopedics,76,6-24h,20,0.6518,13.04,6,75000,25000,50000,69.44
PV09619,40,S27,Trauma,88,6-24h,20,0.9071,18.14,8,150000,0,150000,81.34
PV09620,70,J18,Pulmonology,78,1-3d,10,0.6859,13.72,4,75000,0,75000,58.92
PV09621,71,K56,General Surgery,85,1-3d,10,0.8647,17.29,4,200000,10000,190000,65.29
PV09622,39,O00,Obstetrics,96,1-3d,10,0.9329,18.66,8,150000,0,150000,75.06
PV09623,47,A41,Critical Care,98,1-3d,10,0.9087,18.17,6,750000,200000,550000,73.37
PV09624,43,C50,Oncology,65,2-6h,25,0.6561,13.12,8,500000,0,500000,72.12
PV09625,63,G93,Neurology,80,<2h,30,0.7753,15.51,4,750000,50000,700000,81.51
PV09626,60,O00,Obstetrics,96,<2h,30,0.8917,17.83,4,200000,200000,0,90.23
PV09627,62,S36,Trauma,90,1-3d,10,0.8888,17.78,4,300000,0,300000,67.78
PV09628,21,K92,Gastroenterology,88,>3d,5,0.8476,16.95,10,750000,100000,650000,67.15
PV09629,40,C34,Oncology,74,6-24h,20,0.5998,12.0,8,500000,25000,475000,69.6
PV09630,83,S27,Trauma,88,1-3d,10,0.9398,18.8,2,1000000,25000,975000,66.0
PV09631,41,I21,Cardiology,95,1-3d,10,0.9576,19.15,8,1000000,50000,950000,75.15
PV09632,29,I21,Cardiology,95,>3d,5,0.8364,16.73,10,50000,50000,0,69.73
PV09633,31,A41,Critical Care,98,6-24h,20,0.8429,16.86,8,100000,100000,0,84.06
PV09634,19,J96,Critical Care,98,2-6h,25,0.8703,17.41,10,500000,75000,425000,91.61
PV09635,71,N20,Urology,55,1-3d,10,0.966,19.32,4,50000,0,50000,55.32
PV09636,18,O00,Obstetrics,96,1-3d,10,0.8451,16.9,10,50000,10000,40000,75.3
PV09637,58,C22,Oncology,73,1-3d,10,0.8009,16.02,6,75000,75000,0,61.22
PV09638,45,N17,Nephrology,82,>3d,5,0.8582,17.16,6,50000,25000,25000,60.96
PV09639,24,N39,Urology,50,6-24h,20,0.8189,16.38,10,400000,0,400000,66.38
PV09640,78,N17,Nephrology,82,1-3d,10,0.82,16.4,2,100000,75000,25000,61.2
PV09641,68,K85,General Surgery,82,6-24h,20,0.6434,12.87,4,1000000,25000,975000,69.67
PV09642,73,N20,Urology,55,6-24h,20,0.8723,17.45,4,75000,75000,0,63.45
PV09643,81,S72,Orthopedics,76,6-24h,20,0.9371,18.74,2,200000,200000,0,71.14
PV09644,80,I71,Cardiovascular Surgery,99,2-6h,25,0.922,18.44,2,400000,10000,390000,85.04
PV09645,65,O72,Obstetrics,95,<2h,30,0.9151,18.3,4,150000,150000,0,90.3
PV09646,54,C34,Oncology,74,1-3d,10,0.8147,16.29,6,500000,150000,350000,61.89
PV09647,65,S36,Trauma,90,>3d,5,0.8346,16.69,4,750000,100000,650000,61.69
PV09648,48,N20,Urology,55,6-24h,20,0.9391,18.78,6,400000,75000,325000,66.78
PV09649,30,C22,Oncology,73,6-24h,20,0.9067,18.13,8,400000,50000,350000,75.33
PV09650,44,S27,Trauma,88,<2h,30,0.9686,19.37,8,300000,50000,250000,92.57
PV09651,49,I71,Cardiovascular Surgery,99,6-24h,20,0.7527,15.05,6,1000000,0,1000000,80.65
PV09652,21,S27,Trauma,88,6-24h,20,0.7521,15.04,10,500000,10000,490000,80.24
PV09653,75,G93,Neurology,80,1-3d,10,0.7867,15.73,2,50000,50000,0,59.73
PV09654,79,K56,General Surgery,85,>3d,5,0.7257,14.51,2,500000,75000,425000,55.51
PV09655,46,C22,Oncology,73,6-24h,20,0.6879,13.76,6,75000,10000,65000,68.96
PV09656,51,S27,Trauma,88,1-3d,10,0.8669,17.34,6,750000,25000,725000,68.54
PV09657,75,G93,Neurology,80,1-3d,10,0.8601,17.2,2,150000,100000,50000,61.2
PV09658,48,S32,Orthopedics,82,2-6h,25,0.8446,16.89,6,400000,10000,390000,80.69
PV09659,64,S32,Orthopedics,82,6-24h,20,0.8554,17.11,4,500000,10000,490000,73.91
PV09660,53,N39,Urology,50,2-6h,25,0.6736,13.47,6,150000,150000,0,64.47
PV09661,36,K56,General Surgery,85,6-24h,20,0.772,15.44,8,1000000,50000,950000,77.44
PV09662,72,J18,Pulmonology,78,>3d,5,0.7907,15.81,4,300000,50000,250000,56.01
PV09663,31,I61,Neurosurgery,98,6-24h,20,0.8249,16.5,8,200000,0,200000,83.7
PV09664,33,I71,Cardiovascular Surgery,99,6-24h,20,0.674,13.48,8,200000,0,200000,81.08
PV09665,65,I60,Neurosurgery,98,2-6h,25,0.7272,14.54,4,150000,100000,50000,82.74
PV09666,66,C50,Oncology,65,6-24h,20,0.7764,15.53,4,75000,25000,50000,65.53
PV09667,82,C18,Oncology,72,>3d,5,0.9258,18.52,2,1000000,25000,975000,54.32
PV09668,66,K80,General Surgery,65,6-24h,20,0.8462,16.92,4,750000,10000,740000,66.92
PV09669,19,K56,General Surgery,85,1-3d,10,0.9222,18.44,10,750000,150000,600000,72.44
PV09670,75,I74,Vascular Surgery,92,<2h,30,0.8078,16.16,2,1000000,200000,800000,84.96
PV09671,46,C50,Oncology,65,2-6h,25,0.8201,16.4,6,400000,25000,375000,73.4
PV09672,18,T79,Trauma,92,6-24h,20,0.8699,17.4,10,1000000,10000,990000,84.2
PV09673,57,I20,Cardiology,80,>3d,5,0.8023,16.05,6,1000000,150000,850000,59.05
PV09674,29,I61,Neurosurgery,98,2-6h,25,0.7575,15.15,10,100000,75000,25000,89.35
PV09675,46,S27,Trauma,88,1-3d,10,0.671,13.42,6,200000,150000,50000,64.62
PV09676,50,I21,Cardiology,95,2-6h,25,0.7602,15.2,6,50000,50000,0,84.2
PV09677,23,T79,Trauma,92,1-3d,10,0.9036,18.07,10,500000,150000,350000,74.87
PV09678,75,S06,Neurosurgery,95,1-3d,10,0.9461,18.92,2,75000,10000,65000,68.92
PV09679,52,T79,Trauma,92,1-3d,10,0.7427,14.85,6,500000,75000,425000,67.65
PV09680,83,K35,General Surgery,70,6-24h,20,0.6466,12.93,2,750000,50000,700000,62.93
PV09681,49,I21,Cardiology,95,2-6h,25,0.9127,18.25,6,200000,150000,50000,87.25
PV09682,58,I20,Cardiology,80,>3d,5,0.8269,16.54,6,400000,100000,300000,59.54
PV09683,73,S72,Orthopedics,76,1-3d,10,0.6853,13.71,4,1000000,100000,900000,58.11
PV09684,32,S27,Trauma,88,2-6h,25,0.5089,10.18,8,500000,200000,300000,78.38
PV09685,79,C34,Oncology,74,6-24h,20,0.7237,14.47,2,200000,100000,100000,66.07
PV09686,30,I71,Cardiovascular Surgery,99,<2h,30,0.7737,15.47,8,1000000,100000,900000,93.07
PV09687,85,C50,Oncology,65,6-24h,20,0.7048,14.1,2,50000,50000,0,62.1
PV09688,61,S27,Trauma,88,6-24h,20,0.8892,17.78,4,100000,0,100000,76.98
PV09689,53,I71,Cardiovascular Surgery,99,2-6h,25,0.7387,14.77,6,150000,100000,50000,85.37
PV09690,32,S36,Trauma,90,6-24h,20,0.8212,16.42,8,150000,25000,125000,80.42
PV09691,56,I21,Cardiology,95,1-3d,10,0.99,19.8,6,400000,0,400000,73.8
PV09692,55,I74,Vascular Surgery,92,>3d,5,0.8317,16.63,6,500000,25000,475000,64.43
PV09693,84,J18,Pulmonology,78,1-3d,10,0.8084,16.17,2,50000,25000,25000,59.37
PV09694,74,K35,General Surgery,70,6-24h,20,0.8107,16.21,4,100000,50000,50000,68.21
PV09695,50,S06,Neurosurgery,95,1-3d,10,0.8869,17.74,6,750000,25000,725000,71.74
PV09696,44,C34,Oncology,74,6-24h,20,0.8745,17.49,8,300000,200000,100000,75.09
PV09697,44,S27,Trauma,88,1-3d,10,0.7196,14.39,8,150000,150000,0,67.59
PV09698,43,K35,General Surgery,70,<2h,30,0.7789,15.58,8,200000,0,200000,81.58
PV09699,18,K80,General Surgery,65,<2h,30,0.7533,15.07,10,400000,50000,350000,81.07
PV09700,20,S32,Orthopedics,82,1-3d,10,0.7917,15.83,10,300000,25000,275000,68.63
PV09701,69,I60,Neurosurgery,98,2-6h,25,0.99,19.8,4,750000,150000,600000,88.0
PV09702,35,A41,Critical Care,98,1-3d,10,0.8817,17.63,8,1000000,50000,950000,74.83
PV09703,45,S36,Trauma,90,1-3d,10,0.812,16.24,6,750000,100000,650000,68.24
PV09704,65,N20,Urology,55,<2h,30,0.9445,18.89,4,75000,0,75000,74.89
PV09705,59,I61,Neurosurgery,98,6-24h,20,0.8388,16.78,6,200000,100000,100000,81.98
PV09706,42,T79,Trauma,92,1-3d,10,0.6562,13.12,8,200000,50000,150000,67.92
PV09707,69,I74,Vascular Surgery,92,1-3d,10,0.9864,19.73,4,400000,200000,200000,70.53
PV09708,28,S06,Neurosurgery,95,1-3d,10,0.8044,16.09,10,1000000,0,1000000,74.09
PV09709,50,G93,Neurology,80,6-24h,20,0.5944,11.89,6,200000,25000,175000,69.89
PV09710,25,I61,Neurosurgery,98,1-3d,10,0.66,13.2,10,150000,150000,0,72.4
PV09711,54,S06,Neurosurgery,95,6-24h,20,0.9328,18.66,6,750000,10000,740000,82.66
PV09712,24,K92,Gastroenterology,88,<2h,30,0.6617,13.23,10,500000,25000,475000,88.43
PV09713,82,O00,Obstetrics,96,1-3d,10,0.9549,19.1,2,200000,25000,175000,69.5
PV09714,62,S72,Orthopedics,76,6-24h,20,0.8281,16.56,4,1000000,75000,925000,70.96
PV09715,34,C50,Oncology,65,2-6h,25,0.8914,17.83,8,150000,0,150000,76.83
PV09716,59,C18,Oncology,72,6-24h,20,0.7943,15.89,6,100000,75000,25000,70.69
PV09717,41,C18,Oncology,72,1-3d,10,0.8723,17.45,8,50000,50000,0,64.25
PV09718,53,I21,Cardiology,95,>3d,5,0.8517,17.03,6,50000,25000,25000,66.03
PV09719,29,N17,Nephrology,82,>3d,5,0.8161,16.32,10,750000,10000,740000,64.12
PV09720,52,I71,Cardiovascular Surgery,99,6-24h,20,0.7135,14.27,6,50000,25000,25000,79.87
PV09721,25,T79,Trauma,92,6-24h,20,0.8559,17.12,10,500000,100000,400000,83.92
PV09722,28,O00,Obstetrics,96,1-3d,10,0.6383,12.77,10,50000,50000,0,71.17
PV09723,57,S06,Neurosurgery,95,6-24h,20,0.9132,18.26,6,100000,75000,25000,82.26
PV09724,52,I20,Cardiology,80,6-24h,20,0.8397,16.79,6,150000,150000,0,74.79
PV09725,37,I71,Cardiovascular Surgery,99,6-24h,20,0.8664,17.33,8,100000,100000,0,84.93
PV09726,22,I71,Cardiovascular Surgery,99,1-3d,10,0.5583,11.17,10,75000,50000,25000,70.77
PV09727,46,K92,Gastroenterology,88,1-3d,10,0.7074,14.15,6,1000000,150000,850000,65.35
PV09728,80,S32,Orthopedics,82,6-24h,20,0.7694,15.39,2,200000,50000,150000,70.19
PV09729,66,G93,Neurology,80,<2h,30,0.8874,17.75,4,200000,10000,190000,83.75
PV09730,21,C34,Oncology,74,1-3d,10,0.7257,14.51,10,500000,75000,425000,64.11
PV09731,81,N39,Urology,50,1-3d,10,0.99,19.8,2,1000000,200000,800000,51.8
PV09732,46,S06,Neurosurgery,95,2-6h,25,0.7937,15.87,6,100000,50000,50000,84.87
PV09733,57,J18,Pulmonology,78,6-24h,20,0.7184,14.37,6,200000,75000,125000,71.57
PV09734,18,I71,Cardiovascular Surgery,99,>3d,5,0.8013,16.03,10,200000,100000,100000,70.63
PV09735,39,S36,Trauma,90,1-3d,10,0.7249,14.5,8,100000,100000,0,68.5
PV09736,71,J96,Critical Care,98,1-3d,10,0.7016,14.03,4,75000,0,75000,67.23
PV09737,40,A41,Critical Care,98,1-3d,10,0.9211,18.42,8,1000000,0,1000000,75.62
PV09738,29,S72,Orthopedics,76,>3d,5,0.8713,17.43,10,400000,50000,350000,62.83
PV09739,24,N39,Urology,50,6-24h,20,0.8716,17.43,10,400000,0,400000,67.43
PV09740,80,C34,Oncology,74,6-24h,20,0.9477,18.95,2,150000,150000,0,70.55
PV09741,73,K85,General Surgery,82,6-24h,20,0.8687,17.37,4,400000,100000,300000,74.17
PV09742,20,S72,Orthopedics,76,1-3d,10,0.7133,14.27,10,75000,75000,0,64.67
PV09743,80,O00,Obstetrics,96,2-6h,25,0.8909,17.82,2,75000,75000,0,83.22
PV09744,73,J96,Critical Care,98,2-6h,25,0.7073,14.15,4,1000000,50000,950000,82.35
PV09745,42,O00,Obstetrics,96,6-24h,20,0.7722,15.44,8,100000,0,100000,81.84
PV09746,62,C50,Oncology,65,1-3d,10,0.8154,16.31,4,500000,150000,350000,56.31
PV09747,35,J96,Critical Care,98,1-3d,10,0.8053,16.11,8,100000,50000,50000,73.31
PV09748,34,J18,Pulmonology,78,6-24h,20,0.6409,12.82,8,400000,50000,350000,72.02
PV09749,66,N20,Urology,55,6-24h,20,0.7232,14.46,4,400000,50000,350000,60.46
PV09750,31,O00,Obstetrics,96,1-3d,10,0.8177,16.35,8,500000,50000,450000,72.75
PV09751,42,I71,Cardiovascular Surgery,99,<2h,30,0.7589,15.18,8,1000000,200000,800000,92.78
PV09752,42,N17,Nephrology,82,1-3d,10,0.9326,18.65,8,200000,10000,190000,69.45
PV09753,28,S32,Orthopedics,82,2-6h,25,0.9497,18.99,10,750000,10000,740000,86.79
PV09754,74,A41,Critical Care,98,>3d,5,0.708,14.16,4,100000,0,100000,62.36
PV09755,63,J18,Pulmonology,78,6-24h,20,0.826,16.52,4,1000000,75000,925000,71.72
PV09756,76,C50,Oncology,65,1-3d,10,0.9783,19.57,2,200000,0,200000,57.57
PV09757,53,I74,Vascular Surgery,92,2-6h,25,0.8066,16.13,6,750000,150000,600000,83.93
PV09758,29,S36,Trauma,90,6-24h,20,0.7793,15.59,10,750000,100000,650000,81.59
PV09759,37,I20,Cardiology,80,1-3d,10,0.906,18.12,8,400000,100000,300000,68.12
PV09760,42,K85,General Surgery,82,1-3d,10,0.7926,15.85,8,1000000,50000,950000,66.65
PV09761,82,J18,Pulmonology,78,1-3d,10,0.9471,18.94,2,400000,50000,350000,62.14
PV09762,34,K35,General Surgery,70,1-3d,10,0.7605,15.21,8,400000,200000,200000,61.21
PV09763,65,N39,Urology,50,1-3d,10,0.7725,15.45,4,100000,100000,0,49.45
PV09764,26,J18,Pulmonology,78,>3d,5,0.899,17.98,10,150000,10000,140000,64.18
PV09765,83,K80,General Surgery,65,6-24h,20,0.8301,16.6,2,50000,25000,25000,64.6
PV09766,61,C18,Oncology,72,>3d,5,0.8308,16.62,4,500000,10000,490000,54.42
PV09767,47,K85,General Surgery,82,6-24h,20,0.6291,12.58,6,400000,50000,350000,71.38
PV09768,41,K85,General Surgery,82,6-24h,20,0.7847,15.69,8,400000,100000,300000,76.49
PV09769,42,N20,Urology,55,1-3d,10,0.9064,18.13,8,400000,10000,390000,58.13
PV09770,33,G93,Neurology,80,<2h,30,0.7416,14.83,8,100000,0,100000,84.83
PV09771,58,S06,Neurosurgery,95,2-6h,25,0.8901,17.8,6,1000000,50000,950000,86.8
PV09772,76,G93,Neurology,80,<2h,30,0.8468,16.94,2,200000,75000,125000,80.94
PV09773,34,T79,Trauma,92,6-24h,20,0.8,16.0,8,400000,100000,300000,80.8
PV09774,68,S06,Neurosurgery,95,1-3d,10,0.9558,19.12,4,75000,0,75000,71.12
PV09775,56,S06,Neurosurgery,95,<2h,30,0.786,15.72,6,300000,100000,200000,89.72
PV09776,70,C50,Oncology,65,2-6h,25,0.793,15.86,4,200000,10000,190000,70.86
PV09777,70,G93,Neurology,80,6-24h,20,0.7989,15.98,4,1000000,25000,975000,71.98
PV09778,20,S36,Trauma,90,6-24h,20,0.8281,16.56,10,500000,75000,425000,82.56
PV09779,19,C34,Oncology,74,2-6h,25,0.8967,17.93,10,1000000,0,1000000,82.53
PV09780,80,C22,Oncology,73,2-6h,25,0.6727,13.45,2,150000,75000,75000,69.65
PV09781,28,I74,Vascular Surgery,92,1-3d,10,0.9068,18.14,10,400000,0,400000,74.94
PV09782,57,A41,Critical Care,98,1-3d,10,0.8268,16.54,6,400000,10000,390000,71.74
PV09783,69,C22,Oncology,73,6-24h,20,0.8754,17.51,4,100000,75000,25000,70.71
PV09784,52,I71,Cardiovascular Surgery,99,6-24h,20,0.99,19.8,6,150000,25000,125000,85.4
PV09785,18,O72,Obstetrics,95,2-6h,25,0.7688,15.38,10,400000,50000,350000,88.38
PV09786,18,S72,Orthopedics,76,6-24h,20,0.6975,13.95,10,75000,25000,50000,74.35
PV09787,63,O00,Obstetrics,96,6-24h,20,0.8394,16.79,4,200000,75000,125000,79.19
PV09788,79,I71,Cardiovascular Surgery,99,>3d,5,0.8552,17.1,2,500000,10000,490000,63.7
PV09789,41,C50,Oncology,65,1-3d,10,0.9072,18.14,8,750000,10000,740000,62.14
PV09790,54,C50,Oncology,65,6-24h,20,0.7662,15.32,6,300000,200000,100000,67.32
PV09791,81,A41,Critical Care,98,2-6h,25,0.737,14.74,2,400000,25000,375000,80.94
PV09792,74,O72,Obstetrics,95,1-3d,10,0.6667,13.33,4,750000,100000,650000,65.33
PV09793,54,I60,Neurosurgery,98,>3d,5,0.6833,13.67,6,100000,0,100000,63.87
PV09794,62,A41,Critical Care,98,<2h,30,0.7784,15.57,4,400000,0,400000,88.77
PV09795,83,C22,Oncology,73,1-3d,10,0.8083,16.17,2,500000,150000,350000,57.37
PV09796,72,O00,Obstetrics,96,2-6h,25,0.99,19.8,4,750000,25000,725000,87.2
PV09797,46,C18,Oncology,72,1-3d,10,0.6507,13.01,6,400000,25000,375000,57.81
PV09798,65,I20,Cardiology,80,2-6h,25,0.8535,17.07,4,75000,10000,65000,78.07
PV09799,40,N20,Urology,55,1-3d,10,0.7474,14.95,8,50000,25000,25000,54.95
PV09800,80,S32,Orthopedics,82,6-24h,20,0.8423,16.85,2,400000,10000,390000,71.65
PV09801,24,N20,Urology,55,1-3d,10,0.7647,15.29,10,100000,100000,0,57.29
PV09802,33,O72,Obstetrics,95,1-3d,10,0.9235,18.47,8,150000,150000,0,74.47
PV09803,41,C18,Oncology,72,1-3d,10,0.9229,18.46,8,200000,0,200000,65.26
PV09804,31,I71,Cardiovascular Surgery,99,1-3d,10,0.8087,16.17,8,500000,10000,490000,73.77
PV09805,58,I20,Cardiology,80,<2h,30,0.9639,19.28,6,150000,100000,50000,87.28
PV09806,66,K56,General Surgery,85,1-3d,10,0.896,17.92,4,300000,200000,100000,65.92
PV09807,78,I20,Cardiology,80,2-6h,25,0.9593,19.19,2,200000,25000,175000,78.19
PV09808,52,I20,Cardiology,80,1-3d,10,0.8157,16.31,6,50000,50000,0,64.31
PV09809,60,K35,General Surgery,70,2-6h,25,0.9152,18.3,4,400000,0,400000,75.3
PV09810,58,N20,Urology,55,6-24h,20,0.7432,14.86,6,300000,100000,200000,62.86
PV09811,18,C22,Oncology,73,6-24h,20,0.733,14.66,10,100000,100000,0,73.86
PV09812,66,J18,Pulmonology,78,>3d,5,0.99,19.8,4,500000,50000,450000,60.0
PV09813,19,K85,General Surgery,82,1-3d,10,0.7114,14.23,10,50000,50000,0,67.03
PV09814,55,I20,Cardiology,80,2-6h,25,0.7764,15.53,6,100000,25000,75000,78.53
PV09815,85,O00,Obstetrics,96,1-3d,10,0.6302,12.6,2,100000,100000,0,63.0
PV09816,71,S06,Neurosurgery,95,2-6h,25,0.7354,14.71,4,400000,150000,250000,81.71
PV09817,52,J96,Critical Care,98,6-24h,20,0.7206,14.41,6,1000000,150000,850000,79.61
PV09818,39,C50,Oncology,65,6-24h,20,0.753,15.06,8,750000,150000,600000,69.06
PV09819,74,S72,Orthopedics,76,1-3d,10,0.85,17.0,4,75000,0,75000,61.4
PV09820,76,A41,Critical Care,98,>3d,5,0.8741,17.48,2,50000,50000,0,63.68
PV09821,43,S32,Orthopedics,82,>3d,5,0.7193,14.39,8,500000,75000,425000,60.19
PV09822,25,S06,Neurosurgery,95,2-6h,25,0.741,14.82,10,300000,0,300000,87.82
PV09823,57,A41,Critical Care,98,<2h,30,0.9284,18.57,6,150000,150000,0,93.77
PV09824,61,S72,Orthopedics,76,1-3d,10,0.99,19.8,4,750000,10000,740000,64.2
PV09825,81,I60,Neurosurgery,98,6-24h,20,0.9456,18.91,2,75000,50000,25000,80.11
PV09826,78,S36,Trauma,90,1-3d,10,0.6554,13.11,2,75000,0,75000,61.11
PV09827,33,N39,Urology,50,>3d,5,0.9389,18.78,8,200000,150000,50000,51.78
PV09828,35,K92,Gastroenterology,88,2-6h,25,0.99,19.8,8,100000,10000,90000,88.0
PV09829,85,I20,Cardiology,80,6-24h,20,0.6504,13.01,2,100000,75000,25000,67.01
PV09830,40,I74,Vascular Surgery,92,>3d,5,0.9283,18.57,8,400000,75000,325000,68.37
PV09831,49,I60,Neurosurgery,98,1-3d,10,0.8425,16.85,6,150000,0,150000,72.05
PV09832,38,T79,Trauma,92,>3d,5,0.7873,15.75,8,300000,150000,150000,65.55
PV09833,44,S36,Trauma,90,1-3d,10,0.8306,16.61,8,300000,0,300000,70.61
PV09834,56,K80,General Surgery,65,6-24h,20,0.8643,17.29,6,500000,100000,400000,69.29
PV09835,37,S06,Neurosurgery,95,1-3d,10,0.9358,18.72,8,1000000,10000,990000,74.72
PV09836,46,C50,Oncology,65,1-3d,10,0.9306,18.61,6,400000,75000,325000,60.61
PV09837,41,J18,Pulmonology,78,>3d,5,0.6693,13.39,8,100000,10000,90000,57.59
PV09838,25,N39,Urology,50,6-24h,20,0.7551,15.1,10,300000,100000,200000,65.1
PV09839,71,S06,Neurosurgery,95,6-24h,20,0.8294,16.59,4,200000,75000,125000,78.59
PV09840,78,S27,Trauma,88,6-24h,20,0.9772,19.54,2,200000,100000,100000,76.74
PV09841,51,C22,Oncology,73,6-24h,20,0.5473,10.95,6,150000,150000,0,66.15
PV09842,31,S36,Trauma,90,>3d,5,0.7589,15.18,8,50000,50000,0,64.18
PV09843,61,C34,Oncology,74,>3d,5,0.6672,13.34,4,100000,100000,0,51.94
PV09844,54,K35,General Surgery,70,1-3d,10,0.6831,13.66,6,300000,150000,150000,57.66
PV09845,55,N20,Urology,55,>3d,5,0.9186,18.37,6,50000,25000,25000,51.37
PV09846,58,I71,Cardiovascular Surgery,99,6-24h,20,0.7668,15.34,6,75000,25000,50000,80.94
PV09847,66,J18,Pulmonology,78,1-3d,10,0.5866,11.73,4,300000,100000,200000,56.93
PV09848,20,I20,Cardiology,80,1-3d,10,0.8042,16.08,10,1000000,200000,800000,68.08
PV09849,24,C34,Oncology,74,1-3d,10,0.99,19.8,10,75000,0,75000,69.4
PV09850,24,O72,Obstetrics,95,1-3d,10,0.6393,12.79,10,50000,0,50000,70.79
PV09851,28,K56,General Surgery,85,1-3d,10,0.8733,17.47,10,150000,10000,140000,71.47
PV09852,84,K85,General Surgery,82,>3d,5,0.9768,19.54,2,50000,50000,0,59.34
PV09853,67,G93,Neurology,80,6-24h,20,0.8151,16.3,4,750000,50000,700000,72.3
PV09854,63,A41,Critical Care,98,1-3d,10,0.99,19.8,4,500000,75000,425000,73.0
PV09855,65,C34,Oncology,74,2-6h,25,0.754,15.08,4,75000,25000,50000,73.68
PV09856,20,O72,Obstetrics,95,2-6h,25,0.9646,19.29,10,75000,50000,25000,92.29
PV09857,32,I74,Vascular Surgery,92,1-3d,10,0.941,18.82,8,300000,150000,150000,73.62
PV09858,72,N20,Urology,55,1-3d,10,0.8167,16.33,4,200000,50000,150000,52.33
PV09859,49,K85,General Surgery,82,>3d,5,0.6713,13.43,6,400000,50000,350000,57.23
PV09860,52,I71,Cardiovascular Surgery,99,6-24h,20,0.7198,14.4,6,1000000,0,1000000,80.0
PV09861,69,O00,Obstetrics,96,<2h,30,0.5856,11.71,4,150000,50000,100000,84.11
PV09862,23,K80,General Surgery,65,6-24h,20,0.8794,17.59,10,500000,150000,350000,73.59
PV09863,72,G93,Neurology,80,>3d,5,0.8674,17.35,4,150000,10000,140000,58.35
PV09864,64,C18,Oncology,72,>3d,5,0.8279,16.56,4,100000,25000,75000,54.36
PV09865,45,C34,Oncology,74,>3d,5,0.8077,16.15,6,1000000,25000,975000,56.75
PV09866,51,S32,Orthopedics,82,6-24h,20,0.9558,19.12,6,100000,50000,50000,77.92
PV09867,23,I71,Cardiovascular Surgery,99,>3d,5,0.8498,17.0,10,75000,75000,0,71.6
PV09868,31,J96,Critical Care,98,2-6h,25,0.7645,15.29,8,300000,150000,150000,87.49
PV09869,34,O72,Obstetrics,95,>3d,5,0.8347,16.69,8,300000,50000,250000,67.69
PV09870,77,C18,Oncology,72,1-3d,10,0.99,19.8,2,200000,75000,125000,60.6
PV09871,25,C34,Oncology,74,6-24h,20,0.8822,17.64,10,50000,50000,0,77.24
PV09872,37,K35,General Surgery,70,1-3d,10,0.781,15.62,8,75000,75000,0,61.62
PV09873,26,S32,Orthopedics,82,1-3d,10,0.8156,16.31,10,500000,75000,425000,69.11
PV09874,37,K85,General Surgery,82,6-24h,20,0.8663,17.33,8,75000,10000,65000,78.13
PV09875,18,I20,Cardiology,80,2-6h,25,0.7779,15.56,10,100000,50000,50000,82.56
PV09876,36,N20,Urology,55,1-3d,10,0.769,15.38,8,750000,25000,725000,55.38
PV09877,67,C22,Oncology,73,>3d,5,0.8189,16.38,4,150000,100000,50000,54.58
PV09878,70,C18,Oncology,72,1-3d,10,0.9719,19.44,4,150000,10000,140000,62.24
PV09879,43,O00,Obstetrics,96,2-6h,25,0.8991,17.98,8,1000000,0,1000000,89.38
PV09880,66,K56,General Surgery,85,1-3d,10,0.779,15.58,4,500000,200000,300000,63.58
PV09881,60,S36,Trauma,90,2-6h,25,0.9069,18.14,4,500000,0,500000,83.14
PV09882,79,G93,Neurology,80,6-24h,20,0.8209,16.42,2,75000,75000,0,70.42
PV09883,72,S36,Trauma,90,<2h,30,0.8545,17.09,4,100000,100000,0,87.09
PV09884,33,I60,Neurosurgery,98,6-24h,20,0.8454,16.91,8,300000,150000,150000,84.11
PV09885,58,J96,Critical Care,98,6-24h,20,0.609,12.18,6,750000,50000,700000,77.38
PV09886,71,J18,Pulmonology,78,2-6h,25,0.5153,10.31,4,300000,75000,225000,70.51
PV09887,38,C18,Oncology,72,6-24h,20,0.8427,16.85,8,500000,100000,400000,73.65
PV09888,56,C22,Oncology,73,1-3d,10,0.7347,14.69,6,150000,10000,140000,59.89
PV09889,45,K92,Gastroenterology,88,6-24h,20,0.6561,13.12,6,150000,50000,100000,74.32
PV09890,38,O00,Obstetrics,96,2-6h,25,0.7378,14.76,8,400000,50000,350000,86.16
PV09891,31,N17,Nephrology,82,1-3d,10,0.9125,18.25,8,300000,25000,275000,69.05
PV09892,20,T79,Trauma,92,1-3d,10,0.8558,17.12,10,75000,75000,0,73.92
PV09893,68,I60,Neurosurgery,98,1-3d,10,0.8972,17.94,4,150000,50000,100000,71.14
PV09894,73,J18,Pulmonology,78,6-24h,20,0.8653,17.31,4,750000,0,750000,72.51
PV09895,62,O72,Obstetrics,95,1-3d,10,0.7281,14.56,4,300000,0,300000,66.56
PV09896,34,S32,Orthopedics,82,1-3d,10,0.8977,17.95,8,500000,100000,400000,68.75
PV09897,19,T79,Trauma,92,1-3d,10,0.8786,17.57,10,750000,75000,675000,74.37
PV09898,60,C34,Oncology,74,1-3d,10,0.8083,16.17,4,100000,100000,0,59.77
PV09899,31,C34,Oncology,74,<2h,30,0.8259,16.52,8,100000,0,100000,84.12
PV09900,55,C50,Oncology,65,6-24h,20,0.8992,17.98,6,300000,25000,275000,69.98
PV09901,83,J18,Pulmonology,78,6-24h,20,0.7451,14.9,2,200000,50000,150000,68.1
PV09902,18,A41,Critical Care,98,6-24h,20,0.9288,18.58,10,1000000,100000,900000,87.78
PV09903,57,I71,Cardiovascular Surgery,99,>3d,5,0.8765,17.53,6,75000,50000,25000,68.13
PV09904,85,K80,General Surgery,65,2-6h,25,0.8202,16.4,2,200000,50000,150000,69.4
PV09905,40,C18,Oncology,72,1-3d,10,0.9731,19.46,8,50000,50000,0,66.26
PV09906,73,J96,Critical Care,98,>3d,5,0.6906,13.81,4,150000,0,150000,62.01
PV09907,74,I20,Cardiology,80,1-3d,10,0.774,15.48,4,300000,200000,100000,61.48
PV09908,51,C22,Oncology,73,2-6h,25,0.7518,15.04,6,500000,25000,475000,75.24
PV09909,38,C18,Oncology,72,>3d,5,0.8558,17.12,8,750000,0,750000,58.92
PV09910,64,A41,Critical Care,98,6-24h,20,0.9382,18.76,4,50000,50000,0,81.96
PV09911,60,K92,Gastroenterology,88,<2h,30,0.7217,14.43,4,750000,10000,740000,83.63
PV09912,50,J96,Critical Care,98,6-24h,20,0.99,19.8,6,400000,100000,300000,85.0
PV09913,31,S27,Trauma,88,6-24h,20,0.7537,15.07,8,100000,100000,0,78.27
PV09914,68,G93,Neurology,80,1-3d,10,0.8561,17.12,4,100000,50000,50000,63.12
PV09915,32,O00,Obstetrics,96,2-6h,25,0.8203,16.41,8,500000,150000,350000,87.81
PV09916,27,J96,Critical Care,98,1-3d,10,0.8246,16.49,10,400000,10000,390000,75.69
PV09917,22,I61,Neurosurgery,98,<2h,30,0.7408,14.82,10,100000,25000,75000,94.02
PV09918,48,K85,General Surgery,82,>3d,5,0.9268,18.54,6,200000,0,200000,62.34
PV09919,26,C50,Oncology,65,<2h,30,0.7346,14.69,10,750000,100000,650000,80.69
PV09920,40,N20,Urology,55,>3d,5,0.6431,12.86,8,50000,50000,0,47.86
PV09921,34,A41,Critical Care,98,<2h,30,0.7078,14.16,8,300000,150000,150000,91.36
PV09922,49,K35,General Surgery,70,>3d,5,0.9645,19.29,6,750000,25000,725000,58.29
PV09923,70,N20,Urology,55,1-3d,10,0.945,18.9,4,50000,50000,0,54.9
PV09924,48,K35,General Surgery,70,1-3d,10,0.6193,12.39,6,300000,100000,200000,56.39
PV09925,55,I60,Neurosurgery,98,<2h,30,0.9014,18.03,6,300000,75000,225000,93.23
PV09926,27,O72,Obstetrics,95,1-3d,10,0.6218,12.44,10,150000,10000,140000,70.44
PV09927,25,J18,Pulmonology,78,1-3d,10,0.8173,16.35,10,300000,150000,150000,67.55
PV09928,84,J96,Critical Care,98,1-3d,10,0.6992,13.98,2,500000,150000,350000,65.18
PV09929,60,A41,Critical Care,98,1-3d,10,0.9091,18.18,4,100000,100000,0,71.38
PV09930,19,J96,Critical Care,98,>3d,5,0.8755,17.51,10,200000,25000,175000,71.71
PV09931,56,K85,General Surgery,82,>3d,5,0.918,18.36,6,300000,75000,225000,62.16
PV09932,18,I21,Cardiology,95,1-3d,10,0.7905,15.81,10,50000,0,50000,73.81
PV09933,23,I21,Cardiology,95,2-6h,25,0.8009,16.02,10,100000,75000,25000,89.02
PV09934,43,S36,Trauma,90,2-6h,25,0.6701,13.4,8,400000,75000,325000,82.4
PV09935,62,I21,Cardiology,95,1-3d,10,0.717,14.34,4,200000,150000,50000,66.34
PV09936,60,I74,Vascular Surgery,92,>3d,5,0.9149,18.3,4,1000000,100000,900000,64.1
PV09937,71,J18,Pulmonology,78,6-24h,20,0.8567,17.13,4,750000,200000,550000,72.33
PV09938,30,I21,Cardiology,95,2-6h,25,0.8304,16.61,8,100000,100000,0,87.61
PV09939,31,C18,Oncology,72,6-24h,20,0.9462,18.92,8,1000000,10000,990000,75.72
PV09940,54,C18,Oncology,72,6-24h,20,0.69,13.8,6,750000,200000,550000,68.6
PV09941,77,J18,Pulmonology,78,>3d,5,0.892,17.84,2,200000,0,200000,56.04
PV09942,67,C18,Oncology,72,1-3d,10,0.7021,14.04,4,400000,50000,350000,56.84
PV09943,63,T79,Trauma,92,2-6h,25,0.9678,19.36,4,100000,100000,0,85.16
PV09944,24,I61,Neurosurgery,98,6-24h,20,0.8744,17.49,10,50000,50000,0,86.69
PV09945,77,K56,General Surgery,85,<2h,30,0.9165,18.33,2,100000,100000,0,84.33
PV09946,84,I74,Vascular Surgery,92,1-3d,10,0.7498,15.0,2,500000,75000,425000,63.8
PV09947,57,C50,Oncology,65,1-3d,10,0.99,19.8,6,300000,100000,200000,61.8
PV09948,40,I20,Cardiology,80,<2h,30,0.99,19.8,8,200000,75000,125000,89.8
PV09949,63,N39,Urology,50,6-24h,20,0.863,17.26,4,200000,200000,0,61.26
PV09950,61,J18,Pulmonology,78,>3d,5,0.9375,18.75,4,500000,0,500000,58.95
PV09951,81,S27,Trauma,88,1-3d,10,0.7898,15.8,2,400000,50000,350000,63.0
PV09952,25,S27,Trauma,88,1-3d,10,0.6932,13.86,10,400000,100000,300000,69.06
PV09953,53,I60,Neurosurgery,98,6-24h,20,0.8996,17.99,6,300000,50000,250000,83.19
PV09954,66,S72,Orthopedics,76,>3d,5,0.7281,14.56,4,50000,50000,0,53.96
PV09955,41,O00,Obstetrics,96,1-3d,10,0.951,19.02,8,150000,75000,75000,75.42
PV09956,75,A41,Critical Care,98,>3d,5,0.9248,18.5,2,75000,10000,65000,64.7
PV09957,22,S32,Orthopedics,82,<2h,30,0.8435,16.87,10,500000,75000,425000,89.67
PV09958,25,T79,Trauma,92,2-6h,25,0.8379,16.76,10,150000,25000,125000,88.56
PV09959,71,I74,Vascular Surgery,92,<2h,30,0.9189,18.38,4,100000,50000,50000,89.18
PV09960,26,N39,Urology,50,>3d,5,0.8475,16.95,10,200000,0,200000,51.95
PV09961,46,S06,Neurosurgery,95,1-3d,10,0.7796,15.59,6,200000,150000,50000,69.59
PV09962,37,N39,Urology,50,2-6h,25,0.6685,13.37,8,1000000,50000,950000,66.37
PV09963,64,S32,Orthopedics,82,>3d,5,0.9159,18.32,4,75000,75000,0,60.12
PV09964,18,A41,Critical Care,98,>3d,5,0.8566,17.13,10,750000,50000,700000,71.33
PV09965,42,C34,Oncology,74,6-24h,20,0.99,19.8,8,100000,100000,0,77.4
PV09966,85,I74,Vascular Surgery,92,1-3d,10,0.8104,16.21,2,750000,25000,725000,65.01
PV09967,43,S32,Orthopedics,82,1-3d,10,0.8502,17.0,8,300000,0,300000,67.8
PV09968,58,K35,General Surgery,70,<2h,30,0.8526,17.05,6,300000,50000,250000,81.05
PV09969,85,J96,Critical Care,98,1-3d,10,0.8851,17.7,2,500000,0,500000,68.9
PV09970,59,I74,Vascular Surgery,92,6-24h,20,0.7233,14.47,6,50000,50000,0,77.27
PV09971,69,K56,General Surgery,85,>3d,5,0.8123,16.25,4,500000,200000,300000,59.25
PV09972,83,I74,Vascular Surgery,92,1-3d,10,0.9028,18.06,2,500000,10000,490000,66.86
PV09973,59,C18,Oncology,72,>3d,5,0.7867,15.73,6,75000,0,75000,55.53
PV09974,74,C18,Oncology,72,1-3d,10,0.899,17.98,4,50000,50000,0,60.78
PV09975,52,N17,Nephrology,82,2-6h,25,0.8297,16.59,6,500000,100000,400000,80.39
PV09976,73,K56,General Surgery,85,6-24h,20,0.8602,17.2,4,50000,50000,0,75.2
PV09977,61,A41,Critical Care,98,1-3d,10,0.9351,18.7,4,300000,75000,225000,71.9
PV09978,41,N39,Urology,50,6-24h,20,0.7973,15.95,8,100000,75000,25000,63.95
PV09979,55,J96,Critical Care,98,1-3d,10,0.6748,13.5,6,500000,25000,475000,68.7
PV09980,40,S06,Neurosurgery,95,6-24h,20,0.7934,15.87,8,1000000,25000,975000,81.87
PV09981,45,S72,Orthopedics,76,2-6h,25,0.7374,14.75,6,750000,100000,650000,76.15
PV09982,37,I21,Cardiology,95,6-24h,20,0.6074,12.15,8,500000,200000,300000,78.15
PV09983,51,K85,General Surgery,82,1-3d,10,0.8093,16.19,6,400000,25000,375000,64.99
PV09984,41,G93,Neurology,80,6-24h,20,0.8399,16.8,8,50000,25000,25000,76.8
PV09985,60,I71,Cardiovascular Surgery,99,1-3d,10,0.9221,18.44,4,1000000,75000,925000,72.04
PV09986,43,N20,Urology,55,6-24h,20,0.7061,14.12,8,1000000,0,1000000,64.12
PV09987,51,O72,Obstetrics,95,1-3d,10,0.8289,16.58,6,50000,50000,0,70.58
PV09988,27,K85,General Surgery,82,1-3d,10,0.9328,18.66,10,500000,10000,490000,71.46
PV09989,44,C34,Oncology,74,1-3d,10,0.7625,15.25,8,75000,75000,0,62.85
PV09990,42,J18,Pulmonology,78,6-24h,20,0.8736,17.47,8,400000,200000,200000,76.67
PV09991,83,I74,Vascular Surgery,92,1-3d,10,0.9798,19.6,2,100000,100000,0,68.4
PV09992,48,A41,Critical Care,98,<2h,30,0.6338,12.68,6,75000,10000,65000,87.88
PV09993,19,N39,Urology,50,1-3d,10,0.8473,16.95,10,100000,75000,25000,56.95
PV09994,39,K56,General Surgery,85,2-6h,25,0.9363,18.73,8,150000,50000,100000,85.73
PV09995,67,K92,Gastroenterology,88,>3d,5,0.7849,15.7,4,150000,50000,100000,59.9
PV09996,29,O72,Obstetrics,95,1-3d,10,0.9587,19.17,10,150000,100000,50000,77.17
PV09997,29,C22,Oncology,73,1-3d,10,0.8834,17.67,10,200000,200000,0,66.87
PV09998,43,K85,General Surgery,82,1-3d,10,0.99,19.8,8,400000,75000,325000,70.6
PV09999,42,N17,Nephrology,82,1-3d,10,0.8782,17.56,8,200000,75000,125000,68.36
PV10000,50,C18,Oncology,72,2-6h,25,0.99,19.8,6,300000,100000,200000,79.6
